{
"type": "FeatureCollection",
"name": "regions",
"crs": { "type": "name", "properties": { "name": "urn:ogc:def:crs:OGC:1.3:CRS84" } },
"xy_coordinate_resolution": 0.001,
"features": [
{ "type": "Feature", "properties": { "code": "CA-AB" }, "geometry": { "type": "MultiPolygon", "coordinates": [ [ [ [ -109.999, 48.993 ], [ -114.064, 48.993 ], [ -114.037, 49.034 ], [ -114.148, 49.094 ], [ -114.154, 49.148 ], [ -114.376, 49.205 ], [ -114.38, 49.258 ], [ -114.426, 49.264 ], [ -114.47, 49.334 ], [ -114.578, 49.395 ], [ -114.598, 49.444 ], [ -114.576, 49.556 ], [ -114.689, 49.547 ], [ -114.744, 49.588 ], [ -114.681, 49.636 ], [ -114.625, 49.78 ], [ -114.686, 49.907 ], [ -114.683, 49.959 ], [ -114.643, 49.973 ], [ -114.661, 50.064 ], [ -114.724, 50.126 ], [ -114.79, 50.328 ], [ -114.775, 50.354 ], [ -115.0, 50.563 ], [ -115.096, 50.589 ], [ -115.221, 50.55 ], [ -115.313, 50.636 ], [ -115.287, 50.666 ], [ -115.335, 50.725 ], [ -115.391, 50.716 ], [ -115.419, 50.754 ], [ -115.647, 50.852 ], [ -115.572, 50.9 ], [ -115.62, 50.97 ], [ -115.757, 51.034 ], [ -115.779, 51.073 ], [ -115.977, 51.115 ], [ -116.018, 51.142 ], [ -116.051, 51.241 ], [ -116.257, 51.314 ], [ -116.3, 51.379 ], [ -116.296, 51.451 ], [ -116.388, 51.495 ], [ -116.405, 51.547 ], [ -116.495, 51.617 ], [ -116.576, 51.644 ], [ -116.672, 51.806 ], [ -116.764, 51.792 ], [ -116.823, 51.713 ], [ -116.938, 51.72 ], [ -117.047, 51.915 ], [ -117.27, 52.045 ], [ -117.319, 52.182 ], [ -117.376, 52.134 ], [ -117.591, 52.13 ], [ -117.754, 52.2 ], [ -117.822, 52.28 ], [ -117.742, 52.33 ], [ -117.736, 52.391 ], [ -117.891, 52.425 ], [ -117.992, 52.485 ], [ -118.045, 52.445 ], [ -118.043, 52.408 ], [ -118.227, 52.37 ], [ -118.259, 52.445 ], [ -118.207, 52.482 ], [ -118.276, 52.516 ], [ -118.279, 52.559 ], [ -118.348, 52.616 ], [ -118.306, 52.677 ], [ -118.432, 52.791 ], [ -118.421, 52.84 ], [ -118.498, 52.9 ], [ -118.624, 52.887 ], [ -118.674, 52.966 ], [ -118.672, 53.034 ], [ -118.777, 53.053 ], [ -118.751, 53.115 ], [ -118.85, 53.183 ], [ -118.997, 53.236 ], [ -119.029, 53.135 ], [ -119.263, 53.198 ], [ -119.393, 53.364 ], [ -119.606, 53.378 ], [ -119.642, 53.354 ], [ -119.742, 53.4 ], [ -119.827, 53.508 ], [ -119.905, 53.522 ], [ -119.887, 53.567 ], [ -119.927, 53.615 ], [ -119.732, 53.623 ], [ -119.808, 53.705 ], [ -119.915, 53.716 ], [ -119.904, 53.775 ], [ -119.981, 53.791 ], [ -120.001, 53.823 ], [ -120.0, 60.0 ], [ -110.0, 60.0 ], [ -109.999, 48.993 ] ] ] ] } },
{ "type": "Feature", "properties": { "code": "CA-BC" }, "geometry": { "type": "MultiPolygon", "coordinates": [ [ [ [ -130.951, 52.095 ], [ -131.065, 52.084 ], [ -131.071, 52.061 ], [ -130.992, 52.013 ], [ -131.044, 52.029 ], [ -131.01, 51.98 ], [ -131.044, 51.974 ], [ -131.024, 51.947 ], [ -131.113, 52.002 ], [ -131.088, 52.031 ], [ -131.128, 52.098 ], [ -131.109, 52.154 ], [ -130.951, 52.095 ] ] ], [ [ [ -129.435, 52.638 ], [ -129.433, 52.683 ], [ -129.4, 52.68 ], [ -129.402, 52.647 ], [ -129.435, 52.638 ] ] ], [ [ [ -131.674, 52.707 ], [ -131.555, 52.7 ], [ -131.469, 52.734 ], [ -131.453, 52.645 ], [ -131.51, 52.632 ], [ -131.593, 52.666 ], [ -131.555, 52.615 ], [ -131.602, 52.595 ], [ -131.702, 52.721 ], [ -131.565, 52.727 ], [ -131.657, 52.722 ], [ -131.674, 52.707 ] ] ], [ [ [ -131.175, 52.124 ], [ -131.277, 52.241 ], [ -131.237, 52.136 ], [ -131.28, 52.132 ], [ -131.346, 52.235 ], [ -131.38, 52.203 ], [ -131.517, 52.33 ], [ -131.558, 52.33 ], [ -131.538, 52.358 ], [ -131.575, 52.354 ], [ -131.586, 52.389 ], [ -131.512, 52.409 ], [ -131.604, 52.423 ], [ -131.658, 52.478 ], [ -131.883, 52.576 ], [ -131.928, 52.649 ], [ -132.086, 52.734 ], [ -132.045, 52.765 ], [ -131.969, 52.727 ], [ -132.004, 52.783 ], [ -131.922, 52.727 ], [ -131.939, 52.773 ], [ -132.086, 52.858 ], [ -132.061, 52.803 ], [ -132.134, 52.755 ], [ -132.24, 52.834 ], [ -132.223, 52.865 ], [ -132.289, 52.883 ], [ -132.342, 52.942 ], [ -132.26, 52.958 ], [ -132.18, 52.927 ], [ -132.202, 52.968 ], [ -132.141, 52.933 ], [ -132.161, 52.968 ], [ -132.114, 53.001 ], [ -132.339, 53.043 ], [ -132.489, 53.032 ], [ -132.566, 53.146 ], [ -132.373, 53.133 ], [ -132.295, 53.161 ], [ -132.247, 53.152 ], [ -132.066, 53.161 ], [ -131.941, 53.228 ], [ -131.798, 53.256 ], [ -131.765, 53.199 ], [ -131.784, 53.166 ], [ -131.641, 53.111 ], [ -131.596, 53.042 ], [ -131.829, 53.077 ], [ -132.004, 53.064 ], [ -131.941, 53.039 ], [ -131.922, 52.987 ], [ -131.837, 53.05 ], [ -131.626, 52.998 ], [ -131.595, 52.977 ], [ -131.613, 52.927 ], [ -131.695, 52.877 ], [ -131.8, 52.875 ], [ -131.922, 52.94 ], [ -131.949, 52.933 ], [ -131.894, 52.913 ], [ -131.984, 52.878 ], [ -131.874, 52.885 ], [ -131.852, 52.867 ], [ -131.878, 52.831 ], [ -131.829, 52.803 ], [ -131.661, 52.806 ], [ -131.853, 52.768 ], [ -131.805, 52.755 ], [ -131.84, 52.714 ], [ -131.73, 52.701 ], [ -131.692, 52.654 ], [ -131.709, 52.625 ], [ -131.62, 52.573 ], [ -131.661, 52.542 ], [ -131.469, 52.508 ], [ -131.483, 52.485 ], [ -131.414, 52.454 ], [ -131.449, 52.392 ], [ -131.398, 52.39 ], [ -131.408, 52.358 ], [ -131.352, 52.364 ], [ -131.346, 52.426 ], [ -131.248, 52.447 ], [ -131.304, 52.376 ], [ -131.255, 52.355 ], [ -131.36, 52.344 ], [ -131.318, 52.282 ], [ -131.216, 52.261 ], [ -131.257, 52.303 ], [ -131.163, 52.32 ], [ -131.085, 52.276 ], [ -131.181, 52.235 ], [ -131.01, 52.227 ], [ -131.052, 52.169 ], [ -131.113, 52.172 ], [ -131.148, 52.213 ], [ -131.175, 52.124 ] ] ], [ [ [ -131.654, 52.838 ], [ -131.808, 52.815 ], [ -131.838, 52.841 ], [ -131.654, 52.838 ] ] ], [ [ [ -132.383, 53.004 ], [ -132.23, 52.995 ], [ -132.202, 52.984 ], [ -132.324, 52.969 ], [ -132.383, 53.004 ] ] ], [ [ [ -129.53, 52.965 ], [ -129.621, 52.958 ], [ -129.653, 53.022 ], [ -129.572, 53.02 ], [ -129.53, 52.965 ] ] ], [ [ [ -129.534, 53.013 ], [ -129.57, 53.036 ], [ -129.688, 53.064 ], [ -129.564, 53.056 ], [ -129.516, 53.036 ], [ -129.534, 53.013 ] ] ], [ [ [ -129.375, 52.995 ], [ -129.48, 53.112 ], [ -129.515, 53.1 ], [ -129.503, 53.118 ], [ -129.552, 53.143 ], [ -129.534, 53.185 ], [ -129.461, 53.187 ], [ -129.315, 53.053 ], [ -129.291, 52.982 ], [ -129.375, 52.995 ] ] ], [ [ [ -129.589, 53.072 ], [ -129.743, 53.132 ], [ -129.668, 53.137 ], [ -129.589, 53.072 ] ] ], [ [ [ -129.748, 53.17 ], [ -129.817, 53.187 ], [ -129.928, 53.164 ], [ -130.01, 53.248 ], [ -130.076, 53.269 ], [ -130.094, 53.323 ], [ -130.222, 53.385 ], [ -130.315, 53.393 ], [ -130.414, 53.499 ], [ -130.338, 53.516 ], [ -130.45, 53.517 ], [ -130.527, 53.553 ], [ -130.515, 53.63 ], [ -130.261, 53.581 ], [ -129.929, 53.433 ], [ -129.743, 53.235 ], [ -129.748, 53.17 ] ] ], [ [ [ -130.625, 53.482 ], [ -130.592, 53.496 ], [ -130.587, 53.466 ], [ -130.625, 53.482 ] ] ], [ [ [ -130.196, 53.917 ], [ -129.831, 53.735 ], [ -129.516, 53.488 ], [ -129.616, 53.499 ], [ -129.639, 53.482 ], [ -129.499, 53.475 ], [ -129.427, 53.435 ], [ -129.337, 53.361 ], [ -129.329, 53.263 ], [ -129.361, 53.246 ], [ -129.43, 53.336 ], [ -129.459, 53.295 ], [ -129.513, 53.311 ], [ -129.483, 53.224 ], [ -129.585, 53.224 ], [ -129.66, 53.344 ], [ -129.797, 53.378 ], [ -129.831, 53.413 ], [ -129.821, 53.471 ], [ -129.897, 53.478 ], [ -129.872, 53.536 ], [ -129.927, 53.563 ], [ -129.886, 53.585 ], [ -129.941, 53.591 ], [ -129.913, 53.611 ], [ -130.03, 53.582 ], [ -130.058, 53.608 ], [ -129.978, 53.643 ], [ -129.872, 53.639 ], [ -129.946, 53.664 ], [ -130.076, 53.638 ], [ -130.099, 53.708 ], [ -130.212, 53.737 ], [ -130.215, 53.817 ], [ -130.291, 53.838 ], [ -130.267, 53.886 ], [ -130.196, 53.917 ] ] ], [ [ [ -132.71, 53.262 ], [ -132.538, 53.327 ], [ -132.758, 53.317 ], [ -132.703, 53.378 ], [ -132.519, 53.362 ], [ -132.415, 53.297 ], [ -132.4, 53.33 ], [ -132.529, 53.417 ], [ -132.661, 53.44 ], [ -132.671, 53.491 ], [ -132.707, 53.451 ], [ -132.758, 53.461 ], [ -132.736, 53.516 ], [ -132.862, 53.467 ], [ -132.826, 53.523 ], [ -132.929, 53.523 ], [ -132.908, 53.568 ], [ -132.977, 53.557 ], [ -132.991, 53.59 ], [ -132.9, 53.589 ], [ -132.891, 53.62 ], [ -133.011, 53.687 ], [ -132.931, 53.69 ], [ -132.984, 53.718 ], [ -132.984, 53.77 ], [ -133.11, 53.787 ], [ -133.065, 53.817 ], [ -133.144, 53.897 ], [ -133.101, 54.002 ], [ -133.038, 54.044 ], [ -133.087, 54.105 ], [ -133.041, 54.165 ], [ -133.073, 54.167 ], [ -133.053, 54.183 ], [ -132.834, 54.128 ], [ -132.676, 54.146 ], [ -132.576, 54.118 ], [ -132.566, 54.044 ], [ -132.675, 53.969 ], [ -132.661, 53.941 ], [ -132.568, 53.982 ], [ -132.545, 54.04 ], [ -132.407, 54.099 ], [ -132.284, 54.108 ], [ -132.23, 54.031 ], [ -132.161, 54.008 ], [ -132.117, 53.872 ], [ -132.241, 53.777 ], [ -132.658, 53.691 ], [ -132.598, 53.671 ], [ -132.607, 53.632 ], [ -132.552, 53.666 ], [ -132.497, 53.646 ], [ -132.353, 53.673 ], [ -132.484, 53.577 ], [ -132.271, 53.639 ], [ -132.328, 53.649 ], [ -132.319, 53.673 ], [ -132.202, 53.655 ], [ -132.159, 53.7 ], [ -132.194, 53.774 ], [ -132.079, 53.892 ], [ -132.13, 54.011 ], [ -132.182, 54.044 ], [ -131.916, 54.04 ], [ -131.709, 54.118 ], [ -131.661, 54.167 ], [ -131.693, 53.992 ], [ -131.864, 53.8 ], [ -131.933, 53.619 ], [ -131.908, 53.358 ], [ -131.984, 53.261 ], [ -132.278, 53.215 ], [ -132.127, 53.201 ], [ -132.196, 53.159 ], [ -132.315, 53.198 ], [ -132.324, 53.165 ], [ -132.415, 53.146 ], [ -132.47, 53.152 ], [ -132.466, 53.187 ], [ -132.503, 53.167 ], [ -132.579, 53.207 ], [ -132.552, 53.235 ], [ -132.71, 53.262 ] ] ], [ [ [ -130.277, 53.804 ], [ -130.222, 53.776 ], [ -130.217, 53.718 ], [ -130.125, 53.696 ], [ -130.092, 53.57 ], [ -130.332, 53.624 ], [ -130.406, 53.687 ], [ -130.291, 53.755 ], [ -130.277, 53.804 ] ] ], [ [ [ -130.438, 53.757 ], [ -130.609, 53.797 ], [ -130.617, 53.823 ], [ -130.51, 53.826 ], [ -130.42, 53.783 ], [ -130.438, 53.757 ] ] ], [ [ [ -130.489, 53.899 ], [ -130.676, 53.961 ], [ -130.701, 53.92 ], [ -130.622, 53.856 ], [ -130.715, 53.858 ], [ -130.724, 53.92 ], [ -130.674, 53.989 ], [ -130.422, 54.1 ], [ -130.338, 54.071 ], [ -130.229, 53.954 ], [ -130.362, 53.836 ], [ -130.406, 53.838 ], [ -130.424, 53.872 ], [ -130.479, 53.844 ], [ -130.491, 53.878 ], [ -130.396, 53.962 ], [ -130.331, 53.968 ], [ -130.338, 53.995 ], [ -130.447, 53.982 ], [ -130.489, 53.899 ] ] ], [ [ [ -130.242, 54.196 ], [ -130.186, 54.18 ], [ -130.156, 54.142 ], [ -130.243, 54.123 ], [ -130.27, 54.153 ], [ -130.242, 54.196 ] ] ], [ [ [ -130.79, 54.162 ], [ -130.756, 54.215 ], [ -130.649, 54.145 ], [ -130.654, 54.118 ], [ -130.79, 54.162 ] ] ], [ [ [ -133.0, 54.19 ], [ -133.077, 54.224 ], [ -133.076, 54.246 ], [ -132.969, 54.24 ], [ -133.0, 54.19 ] ] ], [ [ [ -130.365, 54.242 ], [ -130.469, 54.304 ], [ -130.462, 54.318 ], [ -130.421, 54.332 ], [ -130.38, 54.304 ], [ -130.353, 54.268 ], [ -130.365, 54.242 ] ] ], [ [ [ -130.334, 54.32 ], [ -130.277, 54.332 ], [ -130.253, 54.311 ], [ -130.298, 54.254 ], [ -130.338, 54.256 ], [ -130.334, 54.32 ] ] ], [ [ [ -130.701, 54.414 ], [ -130.691, 54.367 ], [ -130.76, 54.362 ], [ -130.756, 54.394 ], [ -130.701, 54.414 ] ] ], [ [ [ -130.728, 54.438 ], [ -130.87, 54.435 ], [ -130.861, 54.455 ], [ -130.79, 54.494 ], [ -130.728, 54.438 ] ] ], [ [ [ -130.969, 54.462 ], [ -130.931, 54.623 ], [ -130.757, 54.634 ], [ -130.743, 54.606 ], [ -130.777, 54.55 ], [ -130.969, 54.462 ] ] ], [ [ [ -131.099, 54.628 ], [ -131.05, 54.606 ], [ -131.091, 54.582 ], [ -131.099, 54.628 ] ] ], [ [ [ -130.202, 54.79 ], [ -130.24, 54.731 ], [ -130.378, 54.698 ], [ -130.233, 54.803 ], [ -130.202, 54.79 ] ] ], [ [ [ -130.51, 54.805 ], [ -130.434, 54.769 ], [ -130.462, 54.712 ], [ -130.535, 54.706 ], [ -130.615, 54.765 ], [ -130.51, 54.805 ] ] ], [ [ [ -130.204, 55.021 ], [ -130.167, 55.017 ], [ -130.158, 54.948 ], [ -130.27, 54.832 ], [ -130.409, 54.767 ], [ -130.462, 54.832 ], [ -130.204, 55.021 ] ] ], [ [ [ -126.618, 49.631 ], [ -126.679, 49.592 ], [ -126.807, 49.627 ], [ -126.974, 49.736 ], [ -126.856, 49.78 ], [ -126.987, 49.815 ], [ -126.801, 49.881 ], [ -126.691, 49.857 ], [ -126.618, 49.631 ] ] ], [ [ [ -127.272, 49.978 ], [ -127.311, 50.026 ], [ -127.232, 50.013 ], [ -127.272, 49.978 ] ] ], [ [ [ -126.615, 50.553 ], [ -126.671, 50.59 ], [ -126.518, 50.576 ], [ -126.53, 50.565 ], [ -126.615, 50.553 ] ] ], [ [ [ -126.833, 50.625 ], [ -126.897, 50.621 ], [ -127.15, 50.64 ], [ -127.107, 50.671 ], [ -126.895, 50.666 ], [ -126.833, 50.625 ] ] ], [ [ [ -128.572, 50.803 ], [ -128.616, 50.783 ], [ -128.639, 50.805 ], [ -128.604, 50.82 ], [ -128.572, 50.803 ] ] ], [ [ [ -126.892, 50.829 ], [ -126.826, 50.836 ], [ -126.793, 50.807 ], [ -126.771, 50.836 ], [ -126.641, 50.85 ], [ -126.562, 50.802 ], [ -126.796, 50.775 ], [ -126.892, 50.829 ] ] ], [ [ [ -128.655, 50.809 ], [ -128.692, 50.802 ], [ -128.715, 50.824 ], [ -128.702, 50.837 ], [ -128.655, 50.809 ] ] ], [ [ [ -127.674, 50.838 ], [ -127.817, 50.869 ], [ -127.835, 50.889 ], [ -127.713, 50.913 ], [ -127.669, 50.88 ], [ -127.674, 50.838 ] ] ], [ [ [ -127.84, 50.903 ], [ -127.981, 50.907 ], [ -127.983, 50.917 ], [ -127.861, 50.936 ], [ -127.84, 50.903 ] ] ], [ [ [ -127.542, 51.052 ], [ -127.612, 51.075 ], [ -127.527, 51.084 ], [ -127.542, 51.052 ] ] ], [ [ [ -127.918, 51.421 ], [ -128.086, 51.487 ], [ -128.145, 51.59 ], [ -128.139, 51.658 ], [ -128.01, 51.724 ], [ -127.876, 51.474 ], [ -127.918, 51.421 ] ] ], [ [ [ -128.248, 51.864 ], [ -128.196, 51.916 ], [ -128.222, 51.954 ], [ -128.159, 52.035 ], [ -127.953, 52.049 ], [ -127.953, 51.987 ], [ -128.036, 51.844 ], [ -128.018, 51.772 ], [ -128.135, 51.747 ], [ -128.138, 51.864 ], [ -128.248, 51.864 ] ] ], [ [ [ -128.445, 51.898 ], [ -128.479, 51.907 ], [ -128.487, 51.954 ], [ -128.417, 52.003 ], [ -128.445, 51.898 ] ] ], [ [ [ -128.291, 52.125 ], [ -128.237, 52.187 ], [ -128.145, 52.194 ], [ -128.163, 52.073 ], [ -128.207, 52.022 ], [ -128.248, 52.022 ], [ -128.291, 52.125 ] ] ], [ [ [ -127.889, 52.171 ], [ -127.961, 52.083 ], [ -128.07, 52.08 ], [ -128.123, 52.152 ], [ -127.889, 52.171 ] ] ], [ [ [ -128.304, 52.131 ], [ -128.33, 52.148 ], [ -128.34, 52.079 ], [ -128.384, 52.098 ], [ -128.358, 52.145 ], [ -128.442, 52.123 ], [ -128.43, 52.154 ], [ -128.522, 52.158 ], [ -128.447, 52.238 ], [ -128.247, 52.229 ], [ -128.228, 52.213 ], [ -128.304, 52.131 ] ] ], [ [ [ -127.277, 52.289 ], [ -127.577, 52.186 ], [ -127.693, 52.068 ], [ -127.718, 51.988 ], [ -127.902, 51.968 ], [ -127.842, 52.168 ], [ -127.751, 52.25 ], [ -127.512, 52.313 ], [ -127.432, 52.387 ], [ -127.259, 52.435 ], [ -127.207, 52.351 ], [ -127.277, 52.289 ] ] ], [ [ [ -128.055, 52.303 ], [ -127.961, 52.296 ], [ -127.916, 52.183 ], [ -128.071, 52.182 ], [ -128.087, 52.216 ], [ -128.022, 52.251 ], [ -128.173, 52.255 ], [ -128.055, 52.303 ] ] ], [ [ [ -128.68, 52.268 ], [ -128.728, 52.323 ], [ -128.764, 52.45 ], [ -128.673, 52.488 ], [ -128.687, 52.467 ], [ -128.618, 52.454 ], [ -128.613, 52.377 ], [ -128.68, 52.268 ] ] ], [ [ [ -128.472, 52.488 ], [ -128.516, 52.434 ], [ -128.699, 52.518 ], [ -128.72, 52.488 ], [ -128.817, 52.522 ], [ -128.801, 52.547 ], [ -128.7, 52.522 ], [ -128.739, 52.591 ], [ -128.583, 52.6 ], [ -128.551, 52.665 ], [ -128.472, 52.488 ] ] ], [ [ [ -128.466, 52.383 ], [ -128.399, 52.467 ], [ -128.436, 52.526 ], [ -128.452, 52.631 ], [ -128.424, 52.715 ], [ -128.447, 52.741 ], [ -128.372, 52.796 ], [ -128.319, 52.688 ], [ -128.282, 52.489 ], [ -128.379, 52.378 ], [ -128.466, 52.383 ] ] ], [ [ [ -128.981, 52.454 ], [ -129.014, 52.53 ], [ -129.043, 52.518 ], [ -129.119, 52.566 ], [ -129.119, 52.611 ], [ -129.184, 52.627 ], [ -129.228, 52.68 ], [ -129.194, 52.68 ], [ -129.276, 52.727 ], [ -129.275, 52.825 ], [ -129.102, 52.743 ], [ -128.93, 52.614 ], [ -128.932, 52.499 ], [ -128.981, 52.454 ] ] ], [ [ [ -128.324, 52.775 ], [ -128.173, 52.824 ], [ -128.275, 52.603 ], [ -128.324, 52.775 ] ] ], [ [ [ -128.485, 52.865 ], [ -128.456, 52.789 ], [ -128.481, 52.783 ], [ -128.478, 52.707 ], [ -128.517, 52.654 ], [ -128.536, 52.766 ], [ -128.51, 52.863 ], [ -128.485, 52.865 ] ] ], [ [ [ -129.368, 52.845 ], [ -129.312, 52.839 ], [ -129.329, 52.8 ], [ -129.366, 52.814 ], [ -129.368, 52.845 ] ] ], [ [ [ -129.045, 52.735 ], [ -129.036, 52.762 ], [ -129.102, 52.806 ], [ -129.125, 52.868 ], [ -129.017, 52.859 ], [ -129.071, 52.893 ], [ -128.989, 52.934 ], [ -128.948, 52.999 ], [ -128.838, 53.036 ], [ -129.015, 53.146 ], [ -128.992, 53.096 ], [ -128.865, 53.036 ], [ -128.94, 53.022 ], [ -129.1, 52.903 ], [ -129.177, 52.937 ], [ -129.19, 53.023 ], [ -129.159, 53.074 ], [ -129.119, 53.07 ], [ -129.079, 53.111 ], [ -129.078, 53.303 ], [ -128.905, 53.293 ], [ -128.622, 53.156 ], [ -128.539, 53.02 ], [ -128.522, 52.933 ], [ -128.605, 52.666 ], [ -128.577, 52.659 ], [ -128.595, 52.614 ], [ -128.755, 52.604 ], [ -128.743, 52.764 ], [ -128.648, 52.916 ], [ -128.664, 52.971 ], [ -128.669, 52.908 ], [ -128.749, 52.913 ], [ -128.728, 52.854 ], [ -128.779, 52.73 ], [ -128.76, 52.669 ], [ -128.804, 52.701 ], [ -128.891, 52.66 ], [ -129.045, 52.735 ] ] ], [ [ [ -129.334, 53.202 ], [ -129.249, 53.283 ], [ -129.276, 53.331 ], [ -129.198, 53.322 ], [ -129.14, 53.105 ], [ -129.277, 53.092 ], [ -129.331, 53.132 ], [ -129.334, 53.202 ] ] ], [ [ [ -128.921, 53.338 ], [ -129.104, 53.319 ], [ -129.148, 53.364 ], [ -128.997, 53.544 ], [ -128.906, 53.391 ], [ -128.921, 53.338 ] ] ], [ [ [ -129.16, 53.627 ], [ -129.038, 53.692 ], [ -128.824, 53.708 ], [ -128.868, 53.668 ], [ -128.884, 53.576 ], [ -128.981, 53.585 ], [ -129.094, 53.509 ], [ -129.091, 53.45 ], [ -129.166, 53.385 ], [ -129.16, 53.627 ] ] ], [ [ [ -123.303, 48.597 ], [ -123.337, 48.648 ], [ -123.28, 48.601 ], [ -123.303, 48.597 ] ] ], [ [ [ -123.323, 48.813 ], [ -123.187, 48.736 ], [ -123.307, 48.765 ], [ -123.323, 48.813 ] ] ], [ [ [ -123.204, 48.784 ], [ -123.224, 48.833 ], [ -123.042, 48.784 ], [ -123.102, 48.762 ], [ -123.204, 48.784 ] ] ], [ [ [ -123.44, 48.722 ], [ -123.541, 48.746 ], [ -123.534, 48.801 ], [ -123.572, 48.85 ], [ -123.547, 48.862 ], [ -123.596, 48.952 ], [ -123.431, 48.842 ], [ -123.496, 48.846 ], [ -123.369, 48.774 ], [ -123.458, 48.767 ], [ -123.44, 48.722 ] ] ], [ [ [ -123.697, 49.109 ], [ -123.547, 48.976 ], [ -123.334, 48.903 ], [ -123.317, 48.87 ], [ -123.369, 48.862 ], [ -123.531, 48.942 ], [ -123.654, 49.034 ], [ -123.697, 49.109 ] ] ], [ [ [ -123.697, 49.148 ], [ -123.843, 49.151 ], [ -123.87, 49.19 ], [ -123.697, 49.148 ] ] ], [ [ [ -125.962, 49.153 ], [ -126.012, 49.159 ], [ -126.035, 49.202 ], [ -125.945, 49.198 ], [ -125.962, 49.153 ] ] ], [ [ [ -125.842, 49.134 ], [ -125.915, 49.176 ], [ -125.901, 49.226 ], [ -125.797, 49.227 ], [ -125.801, 49.144 ], [ -125.842, 49.134 ] ] ], [ [ [ -126.048, 49.267 ], [ -126.224, 49.277 ], [ -126.231, 49.379 ], [ -126.108, 49.384 ], [ -126.048, 49.267 ] ] ], [ [ [ -123.416, 49.337 ], [ -123.418, 49.381 ], [ -123.315, 49.413 ], [ -123.359, 49.343 ], [ -123.416, 49.337 ] ] ], [ [ [ -124.172, 49.464 ], [ -124.352, 49.475 ], [ -124.379, 49.507 ], [ -124.251, 49.504 ], [ -124.172, 49.464 ] ] ], [ [ [ -123.44, 49.521 ], [ -123.362, 49.541 ], [ -123.324, 49.462 ], [ -123.452, 49.445 ], [ -123.44, 49.521 ] ] ], [ [ [ -124.594, 49.522 ], [ -124.672, 49.497 ], [ -124.703, 49.538 ], [ -124.594, 49.522 ] ] ], [ [ [ -124.825, 49.54 ], [ -124.827, 49.603 ], [ -124.691, 49.483 ], [ -124.746, 49.488 ], [ -124.825, 49.54 ] ] ], [ [ [ -123.357, 48.401 ], [ -123.437, 48.445 ], [ -123.551, 48.313 ], [ -123.654, 48.314 ], [ -124.438, 48.526 ], [ -124.401, 48.565 ], [ -124.486, 48.54 ], [ -124.665, 48.573 ], [ -125.094, 48.73 ], [ -125.185, 48.801 ], [ -125.011, 48.892 ], [ -124.984, 48.956 ], [ -124.847, 49.02 ], [ -124.779, 49.152 ], [ -124.808, 49.247 ], [ -124.828, 49.12 ], [ -124.888, 49.014 ], [ -125.086, 48.979 ], [ -125.147, 48.999 ], [ -125.24, 48.955 ], [ -125.336, 48.972 ], [ -125.261, 49.028 ], [ -125.343, 49.041 ], [ -125.366, 48.987 ], [ -125.489, 48.919 ], [ -125.736, 49.053 ], [ -125.872, 49.09 ], [ -125.692, 49.133 ], [ -125.613, 49.206 ], [ -125.747, 49.148 ], [ -125.741, 49.267 ], [ -125.802, 49.253 ], [ -125.775, 49.37 ], [ -125.844, 49.267 ], [ -125.901, 49.274 ], [ -125.956, 49.233 ], [ -126.028, 49.274 ], [ -125.951, 49.32 ], [ -125.912, 49.438 ], [ -126.014, 49.322 ], [ -126.076, 49.384 ], [ -126.055, 49.445 ], [ -126.186, 49.404 ], [ -126.255, 49.451 ], [ -126.297, 49.363 ], [ -126.448, 49.471 ], [ -126.487, 49.438 ], [ -126.464, 49.396 ], [ -126.528, 49.379 ], [ -126.573, 49.414 ], [ -126.563, 49.587 ], [ -126.453, 49.636 ], [ -126.337, 49.631 ], [ -126.092, 49.67 ], [ -126.195, 49.681 ], [ -126.324, 49.648 ], [ -126.453, 49.674 ], [ -126.487, 49.695 ], [ -126.411, 49.778 ], [ -126.467, 49.792 ], [ -126.494, 49.719 ], [ -126.573, 49.707 ], [ -126.605, 49.732 ], [ -126.65, 49.898 ], [ -126.726, 49.882 ], [ -126.844, 49.973 ], [ -126.803, 49.928 ], [ -126.839, 49.888 ], [ -126.892, 49.891 ], [ -126.919, 49.973 ], [ -126.936, 49.867 ], [ -127.142, 49.867 ], [ -127.238, 49.962 ], [ -127.164, 50.071 ], [ -127.089, 50.111 ], [ -127.097, 50.151 ], [ -127.19, 50.096 ], [ -127.285, 50.151 ], [ -127.283, 50.062 ], [ -127.363, 50.033 ], [ -127.467, 50.09 ], [ -127.419, 50.13 ], [ -127.488, 50.13 ], [ -127.426, 50.179 ], [ -127.463, 50.187 ], [ -127.614, 50.119 ], [ -127.636, 50.145 ], [ -127.611, 50.185 ], [ -127.65, 50.178 ], [ -127.796, 50.083 ], [ -127.898, 50.114 ], [ -127.897, 50.143 ], [ -127.747, 50.243 ], [ -127.851, 50.281 ], [ -127.809, 50.322 ], [ -127.968, 50.342 ], [ -127.926, 50.462 ], [ -127.591, 50.486 ], [ -127.447, 50.377 ], [ -127.562, 50.521 ], [ -127.419, 50.603 ], [ -127.546, 50.57 ], [ -127.615, 50.603 ], [ -127.878, 50.63 ], [ -127.799, 50.589 ], [ -127.635, 50.58 ], [ -127.593, 50.544 ], [ -127.951, 50.477 ], [ -128.05, 50.496 ], [ -128.06, 50.453 ], [ -128.218, 50.53 ], [ -128.248, 50.597 ], [ -128.32, 50.61 ], [ -128.339, 50.647 ], [ -128.278, 50.669 ], [ -128.373, 50.682 ], [ -128.417, 50.772 ], [ -128.077, 50.87 ], [ -127.882, 50.867 ], [ -127.518, 50.78 ], [ -127.474, 50.699 ], [ -127.405, 50.747 ], [ -127.421, 50.729 ], [ -127.35, 50.679 ], [ -126.987, 50.588 ], [ -126.977, 50.563 ], [ -126.857, 50.559 ], [ -126.864, 50.53 ], [ -126.766, 50.544 ], [ -126.595, 50.48 ], [ -126.556, 50.501 ], [ -126.193, 50.47 ], [ -125.958, 50.395 ], [ -125.74, 50.356 ], [ -125.589, 50.371 ], [ -125.454, 50.329 ], [ -125.35, 50.144 ], [ -125.37, 50.139 ], [ -125.259, 50.065 ], [ -125.178, 49.925 ], [ -124.882, 49.725 ], [ -124.876, 49.677 ], [ -124.976, 49.668 ], [ -124.795, 49.473 ], [ -124.545, 49.377 ], [ -124.159, 49.31 ], [ -124.109, 49.28 ], [ -124.178, 49.26 ], [ -123.978, 49.241 ], [ -123.931, 49.144 ], [ -123.813, 49.119 ], [ -123.751, 49.028 ], [ -123.765, 48.988 ], [ -123.835, 49.0 ], [ -123.58, 48.822 ], [ -123.602, 48.797 ], [ -123.568, 48.794 ], [ -123.573, 48.746 ], [ -123.651, 48.753 ], [ -123.527, 48.678 ], [ -123.535, 48.54 ], [ -123.472, 48.575 ], [ -123.479, 48.636 ], [ -123.437, 48.65 ], [ -123.472, 48.685 ], [ -123.399, 48.682 ], [ -123.346, 48.523 ], [ -123.281, 48.448 ], [ -123.357, 48.401 ] ] ], [ [ [ -124.654, 49.788 ], [ -124.348, 49.704 ], [ -124.123, 49.5 ], [ -124.439, 49.612 ], [ -124.473, 49.672 ], [ -124.664, 49.747 ], [ -124.654, 49.788 ] ] ], [ [ [ -124.205, 49.705 ], [ -124.02, 49.781 ], [ -124.109, 49.678 ], [ -124.164, 49.66 ], [ -124.205, 49.705 ] ] ], [ [ [ -124.996, 50.232 ], [ -124.929, 50.169 ], [ -124.891, 50.069 ], [ -124.986, 50.014 ], [ -125.06, 50.115 ], [ -124.98, 50.189 ], [ -124.996, 50.232 ] ] ], [ [ [ -125.212, 50.075 ], [ -125.324, 50.143 ], [ -125.349, 50.242 ], [ -125.336, 50.274 ], [ -125.263, 50.294 ], [ -125.166, 50.206 ], [ -125.185, 50.144 ], [ -125.228, 50.121 ], [ -125.178, 50.083 ], [ -125.163, 49.993 ], [ -125.212, 50.075 ] ] ], [ [ [ -124.965, 50.249 ], [ -124.917, 50.303 ], [ -124.816, 50.274 ], [ -124.816, 50.212 ], [ -124.754, 50.168 ], [ -124.843, 50.122 ], [ -124.869, 50.166 ], [ -124.829, 50.185 ], [ -124.926, 50.2 ], [ -124.965, 50.249 ] ] ], [ [ [ -124.808, 50.232 ], [ -124.725, 50.305 ], [ -124.661, 50.263 ], [ -124.665, 50.191 ], [ -124.731, 50.168 ], [ -124.723, 50.293 ], [ -124.757, 50.219 ], [ -124.808, 50.232 ] ] ], [ [ [ -125.329, 50.343 ], [ -125.288, 50.437 ], [ -125.171, 50.391 ], [ -125.048, 50.206 ], [ -125.083, 50.206 ], [ -125.142, 50.126 ], [ -125.136, 50.232 ], [ -125.212, 50.322 ], [ -125.398, 50.308 ], [ -125.394, 50.35 ], [ -125.329, 50.343 ] ] ], [ [ [ -125.338, 50.412 ], [ -125.448, 50.354 ], [ -125.545, 50.378 ], [ -125.5, 50.401 ], [ -125.478, 50.43 ], [ -125.34, 50.453 ], [ -125.338, 50.412 ] ] ], [ [ [ -125.743, 50.377 ], [ -125.783, 50.397 ], [ -125.547, 50.443 ], [ -125.502, 50.414 ], [ -125.743, 50.377 ] ] ], [ [ [ -125.739, 50.429 ], [ -125.965, 50.438 ], [ -125.806, 50.475 ], [ -125.739, 50.429 ] ] ], [ [ [ -126.227, 50.569 ], [ -126.448, 50.519 ], [ -126.625, 50.535 ], [ -126.325, 50.605 ], [ -126.227, 50.569 ] ] ], [ [ [ -126.364, 50.619 ], [ -126.5, 50.579 ], [ -126.559, 50.603 ], [ -126.364, 50.619 ] ] ], [ [ [ -126.618, 50.672 ], [ -126.398, 50.808 ], [ -126.272, 50.83 ], [ -126.179, 50.751 ], [ -126.288, 50.655 ], [ -126.618, 50.672 ] ] ], [ [ [ -114.064, 48.993 ], [ -122.753, 48.993 ], [ -122.853, 49.017 ], [ -122.868, 49.08 ], [ -122.907, 49.088 ], [ -123.033, 49.051 ], [ -123.035, 48.992 ], [ -123.091, 48.993 ], [ -123.143, 49.061 ], [ -123.041, 49.151 ], [ -123.123, 49.116 ], [ -123.212, 49.13 ], [ -123.198, 49.206 ], [ -123.138, 49.196 ], [ -123.247, 49.275 ], [ -123.143, 49.28 ], [ -123.162, 49.3 ], [ -123.139, 49.309 ], [ -122.961, 49.282 ], [ -122.892, 49.334 ], [ -122.856, 49.442 ], [ -122.878, 49.457 ], [ -122.938, 49.326 ], [ -123.021, 49.307 ], [ -123.27, 49.335 ], [ -123.294, 49.37 ], [ -123.245, 49.411 ], [ -123.251, 49.523 ], [ -123.212, 49.65 ], [ -123.154, 49.693 ], [ -123.171, 49.705 ], [ -123.247, 49.658 ], [ -123.256, 49.593 ], [ -123.503, 49.505 ], [ -123.473, 49.435 ], [ -123.534, 49.388 ], [ -123.886, 49.477 ], [ -124.061, 49.631 ], [ -124.064, 49.678 ], [ -124.02, 49.733 ], [ -123.939, 49.744 ], [ -123.835, 49.634 ], [ -123.777, 49.505 ], [ -123.76, 49.61 ], [ -123.59, 49.654 ], [ -123.534, 49.705 ], [ -123.795, 49.644 ], [ -123.928, 49.764 ], [ -123.884, 49.901 ], [ -123.945, 49.945 ], [ -123.954, 49.99 ], [ -123.808, 50.041 ], [ -123.755, 50.094 ], [ -123.828, 50.158 ], [ -123.993, 50.22 ], [ -123.808, 50.103 ], [ -123.993, 50.011 ], [ -123.989, 49.934 ], [ -123.911, 49.87 ], [ -123.938, 49.829 ], [ -124.001, 49.812 ], [ -124.037, 49.925 ], [ -124.082, 49.808 ], [ -124.274, 49.774 ], [ -124.283, 49.747 ], [ -124.513, 49.798 ], [ -124.532, 49.844 ], [ -124.732, 49.954 ], [ -124.829, 50.055 ], [ -124.685, 49.986 ], [ -124.704, 50.041 ], [ -124.672, 50.083 ], [ -124.705, 50.103 ], [ -124.628, 50.169 ], [ -124.603, 50.24 ], [ -124.713, 50.331 ], [ -124.66, 50.392 ], [ -124.534, 50.397 ], [ -124.411, 50.446 ], [ -124.359, 50.509 ], [ -124.504, 50.438 ], [ -124.672, 50.431 ], [ -124.83, 50.318 ], [ -124.952, 50.328 ], [ -124.952, 50.392 ], [ -125.007, 50.432 ], [ -124.995, 50.36 ], [ -125.082, 50.325 ], [ -125.057, 50.477 ], [ -124.97, 50.501 ], [ -124.87, 50.583 ], [ -124.864, 50.672 ], [ -124.824, 50.735 ], [ -124.91, 50.794 ], [ -124.787, 50.885 ], [ -124.814, 50.927 ], [ -124.861, 50.927 ], [ -124.918, 50.844 ], [ -124.986, 50.808 ], [ -124.9, 50.735 ], [ -124.908, 50.627 ], [ -125.178, 50.419 ], [ -125.243, 50.467 ], [ -125.244, 50.504 ], [ -125.325, 50.474 ], [ -125.357, 50.543 ], [ -125.432, 50.466 ], [ -125.577, 50.471 ], [ -125.541, 50.506 ], [ -125.517, 50.651 ], [ -125.425, 50.713 ], [ -125.455, 50.72 ], [ -125.556, 50.666 ], [ -125.577, 50.552 ], [ -125.622, 50.522 ], [ -125.613, 50.479 ], [ -125.67, 50.439 ], [ -125.795, 50.494 ], [ -125.74, 50.52 ], [ -125.787, 50.532 ], [ -126.008, 50.472 ], [ -126.281, 50.519 ], [ -126.228, 50.544 ], [ -126.179, 50.52 ], [ -126.179, 50.576 ], [ -125.939, 50.63 ], [ -126.244, 50.597 ], [ -126.269, 50.63 ], [ -125.716, 50.679 ], [ -125.62, 50.758 ], [ -125.645, 50.855 ], [ -125.56, 50.866 ], [ -125.507, 50.939 ], [ -125.563, 51.055 ], [ -125.637, 51.104 ], [ -125.583, 50.967 ], [ -125.542, 50.939 ], [ -125.679, 50.87 ], [ -125.686, 50.829 ], [ -125.648, 50.782 ], [ -125.767, 50.706 ], [ -125.921, 50.685 ], [ -125.985, 50.715 ], [ -126.212, 50.675 ], [ -126.21, 50.709 ], [ -126.031, 50.789 ], [ -126.179, 50.781 ], [ -126.184, 50.868 ], [ -126.489, 50.817 ], [ -126.547, 50.837 ], [ -126.562, 50.877 ], [ -126.499, 50.922 ], [ -126.223, 50.905 ], [ -126.173, 50.939 ], [ -126.459, 50.952 ], [ -126.515, 51.076 ], [ -126.552, 51.005 ], [ -126.535, 50.942 ], [ -126.674, 50.878 ], [ -126.846, 50.943 ], [ -126.899, 50.907 ], [ -127.166, 50.939 ], [ -127.156, 50.915 ], [ -126.922, 50.872 ], [ -127.022, 50.822 ], [ -127.214, 50.877 ], [ -127.255, 50.918 ], [ -127.429, 50.943 ], [ -127.424, 50.983 ], [ -127.531, 51.004 ], [ -127.481, 51.11 ], [ -127.662, 51.097 ], [ -127.777, 51.167 ], [ -127.79, 51.233 ], [ -127.571, 51.301 ], [ -127.221, 51.289 ], [ -127.138, 51.323 ], [ -127.117, 51.399 ], [ -127.176, 51.336 ], [ -127.282, 51.302 ], [ -127.515, 51.317 ], [ -127.464, 51.353 ], [ -127.484, 51.358 ], [ -127.752, 51.322 ], [ -127.778, 51.365 ], [ -127.552, 51.471 ], [ -127.512, 51.607 ], [ -127.468, 51.628 ], [ -127.044, 51.669 ], [ -126.677, 51.646 ], [ -126.603, 51.714 ], [ -126.666, 51.803 ], [ -126.644, 51.72 ], [ -126.699, 51.665 ], [ -127.096, 51.704 ], [ -127.259, 51.686 ], [ -127.35, 51.714 ], [ -127.423, 51.672 ], [ -127.447, 51.686 ], [ -127.433, 51.755 ], [ -127.362, 51.78 ], [ -127.35, 51.87 ], [ -127.394, 51.784 ], [ -127.453, 51.775 ], [ -127.493, 51.699 ], [ -127.646, 51.7 ], [ -127.467, 51.662 ], [ -127.559, 51.619 ], [ -127.59, 51.577 ], [ -127.572, 51.528 ], [ -127.623, 51.478 ], [ -127.714, 51.458 ], [ -127.762, 51.494 ], [ -127.659, 51.515 ], [ -127.803, 51.538 ], [ -127.803, 51.604 ], [ -127.826, 51.599 ], [ -127.874, 51.673 ], [ -127.883, 51.866 ], [ -127.85, 51.92 ], [ -127.666, 51.96 ], [ -127.638, 52.084 ], [ -127.583, 52.128 ], [ -127.468, 52.141 ], [ -127.489, 52.098 ], [ -127.577, 52.094 ], [ -127.624, 52.029 ], [ -127.55, 52.082 ], [ -127.43, 52.089 ], [ -127.405, 52.104 ], [ -127.452, 52.182 ], [ -127.148, 52.319 ], [ -126.998, 52.298 ], [ -126.943, 52.253 ], [ -126.947, 52.213 ], [ -126.711, 52.047 ], [ -126.672, 51.987 ], [ -126.672, 52.047 ], [ -126.751, 52.128 ], [ -126.885, 52.195 ], [ -126.939, 52.306 ], [ -126.875, 52.358 ], [ -126.734, 52.371 ], [ -126.785, 52.397 ], [ -127.042, 52.338 ], [ -127.152, 52.351 ], [ -127.19, 52.388 ], [ -127.228, 52.523 ], [ -126.982, 52.645 ], [ -126.926, 52.734 ], [ -126.97, 52.829 ], [ -127.076, 52.885 ], [ -127.017, 52.814 ], [ -126.987, 52.711 ], [ -127.259, 52.553 ], [ -127.269, 52.469 ], [ -127.452, 52.412 ], [ -127.617, 52.299 ], [ -127.755, 52.282 ], [ -127.714, 52.358 ], [ -127.737, 52.354 ], [ -127.801, 52.256 ], [ -127.872, 52.22 ], [ -127.933, 52.316 ], [ -127.847, 52.371 ], [ -127.919, 52.45 ], [ -127.888, 52.515 ], [ -127.926, 52.447 ], [ -127.903, 52.385 ], [ -127.968, 52.323 ], [ -128.016, 52.347 ], [ -128.064, 52.406 ], [ -128.053, 52.485 ], [ -127.984, 52.522 ], [ -127.934, 52.506 ], [ -127.878, 52.584 ], [ -128.092, 52.513 ], [ -128.297, 52.276 ], [ -128.392, 52.296 ], [ -128.226, 52.461 ], [ -128.242, 52.57 ], [ -128.126, 52.753 ], [ -128.132, 52.873 ], [ -128.029, 52.917 ], [ -128.138, 52.927 ], [ -128.248, 52.803 ], [ -128.443, 52.828 ], [ -128.497, 52.895 ], [ -128.536, 53.08 ], [ -128.495, 53.097 ], [ -128.557, 53.129 ], [ -128.481, 53.146 ], [ -128.576, 53.15 ], [ -128.662, 53.242 ], [ -128.68, 53.193 ], [ -128.849, 53.279 ], [ -128.884, 53.326 ], [ -128.845, 53.372 ], [ -128.888, 53.377 ], [ -128.886, 53.427 ], [ -128.831, 53.488 ], [ -128.918, 53.459 ], [ -128.974, 53.557 ], [ -128.865, 53.536 ], [ -128.789, 53.57 ], [ -128.749, 53.495 ], [ -128.673, 53.454 ], [ -128.694, 53.488 ], [ -128.639, 53.475 ], [ -128.498, 53.387 ], [ -128.494, 53.344 ], [ -128.482, 53.398 ], [ -128.508, 53.413 ], [ -128.38, 53.447 ], [ -128.352, 53.482 ], [ -128.127, 53.451 ], [ -128.07, 53.399 ], [ -128.104, 53.338 ], [ -128.051, 53.374 ], [ -127.977, 53.342 ], [ -127.953, 53.265 ], [ -127.871, 53.228 ], [ -127.933, 53.289 ], [ -127.933, 53.338 ], [ -128.03, 53.382 ], [ -128.111, 53.488 ], [ -128.374, 53.504 ], [ -128.421, 53.453 ], [ -128.529, 53.434 ], [ -128.808, 53.615 ], [ -128.775, 53.798 ], [ -128.693, 53.821 ], [ -128.678, 53.859 ], [ -128.474, 53.841 ], [ -128.694, 53.899 ], [ -128.598, 54.03 ], [ -128.682, 54.001 ], [ -128.933, 53.776 ], [ -128.906, 53.845 ], [ -128.947, 53.81 ], [ -128.94, 53.865 ], [ -129.009, 53.899 ], [ -128.978, 53.867 ], [ -128.973, 53.778 ], [ -129.002, 53.762 ], [ -129.064, 53.81 ], [ -129.033, 53.749 ], [ -129.228, 53.633 ], [ -129.262, 53.523 ], [ -129.242, 53.447 ], [ -129.29, 53.385 ], [ -129.615, 53.577 ], [ -129.803, 53.755 ], [ -129.996, 53.852 ], [ -129.961, 53.889 ], [ -130.02, 53.876 ], [ -130.105, 53.947 ], [ -130.092, 54.081 ], [ -130.05, 54.156 ], [ -129.961, 54.167 ], [ -129.838, 54.03 ], [ -129.715, 53.954 ], [ -129.927, 54.187 ], [ -129.838, 54.222 ], [ -129.637, 54.181 ], [ -129.475, 54.235 ], [ -129.518, 54.247 ], [ -129.595, 54.2 ], [ -129.829, 54.242 ], [ -130.125, 54.161 ], [ -130.281, 54.214 ], [ -130.293, 54.237 ], [ -130.195, 54.263 ], [ -130.239, 54.287 ], [ -130.249, 54.406 ], [ -130.272, 54.358 ], [ -130.349, 54.334 ], [ -130.483, 54.374 ], [ -130.465, 54.444 ], [ -130.38, 54.461 ], [ -130.435, 54.502 ], [ -130.431, 54.568 ], [ -130.38, 54.578 ], [ -130.431, 54.633 ], [ -130.363, 54.612 ], [ -130.053, 54.337 ], [ -129.959, 54.322 ], [ -130.085, 54.392 ], [ -130.063, 54.479 ], [ -129.981, 54.515 ], [ -130.064, 54.502 ], [ -130.101, 54.426 ], [ -130.212, 54.493 ], [ -130.372, 54.664 ], [ -130.234, 54.711 ], [ -130.085, 54.674 ], [ -130.012, 54.62 ], [ -129.88, 54.621 ], [ -129.99, 54.631 ], [ -130.076, 54.693 ], [ -130.202, 54.729 ], [ -130.153, 54.825 ], [ -130.05, 54.893 ], [ -130.174, 54.845 ], [ -130.022, 54.974 ], [ -129.957, 54.957 ], [ -129.989, 54.92 ], [ -129.825, 54.995 ], [ -129.641, 54.99 ], [ -129.626, 55.01 ], [ -130.001, 55.022 ], [ -129.639, 55.441 ], [ -129.476, 55.464 ], [ -129.635, 55.462 ], [ -129.713, 55.421 ], [ -129.825, 55.619 ], [ -129.777, 55.479 ], [ -129.838, 55.373 ], [ -129.79, 55.4 ], [ -129.811, 55.38 ], [ -129.786, 55.357 ], [ -130.056, 55.009 ], [ -130.125, 55.005 ], [ -130.167, 55.085 ], [ -129.949, 55.293 ], [ -130.094, 55.553 ], [ -130.081, 55.685 ], [ -130.131, 55.736 ], [ -129.961, 55.921 ], [ -130.02, 55.908 ], [ -130.019, 56.002 ], [ -130.072, 56.084 ], [ -130.404, 56.122 ], [ -130.472, 56.225 ], [ -130.646, 56.262 ], [ -130.76, 56.345 ], [ -131.101, 56.408 ], [ -131.56, 56.594 ], [ -131.826, 56.593 ], [ -131.83, 56.665 ], [ -131.886, 56.737 ], [ -131.872, 56.793 ], [ -132.107, 56.859 ], [ -132.032, 57.028 ], [ -132.341, 57.08 ], [ -132.231, 57.197 ], [ -133.075, 58.008 ], [ -133.166, 58.147 ], [ -133.415, 58.331 ], [ -133.43, 58.372 ], [ -133.392, 58.404 ], [ -133.626, 58.546 ], [ -133.831, 58.718 ], [ -134.222, 58.843 ], [ -134.317, 58.904 ], [ -134.33, 58.963 ], [ -134.399, 58.975 ], [ -134.387, 59.037 ], [ -134.451, 59.098 ], [ -134.611, 59.145 ], [ -134.692, 59.235 ], [ -134.958, 59.281 ], [ -135.016, 59.336 ], [ -134.993, 59.382 ], [ -135.096, 59.419 ], [ -135.023, 59.477 ], [ -135.019, 59.559 ], [ -135.465, 59.79 ], [ -135.924, 59.667 ], [ -136.35, 59.592 ], [ -136.245, 59.528 ], [ -136.32, 59.459 ], [ -136.468, 59.462 ], [ -136.467, 59.288 ], [ -136.569, 59.172 ], [ -136.841, 59.148 ], [ -137.487, 58.9 ], [ -137.509, 58.915 ], [ -137.484, 58.992 ], [ -137.611, 59.239 ], [ -138.599, 59.754 ], [ -138.705, 59.898 ], [ -139.06, 60.0 ], [ -120.0, 60.0 ], [ -120.001, 53.823 ], [ -119.981, 53.791 ], [ -119.904, 53.775 ], [ -119.915, 53.716 ], [ -119.808, 53.705 ], [ -119.732, 53.623 ], [ -119.927, 53.615 ], [ -119.887, 53.567 ], [ -119.905, 53.522 ], [ -119.827, 53.508 ], [ -119.742, 53.4 ], [ -119.642, 53.354 ], [ -119.606, 53.378 ], [ -119.393, 53.364 ], [ -119.263, 53.198 ], [ -119.029, 53.135 ], [ -118.997, 53.236 ], [ -118.85, 53.183 ], [ -118.751, 53.115 ], [ -118.777, 53.053 ], [ -118.672, 53.034 ], [ -118.674, 52.966 ], [ -118.624, 52.887 ], [ -118.498, 52.9 ], [ -118.421, 52.84 ], [ -118.432, 52.791 ], [ -118.306, 52.677 ], [ -118.348, 52.616 ], [ -118.279, 52.559 ], [ -118.276, 52.516 ], [ -118.207, 52.482 ], [ -118.259, 52.445 ], [ -118.227, 52.37 ], [ -118.043, 52.408 ], [ -118.045, 52.445 ], [ -117.992, 52.485 ], [ -117.891, 52.425 ], [ -117.736, 52.391 ], [ -117.742, 52.33 ], [ -117.822, 52.28 ], [ -117.754, 52.2 ], [ -117.591, 52.13 ], [ -117.376, 52.134 ], [ -117.319, 52.182 ], [ -117.27, 52.045 ], [ -117.047, 51.915 ], [ -116.938, 51.72 ], [ -116.823, 51.713 ], [ -116.764, 51.792 ], [ -116.672, 51.806 ], [ -116.576, 51.644 ], [ -116.495, 51.617 ], [ -116.405, 51.547 ], [ -116.388, 51.495 ], [ -116.296, 51.451 ], [ -116.3, 51.379 ], [ -116.257, 51.314 ], [ -116.051, 51.241 ], [ -116.018, 51.142 ], [ -115.977, 51.115 ], [ -115.779, 51.073 ], [ -115.757, 51.034 ], [ -115.62, 50.97 ], [ -115.572, 50.9 ], [ -115.647, 50.852 ], [ -115.419, 50.754 ], [ -115.391, 50.716 ], [ -115.335, 50.725 ], [ -115.287, 50.666 ], [ -115.313, 50.636 ], [ -115.221, 50.55 ], [ -115.096, 50.589 ], [ -115.0, 50.563 ], [ -114.775, 50.354 ], [ -114.79, 50.328 ], [ -114.724, 50.126 ], [ -114.661, 50.064 ], [ -114.643, 49.973 ], [ -114.683, 49.959 ], [ -114.686, 49.907 ], [ -114.625, 49.78 ], [ -114.681, 49.636 ], [ -114.744, 49.588 ], [ -114.689, 49.547 ], [ -114.576, 49.556 ], [ -114.598, 49.444 ], [ -114.578, 49.395 ], [ -114.47, 49.334 ], [ -114.426, 49.264 ], [ -114.38, 49.258 ], [ -114.376, 49.205 ], [ -114.225, 49.186 ], [ -114.154, 49.148 ], [ -114.132, 49.08 ], [ -114.037, 49.034 ], [ -114.064, 48.993 ] ] ] ] } },
{ "type": "Feature", "properties": { "code": "CA-MB" }, "geometry": { "type": "MultiPolygon", "coordinates": [ [ [ [ -95.162, 49.001 ], [ -101.364, 48.993 ], [ -102.001, 55.816 ], [ -102.002, 60.0 ], [ -94.803, 60.0 ], [ -94.821, 59.948 ], [ -94.773, 59.79 ], [ -94.819, 59.639 ], [ -94.759, 59.567 ], [ -94.793, 59.526 ], [ -94.724, 59.444 ], [ -94.739, 59.348 ], [ -94.66, 59.359 ], [ -94.772, 59.298 ], [ -94.793, 59.094 ], [ -94.967, 59.086 ], [ -94.999, 59.053 ], [ -94.804, 59.063 ], [ -94.807, 59.018 ], [ -94.724, 59.004 ], [ -94.683, 58.95 ], [ -94.746, 58.833 ], [ -94.608, 58.882 ], [ -94.485, 58.82 ], [ -94.437, 58.724 ], [ -94.362, 58.719 ], [ -94.204, 58.806 ], [ -94.238, 58.734 ], [ -94.208, 58.684 ], [ -94.309, 58.575 ], [ -94.287, 58.437 ], [ -94.334, 58.381 ], [ -94.362, 58.223 ], [ -94.232, 58.401 ], [ -94.247, 58.591 ], [ -94.143, 58.737 ], [ -94.177, 58.779 ], [ -93.496, 58.774 ], [ -93.465, 58.718 ], [ -93.409, 58.705 ], [ -93.326, 58.76 ], [ -93.156, 58.744 ], [ -93.123, 58.513 ], [ -92.808, 58.076 ], [ -92.757, 57.866 ], [ -92.786, 57.839 ], [ -92.731, 57.826 ], [ -92.559, 57.586 ], [ -92.559, 57.545 ], [ -92.457, 57.449 ], [ -92.424, 57.354 ], [ -92.44, 57.253 ], [ -92.597, 57.048 ], [ -92.705, 56.955 ], [ -92.882, 56.915 ], [ -92.677, 56.942 ], [ -92.491, 57.038 ], [ -92.218, 57.063 ], [ -92.471, 56.935 ], [ -92.337, 56.96 ], [ -92.224, 57.021 ], [ -91.031, 57.265 ], [ -90.586, 57.23 ], [ -90.409, 57.187 ], [ -89.963, 57.004 ], [ -89.394, 56.928 ], [ -89.036, 56.843 ], [ -88.947, 56.853 ], [ -91.378, 55.316 ], [ -93.62, 53.747 ], [ -95.154, 52.821 ], [ -95.162, 49.001 ] ] ] ] } },
{ "type": "Feature", "properties": { "code": "CA-NB" }, "geometry": { "type": "MultiPolygon", "coordinates": [ [ [ [ -66.826, 44.788 ], [ -66.732, 44.769 ], [ -66.761, 44.755 ], [ -66.69, 44.62 ], [ -66.783, 44.661 ], [ -66.906, 44.606 ], [ -66.826, 44.788 ] ] ], [ [ [ -66.921, 44.85 ], [ -66.982, 44.872 ], [ -66.905, 44.956 ], [ -66.893, 44.906 ], [ -66.921, 44.85 ] ] ], [ [ [ -66.986, 44.926 ], [ -67.017, 44.979 ], [ -66.939, 45.025 ], [ -66.986, 44.926 ] ] ], [ [ [ -67.176, 45.179 ], [ -67.267, 45.203 ], [ -67.319, 45.154 ], [ -67.471, 45.266 ], [ -67.429, 45.387 ], [ -67.493, 45.493 ], [ -67.426, 45.533 ], [ -67.431, 45.598 ], [ -67.608, 45.62 ], [ -67.807, 45.713 ], [ -67.773, 45.828 ], [ -67.799, 45.876 ], [ -67.758, 45.919 ], [ -67.785, 45.96 ], [ -67.814, 47.082 ], [ -67.993, 47.223 ], [ -68.246, 47.361 ], [ -68.348, 47.359 ], [ -68.386, 47.302 ], [ -68.518, 47.305 ], [ -68.89, 47.191 ], [ -69.04, 47.249 ], [ -69.064, 47.291 ], [ -68.584, 47.422 ], [ -68.408, 47.536 ], [ -68.379, 47.588 ], [ -68.378, 47.928 ], [ -68.113, 47.928 ], [ -68.113, 47.998 ], [ -67.613, 47.998 ], [ -67.606, 47.938 ], [ -67.364, 47.839 ], [ -67.32, 47.896 ], [ -67.188, 47.885 ], [ -67.05, 47.929 ], [ -66.962, 47.895 ], [ -66.939, 47.968 ], [ -66.894, 47.992 ], [ -66.732, 47.987 ], [ -66.386, 48.075 ], [ -66.355, 48.069 ], [ -66.345, 48.021 ], [ -66.238, 47.985 ], [ -65.772, 47.883 ], [ -65.69, 47.725 ], [ -65.629, 47.671 ], [ -65.669, 47.656 ], [ -65.636, 47.622 ], [ -65.591, 47.669 ], [ -65.477, 47.684 ], [ -65.209, 47.82 ], [ -65.026, 47.85 ], [ -64.978, 47.842 ], [ -65.073, 47.78 ], [ -64.826, 47.815 ], [ -64.79, 47.771 ], [ -64.86, 47.753 ], [ -64.764, 47.708 ], [ -64.736, 47.764 ], [ -64.669, 47.732 ], [ -64.813, 47.677 ], [ -64.814, 47.622 ], [ -64.892, 47.562 ], [ -64.909, 47.52 ], [ -64.874, 47.52 ], [ -64.929, 47.451 ], [ -64.868, 47.486 ], [ -64.909, 47.355 ], [ -64.909, 47.403 ], [ -64.96, 47.345 ], [ -64.96, 47.294 ], [ -65.043, 47.275 ], [ -65.123, 47.203 ], [ -65.368, 47.088 ], [ -65.203, 47.095 ], [ -65.206, 47.047 ], [ -65.032, 47.095 ], [ -64.985, 47.06 ], [ -64.909, 47.093 ], [ -64.8, 47.082 ], [ -64.826, 47.064 ], [ -64.806, 46.985 ], [ -64.906, 46.887 ], [ -64.881, 46.807 ], [ -64.792, 46.725 ], [ -64.839, 46.717 ], [ -64.854, 46.676 ], [ -64.833, 46.699 ], [ -64.751, 46.67 ], [ -64.749, 46.7 ], [ -64.714, 46.687 ], [ -64.717, 46.556 ], [ -64.678, 46.501 ], [ -64.711, 46.48 ], [ -64.613, 46.419 ], [ -64.628, 46.354 ], [ -64.704, 46.328 ], [ -64.575, 46.339 ], [ -64.559, 46.369 ], [ -64.523, 46.322 ], [ -64.564, 46.28 ], [ -64.559, 46.224 ], [ -64.253, 46.234 ], [ -64.151, 46.166 ], [ -63.973, 46.183 ], [ -63.771, 46.115 ], [ -63.895, 46.06 ], [ -64.073, 46.06 ], [ -64.093, 46.033 ], [ -64.051, 45.977 ], [ -64.16, 45.964 ], [ -64.273, 45.836 ], [ -64.361, 45.885 ], [ -64.34, 45.861 ], [ -64.495, 45.721 ], [ -64.546, 45.732 ], [ -64.491, 45.817 ], [ -64.531, 45.847 ], [ -64.531, 45.902 ], [ -64.572, 45.886 ], [ -64.679, 45.991 ], [ -64.704, 46.062 ], [ -64.765, 46.087 ], [ -64.572, 45.861 ], [ -64.676, 45.752 ], [ -64.641, 45.724 ], [ -64.69, 45.724 ], [ -64.772, 45.614 ], [ -64.905, 45.628 ], [ -64.994, 45.559 ], [ -65.315, 45.459 ], [ -65.752, 45.244 ], [ -65.793, 45.265 ], [ -65.929, 45.213 ], [ -66.136, 45.313 ], [ -66.002, 45.399 ], [ -66.01, 45.464 ], [ -66.095, 45.354 ], [ -66.197, 45.334 ], [ -66.06, 45.258 ], [ -66.202, 45.159 ], [ -66.249, 45.205 ], [ -66.31, 45.205 ], [ -66.328, 45.19 ], [ -66.249, 45.185 ], [ -66.259, 45.162 ], [ -66.441, 45.08 ], [ -66.491, 45.156 ], [ -66.693, 45.075 ], [ -66.725, 45.094 ], [ -66.79, 45.059 ], [ -66.8, 45.108 ], [ -66.889, 45.061 ], [ -66.911, 45.114 ], [ -66.848, 45.128 ], [ -66.943, 45.19 ], [ -67.021, 45.168 ], [ -67.04, 45.076 ], [ -67.177, 45.229 ], [ -67.176, 45.179 ] ] ], [ [ [ -64.477, 47.944 ], [ -64.539, 47.807 ], [ -64.649, 47.732 ], [ -64.697, 47.759 ], [ -64.649, 47.79 ], [ -64.69, 47.794 ], [ -64.681, 47.861 ], [ -64.52, 47.874 ], [ -64.477, 47.944 ] ] ], [ [ [ -64.484, 48.02 ], [ -64.487, 47.941 ], [ -64.59, 47.903 ], [ -64.526, 48.021 ], [ -64.484, 48.02 ] ] ] ] } },
{ "type": "Feature", "properties": { "code": "CA-NL" }, "geometry": { "type": "MultiPolygon", "coordinates": [ [ [ [ -57.299, 54.249 ], [ -57.341, 54.247 ], [ -57.368, 54.269 ], [ -57.292, 54.284 ], [ -57.321, 54.269 ], [ -57.299, 54.249 ] ] ], [ [ [ -57.857, 54.803 ], [ -58.022, 54.756 ], [ -58.157, 54.764 ], [ -58.227, 54.871 ], [ -58.176, 54.859 ], [ -57.945, 54.927 ], [ -57.988, 54.804 ], [ -57.93, 54.828 ], [ -57.885, 54.807 ], [ -57.87, 54.834 ], [ -57.844, 54.825 ], [ -57.857, 54.803 ] ] ], [ [ [ -64.381, 60.245 ], [ -64.637, 60.293 ], [ -64.759, 60.238 ], [ -64.557, 60.27 ], [ -64.463, 60.238 ], [ -64.566, 60.176 ], [ -64.416, 60.223 ], [ -64.395, 60.217 ], [ -64.429, 60.197 ], [ -64.381, 60.17 ], [ -64.498, 60.115 ], [ -64.463, 60.088 ], [ -64.632, 60.072 ], [ -64.828, 59.991 ], [ -64.587, 60.06 ], [ -64.452, 60.066 ], [ -64.377, 60.13 ], [ -64.375, 60.081 ], [ -64.414, 60.071 ], [ -64.374, 60.04 ], [ -64.393, 60.014 ], [ -64.54, 60.011 ], [ -64.417, 59.985 ], [ -64.402, 59.941 ], [ -64.518, 59.903 ], [ -64.369, 59.927 ], [ -64.306, 59.998 ], [ -64.224, 59.998 ], [ -64.303, 60.01 ], [ -64.326, 60.06 ], [ -64.183, 60.032 ], [ -64.148, 59.984 ], [ -64.299, 59.944 ], [ -64.183, 59.916 ], [ -64.258, 59.875 ], [ -64.126, 59.907 ], [ -64.193, 59.779 ], [ -64.259, 59.788 ], [ -64.265, 59.765 ], [ -64.148, 59.683 ], [ -63.962, 59.695 ], [ -63.97, 59.662 ], [ -63.922, 59.656 ], [ -64.032, 59.645 ], [ -64.121, 59.518 ], [ -64.04, 59.562 ], [ -64.007, 59.624 ], [ -63.864, 59.611 ], [ -63.981, 59.506 ], [ -63.874, 59.573 ], [ -63.728, 59.52 ], [ -63.795, 59.422 ], [ -64.0, 59.419 ], [ -64.061, 59.387 ], [ -63.71, 59.368 ], [ -63.775, 59.263 ], [ -63.826, 59.245 ], [ -63.73, 59.265 ], [ -63.652, 59.368 ], [ -63.532, 59.348 ], [ -63.524, 59.323 ], [ -63.545, 59.258 ], [ -63.629, 59.217 ], [ -63.544, 59.22 ], [ -63.418, 59.291 ], [ -63.381, 59.279 ], [ -63.449, 59.245 ], [ -63.463, 59.193 ], [ -63.386, 59.22 ], [ -63.361, 59.198 ], [ -63.442, 59.121 ], [ -63.747, 59.053 ], [ -63.974, 59.079 ], [ -64.04, 59.018 ], [ -63.895, 59.06 ], [ -63.917, 59.027 ], [ -63.882, 58.962 ], [ -63.86, 58.963 ], [ -63.871, 59.033 ], [ -63.812, 59.046 ], [ -63.744, 59.018 ], [ -63.536, 59.036 ], [ -63.353, 59.104 ], [ -63.132, 59.062 ], [ -63.162, 59.03 ], [ -63.34, 59.032 ], [ -63.222, 59.005 ], [ -63.306, 58.943 ], [ -63.183, 58.984 ], [ -63.168, 58.963 ], [ -63.23, 58.943 ], [ -63.162, 58.922 ], [ -63.326, 58.861 ], [ -63.168, 58.882 ], [ -63.179, 58.828 ], [ -63.155, 58.826 ], [ -63.092, 58.895 ], [ -63.015, 58.897 ], [ -62.99, 58.882 ], [ -63.052, 58.861 ], [ -62.927, 58.823 ], [ -62.915, 58.751 ], [ -63.045, 58.71 ], [ -62.873, 58.716 ], [ -62.845, 58.685 ], [ -62.935, 58.597 ], [ -63.168, 58.505 ], [ -63.369, 58.498 ], [ -63.442, 58.525 ], [ -63.524, 58.477 ], [ -63.375, 58.491 ], [ -63.34, 58.463 ], [ -63.593, 58.306 ], [ -63.422, 58.368 ], [ -63.264, 58.47 ], [ -63.086, 58.456 ], [ -63.157, 58.395 ], [ -63.162, 58.368 ], [ -63.063, 58.452 ], [ -63.01, 58.429 ], [ -62.798, 58.498 ], [ -62.786, 58.459 ], [ -62.744, 58.496 ], [ -62.579, 58.504 ], [ -62.558, 58.477 ], [ -62.654, 58.415 ], [ -62.619, 58.371 ], [ -62.623, 58.309 ], [ -62.856, 58.269 ], [ -62.908, 58.214 ], [ -62.822, 58.257 ], [ -62.668, 58.271 ], [ -62.583, 58.235 ], [ -62.635, 58.187 ], [ -63.079, 58.155 ], [ -63.011, 58.141 ], [ -63.209, 58.062 ], [ -63.134, 58.066 ], [ -63.168, 58.028 ], [ -63.34, 57.984 ], [ -63.12, 58.005 ], [ -63.092, 58.058 ], [ -62.926, 58.133 ], [ -62.651, 58.124 ], [ -62.581, 58.165 ], [ -62.552, 58.129 ], [ -62.462, 58.182 ], [ -62.529, 58.103 ], [ -62.517, 58.059 ], [ -62.466, 58.108 ], [ -62.377, 58.113 ], [ -62.429, 58.086 ], [ -62.391, 58.052 ], [ -62.327, 58.065 ], [ -62.305, 58.031 ], [ -62.387, 57.998 ], [ -62.534, 58.006 ], [ -62.675, 57.936 ], [ -62.562, 57.97 ], [ -62.421, 57.964 ], [ -62.421, 57.871 ], [ -62.339, 57.984 ], [ -62.346, 57.915 ], [ -62.324, 57.909 ], [ -62.278, 57.957 ], [ -62.209, 57.908 ], [ -62.141, 57.978 ], [ -62.082, 57.947 ], [ -62.066, 57.899 ], [ -62.141, 57.833 ], [ -62.119, 57.797 ], [ -62.007, 57.781 ], [ -61.95, 57.709 ], [ -61.969, 57.689 ], [ -61.894, 57.672 ], [ -61.887, 57.638 ], [ -62.077, 57.582 ], [ -62.09, 57.541 ], [ -62.27, 57.538 ], [ -62.349, 57.458 ], [ -62.534, 57.496 ], [ -62.377, 57.429 ], [ -62.159, 57.469 ], [ -61.9, 57.415 ], [ -61.805, 57.367 ], [ -61.928, 57.367 ], [ -61.871, 57.343 ], [ -61.88, 57.278 ], [ -62.012, 57.243 ], [ -61.883, 57.21 ], [ -61.865, 57.171 ], [ -61.785, 57.196 ], [ -61.784, 57.155 ], [ -61.62, 57.23 ], [ -61.696, 57.158 ], [ -61.472, 57.156 ], [ -61.359, 57.09 ], [ -61.38, 57.055 ], [ -61.345, 56.956 ], [ -61.393, 56.99 ], [ -61.502, 56.979 ], [ -61.643, 56.884 ], [ -61.664, 56.809 ], [ -61.905, 56.794 ], [ -61.887, 56.702 ], [ -61.818, 56.757 ], [ -61.695, 56.73 ], [ -61.82, 56.709 ], [ -61.672, 56.655 ], [ -61.688, 56.62 ], [ -62.503, 56.785 ], [ -62.274, 56.828 ], [ -62.044, 56.826 ], [ -62.089, 56.841 ], [ -62.494, 56.855 ], [ -62.586, 56.798 ], [ -62.1, 56.651 ], [ -61.914, 56.627 ], [ -62.243, 56.62 ], [ -61.712, 56.575 ], [ -61.653, 56.532 ], [ -61.668, 56.503 ], [ -62.037, 56.508 ], [ -62.086, 56.483 ], [ -61.948, 56.466 ], [ -62.147, 56.455 ], [ -61.814, 56.403 ], [ -61.791, 56.394 ], [ -61.846, 56.387 ], [ -61.715, 56.345 ], [ -61.743, 56.332 ], [ -61.72, 56.324 ], [ -61.64, 56.326 ], [ -61.606, 56.284 ], [ -61.796, 56.313 ], [ -61.818, 56.304 ], [ -61.661, 56.271 ], [ -61.797, 56.257 ], [ -61.831, 56.271 ], [ -61.756, 56.284 ], [ -62.078, 56.298 ], [ -61.935, 56.217 ], [ -61.599, 56.224 ], [ -61.547, 56.2 ], [ -61.345, 56.222 ], [ -61.335, 56.178 ], [ -61.392, 56.169 ], [ -61.409, 56.132 ], [ -61.349, 56.147 ], [ -61.339, 56.111 ], [ -61.455, 56.058 ], [ -61.235, 56.044 ], [ -61.503, 56.01 ], [ -61.383, 55.997 ], [ -61.393, 55.977 ], [ -61.462, 56.003 ], [ -61.403, 55.96 ], [ -61.201, 55.948 ], [ -61.139, 55.972 ], [ -61.071, 55.928 ], [ -61.079, 55.893 ], [ -61.193, 55.88 ], [ -61.099, 55.848 ], [ -60.934, 55.87 ], [ -60.896, 55.86 ], [ -60.782, 55.86 ], [ -60.729, 55.825 ], [ -60.818, 55.756 ], [ -60.969, 55.749 ], [ -60.944, 55.73 ], [ -60.749, 55.737 ], [ -60.654, 55.825 ], [ -60.602, 55.82 ], [ -60.626, 55.783 ], [ -60.591, 55.709 ], [ -60.656, 55.676 ], [ -60.631, 55.64 ], [ -60.681, 55.565 ], [ -60.602, 55.628 ], [ -60.508, 55.804 ], [ -60.335, 55.782 ], [ -60.386, 55.723 ], [ -60.375, 55.685 ], [ -60.494, 55.66 ], [ -60.525, 55.617 ], [ -60.531, 55.592 ], [ -60.471, 55.63 ], [ -60.4, 55.613 ], [ -60.455, 55.503 ], [ -60.341, 55.583 ], [ -60.304, 55.53 ], [ -60.455, 55.448 ], [ -60.444, 55.402 ], [ -60.482, 55.352 ], [ -60.328, 55.495 ], [ -60.304, 55.489 ], [ -60.365, 55.435 ], [ -60.284, 55.441 ], [ -60.29, 55.479 ], [ -60.254, 55.505 ], [ -60.202, 55.489 ], [ -60.194, 55.427 ], [ -60.362, 55.39 ], [ -60.404, 55.292 ], [ -60.503, 55.27 ], [ -60.537, 55.205 ], [ -60.612, 55.168 ], [ -60.355, 55.259 ], [ -60.468, 55.188 ], [ -60.516, 55.119 ], [ -60.674, 55.051 ], [ -60.688, 54.995 ], [ -60.269, 55.243 ], [ -60.14, 55.284 ], [ -60.194, 55.195 ], [ -60.023, 55.277 ], [ -60.297, 55.023 ], [ -60.099, 55.14 ], [ -60.023, 55.236 ], [ -59.913, 55.242 ], [ -59.847, 55.31 ], [ -59.776, 55.332 ], [ -59.762, 55.284 ], [ -59.72, 55.274 ], [ -59.756, 55.222 ], [ -59.735, 55.201 ], [ -59.974, 55.156 ], [ -59.964, 55.117 ], [ -59.92, 55.147 ], [ -59.8, 55.113 ], [ -59.736, 55.151 ], [ -59.643, 55.134 ], [ -59.538, 55.177 ], [ -59.531, 55.214 ], [ -59.495, 55.195 ], [ -59.495, 55.14 ], [ -59.43, 55.142 ], [ -59.525, 55.059 ], [ -59.735, 54.968 ], [ -59.732, 54.937 ], [ -59.85, 54.875 ], [ -59.853, 54.845 ], [ -59.82, 54.841 ], [ -59.858, 54.79 ], [ -59.948, 54.756 ], [ -59.922, 54.743 ], [ -59.792, 54.787 ], [ -59.793, 54.876 ], [ -59.448, 55.062 ], [ -59.413, 55.03 ], [ -59.269, 55.208 ], [ -59.216, 55.218 ], [ -59.222, 55.168 ], [ -59.16, 55.239 ], [ -59.125, 55.195 ], [ -59.143, 55.155 ], [ -59.386, 55.005 ], [ -59.383, 54.978 ], [ -59.263, 55.03 ], [ -59.225, 55.084 ], [ -59.181, 55.099 ], [ -59.154, 55.074 ], [ -59.128, 55.127 ], [ -59.099, 55.115 ], [ -59.105, 55.079 ], [ -59.027, 55.162 ], [ -58.995, 55.119 ], [ -58.954, 55.131 ], [ -59.045, 54.999 ], [ -58.988, 55.02 ], [ -58.892, 54.954 ], [ -59.015, 54.893 ], [ -58.906, 54.922 ], [ -58.884, 54.898 ], [ -58.914, 54.848 ], [ -58.798, 54.858 ], [ -58.751, 54.803 ], [ -58.713, 54.85 ], [ -58.652, 54.81 ], [ -58.516, 54.804 ], [ -58.563, 54.769 ], [ -58.439, 54.777 ], [ -58.422, 54.744 ], [ -58.387, 54.747 ], [ -58.386, 54.795 ], [ -58.204, 54.797 ], [ -58.159, 54.742 ], [ -58.024, 54.743 ], [ -57.992, 54.717 ], [ -57.865, 54.745 ], [ -57.782, 54.68 ], [ -57.73, 54.69 ], [ -57.686, 54.638 ], [ -57.486, 54.659 ], [ -57.418, 54.598 ], [ -57.35, 54.589 ], [ -57.353, 54.567 ], [ -57.432, 54.557 ], [ -57.375, 54.527 ], [ -57.412, 54.491 ], [ -57.707, 54.475 ], [ -57.419, 54.461 ], [ -57.531, 54.454 ], [ -57.531, 54.425 ], [ -57.634, 54.383 ], [ -57.879, 54.393 ], [ -58.186, 54.359 ], [ -58.261, 54.31 ], [ -58.097, 54.332 ], [ -58.248, 54.29 ], [ -58.236, 54.256 ], [ -58.468, 54.234 ], [ -58.727, 54.146 ], [ -58.879, 54.147 ], [ -59.398, 54.049 ], [ -59.58, 54.05 ], [ -59.511, 54.001 ], [ -59.303, 54.018 ], [ -58.698, 54.124 ], [ -58.371, 54.228 ], [ -58.626, 54.044 ], [ -59.043, 54.03 ], [ -58.92, 54.016 ], [ -59.012, 53.958 ], [ -59.217, 53.931 ], [ -59.475, 53.828 ], [ -59.844, 53.845 ], [ -59.879, 53.824 ], [ -59.807, 53.798 ], [ -60.064, 53.762 ], [ -60.133, 53.783 ], [ -60.017, 53.708 ], [ -60.094, 53.7 ], [ -60.112, 53.618 ], [ -60.071, 53.566 ], [ -60.136, 53.529 ], [ -60.389, 53.668 ], [ -60.821, 53.78 ], [ -60.859, 53.835 ], [ -60.92, 53.714 ], [ -60.637, 53.704 ], [ -60.102, 53.502 ], [ -60.064, 53.509 ], [ -60.037, 53.44 ], [ -60.133, 53.461 ], [ -60.365, 53.352 ], [ -60.412, 53.358 ], [ -60.382, 53.337 ], [ -60.181, 53.336 ], [ -60.421, 53.269 ], [ -60.17, 53.305 ], [ -60.129, 53.275 ], [ -60.091, 53.306 ], [ -60.143, 53.334 ], [ -60.029, 53.358 ], [ -59.899, 53.461 ], [ -59.875, 53.447 ], [ -59.873, 53.488 ], [ -59.784, 53.482 ], [ -59.861, 53.5 ], [ -59.879, 53.538 ], [ -59.607, 53.534 ], [ -59.511, 53.555 ], [ -59.317, 53.687 ], [ -59.151, 53.675 ], [ -59.022, 53.714 ], [ -59.008, 53.749 ], [ -59.05, 53.755 ], [ -59.071, 53.796 ], [ -58.841, 53.947 ], [ -58.128, 54.098 ], [ -57.796, 54.071 ], [ -58.151, 54.141 ], [ -58.322, 54.093 ], [ -58.416, 54.14 ], [ -58.356, 54.21 ], [ -58.012, 54.24 ], [ -57.603, 54.187 ], [ -57.617, 54.167 ], [ -57.466, 54.2 ], [ -57.391, 54.154 ], [ -57.399, 54.133 ], [ -57.357, 54.139 ], [ -57.343, 54.067 ], [ -57.262, 53.978 ], [ -57.158, 53.951 ], [ -57.145, 53.934 ], [ -57.217, 53.93 ], [ -57.213, 53.879 ], [ -57.076, 53.824 ], [ -57.138, 53.824 ], [ -57.108, 53.804 ], [ -57.155, 53.772 ], [ -57.124, 53.742 ], [ -57.457, 53.649 ], [ -57.549, 53.591 ], [ -57.446, 53.626 ], [ -57.454, 53.598 ], [ -57.318, 53.585 ], [ -57.344, 53.544 ], [ -57.306, 53.534 ], [ -57.309, 53.495 ], [ -57.377, 53.434 ], [ -57.281, 53.44 ], [ -57.292, 53.469 ], [ -57.135, 53.55 ], [ -57.166, 53.563 ], [ -57.133, 53.621 ], [ -57.075, 53.637 ], [ -56.983, 53.727 ], [ -56.795, 53.721 ], [ -56.715, 53.752 ], [ -56.596, 53.714 ], [ -56.631, 53.742 ], [ -56.618, 53.77 ], [ -56.48, 53.79 ], [ -56.412, 53.728 ], [ -56.606, 53.679 ], [ -56.727, 53.687 ], [ -56.26, 53.604 ], [ -56.35, 53.598 ], [ -56.33, 53.591 ], [ -56.158, 53.598 ], [ -55.98, 53.55 ], [ -56.015, 53.504 ], [ -56.07, 53.546 ], [ -56.263, 53.554 ], [ -56.053, 53.479 ], [ -56.035, 53.434 ], [ -55.966, 53.413 ], [ -56.041, 53.372 ], [ -55.925, 53.402 ], [ -55.857, 53.372 ], [ -55.89, 53.352 ], [ -55.817, 53.34 ], [ -55.911, 53.31 ], [ -55.819, 53.3 ], [ -55.808, 53.279 ], [ -55.864, 53.248 ], [ -55.745, 53.256 ], [ -55.795, 53.206 ], [ -55.843, 53.215 ], [ -55.747, 53.146 ], [ -55.829, 53.097 ], [ -55.945, 53.118 ], [ -55.877, 53.077 ], [ -55.931, 53.026 ], [ -56.059, 53.043 ], [ -56.165, 53.028 ], [ -56.082, 53.022 ], [ -56.137, 52.987 ], [ -56.123, 52.973 ], [ -56.051, 53.004 ], [ -55.904, 52.984 ], [ -55.884, 52.96 ], [ -55.911, 52.954 ], [ -55.835, 52.924 ], [ -55.802, 52.841 ], [ -55.978, 52.813 ], [ -56.0, 52.796 ], [ -55.925, 52.796 ], [ -55.975, 52.778 ], [ -56.162, 52.818 ], [ -55.966, 52.687 ], [ -55.778, 52.681 ], [ -55.739, 52.652 ], [ -55.78, 52.632 ], [ -55.754, 52.625 ], [ -55.802, 52.598 ], [ -56.097, 52.662 ], [ -56.124, 52.645 ], [ -55.978, 52.618 ], [ -56.048, 52.577 ], [ -55.986, 52.557 ], [ -56.117, 52.57 ], [ -56.218, 52.54 ], [ -56.298, 52.573 ], [ -56.5, 52.598 ], [ -56.267, 52.539 ], [ -55.829, 52.522 ], [ -55.843, 52.495 ], [ -55.741, 52.493 ], [ -55.759, 52.45 ], [ -55.648, 52.443 ], [ -55.654, 52.365 ], [ -55.808, 52.385 ], [ -55.784, 52.339 ], [ -56.199, 52.447 ], [ -56.117, 52.399 ], [ -55.823, 52.33 ], [ -55.857, 52.303 ], [ -55.709, 52.296 ], [ -55.795, 52.241 ], [ -55.706, 52.255 ], [ -55.617, 52.22 ], [ -55.78, 52.207 ], [ -55.692, 52.186 ], [ -55.685, 52.112 ], [ -55.802, 52.084 ], [ -55.761, 52.056 ], [ -55.81, 52.023 ], [ -55.966, 52.022 ], [ -55.898, 51.97 ], [ -55.934, 51.925 ], [ -56.117, 51.864 ], [ -56.233, 51.787 ], [ -56.453, 51.743 ], [ -56.579, 51.657 ], [ -56.682, 51.648 ], [ -56.7, 51.587 ], [ -56.811, 51.527 ], [ -56.825, 51.49 ], [ -56.896, 51.477 ], [ -56.926, 51.501 ], [ -56.95, 51.434 ], [ -57.048, 51.419 ], [ -57.101, 51.419 ], [ -57.101, 52.0 ], [ -63.739, 52.0 ], [ -63.82, 52.068 ], [ -63.64, 52.051 ], [ -63.714, 52.229 ], [ -63.783, 52.291 ], [ -63.75, 52.322 ], [ -63.973, 52.354 ], [ -64.081, 52.473 ], [ -63.995, 52.558 ], [ -63.876, 52.608 ], [ -63.379, 52.651 ], [ -63.439, 52.716 ], [ -63.596, 52.771 ], [ -63.612, 52.861 ], [ -63.719, 52.779 ], [ -64.107, 52.72 ], [ -64.166, 52.675 ], [ -64.162, 52.596 ], [ -64.19, 52.572 ], [ -64.128, 52.387 ], [ -64.221, 52.266 ], [ -64.155, 52.132 ], [ -64.252, 52.115 ], [ -64.272, 52.039 ], [ -64.235, 51.981 ], [ -64.276, 51.967 ], [ -64.338, 52.012 ], [ -64.362, 51.967 ], [ -64.334, 51.819 ], [ -64.279, 51.74 ], [ -64.345, 51.668 ], [ -64.53, 51.592 ], [ -64.771, 51.764 ], [ -64.919, 51.761 ], [ -64.957, 51.723 ], [ -65.032, 51.761 ], [ -65.184, 51.774 ], [ -65.184, 51.823 ], [ -65.277, 51.867 ], [ -65.339, 51.819 ], [ -65.394, 51.898 ], [ -65.359, 51.95 ], [ -65.376, 51.984 ], [ -65.414, 51.984 ], [ -65.5, 52.098 ], [ -65.552, 52.032 ], [ -65.614, 52.032 ], [ -65.662, 51.988 ], [ -65.683, 52.025 ], [ -65.655, 52.108 ], [ -65.94, 52.094 ], [ -65.992, 52.06 ], [ -66.088, 52.091 ], [ -66.078, 52.17 ], [ -66.195, 52.221 ], [ -66.284, 52.307 ], [ -66.264, 52.156 ], [ -66.374, 52.142 ], [ -66.48, 52.335 ], [ -66.436, 52.376 ], [ -66.35, 52.359 ], [ -66.405, 52.648 ], [ -66.374, 52.669 ], [ -66.288, 52.61 ], [ -66.401, 52.844 ], [ -66.391, 52.872 ], [ -66.288, 52.847 ], [ -66.315, 52.937 ], [ -66.425, 53.037 ], [ -66.508, 52.958 ], [ -66.625, 52.937 ], [ -66.656, 52.796 ], [ -66.769, 52.765 ], [ -66.769, 52.679 ], [ -66.852, 52.731 ], [ -66.866, 52.662 ], [ -67.041, 52.775 ], [ -67.062, 52.875 ], [ -67.165, 52.82 ], [ -67.302, 52.868 ], [ -67.347, 52.916 ], [ -67.385, 53.105 ], [ -67.241, 53.167 ], [ -67.051, 53.123 ], [ -67.048, 53.074 ], [ -66.996, 53.081 ], [ -66.962, 53.295 ], [ -67.01, 53.353 ], [ -66.89, 53.415 ], [ -67.031, 53.515 ], [ -67.323, 53.566 ], [ -67.399, 53.635 ], [ -67.413, 53.694 ], [ -67.595, 53.783 ], [ -67.512, 53.814 ], [ -67.523, 53.838 ], [ -67.595, 53.859 ], [ -67.615, 53.924 ], [ -67.808, 54.034 ], [ -67.774, 54.127 ], [ -67.64, 54.189 ], [ -67.691, 54.306 ], [ -67.746, 54.344 ], [ -67.75, 54.426 ], [ -67.633, 54.485 ], [ -67.509, 54.488 ], [ -67.499, 54.595 ], [ -67.268, 54.485 ], [ -67.234, 54.516 ], [ -67.261, 54.571 ], [ -67.086, 54.681 ], [ -67.086, 54.732 ], [ -67.265, 54.835 ], [ -67.423, 54.997 ], [ -67.443, 55.051 ], [ -67.408, 55.081 ], [ -67.274, 55.066 ], [ -67.309, 55.016 ], [ -67.025, 54.896 ], [ -66.936, 54.799 ], [ -66.701, 54.74 ], [ -66.721, 54.775 ], [ -66.607, 54.804 ], [ -66.729, 54.939 ], [ -66.661, 54.984 ], [ -66.762, 55.104 ], [ -66.743, 55.172 ], [ -66.689, 55.202 ], [ -66.837, 55.317 ], [ -66.77, 55.339 ], [ -66.7, 55.307 ], [ -66.677, 55.258 ], [ -66.559, 55.24 ], [ -66.254, 54.998 ], [ -66.04, 54.911 ], [ -65.856, 54.908 ], [ -65.819, 54.816 ], [ -65.681, 54.715 ], [ -65.626, 54.749 ], [ -65.48, 54.731 ], [ -65.445, 54.746 ], [ -65.473, 54.842 ], [ -65.296, 54.826 ], [ -65.221, 54.851 ], [ -65.103, 54.957 ], [ -64.941, 54.93 ], [ -64.848, 54.849 ], [ -64.782, 54.835 ], [ -64.758, 54.817 ], [ -64.768, 54.738 ], [ -64.576, 54.727 ], [ -64.458, 54.795 ], [ -64.392, 54.789 ], [ -64.181, 54.711 ], [ -64.114, 54.631 ], [ -64.052, 54.607 ], [ -63.899, 54.602 ], [ -63.802, 54.642 ], [ -63.74, 54.623 ], [ -63.729, 54.647 ], [ -63.904, 54.782 ], [ -63.824, 54.829 ], [ -63.846, 54.88 ], [ -63.815, 54.94 ], [ -63.605, 54.902 ], [ -63.576, 54.979 ], [ -63.589, 55.121 ], [ -63.549, 55.185 ], [ -63.454, 55.205 ], [ -63.41, 55.252 ], [ -63.551, 55.226 ], [ -63.66, 55.27 ], [ -63.542, 55.308 ], [ -63.578, 55.339 ], [ -63.343, 55.361 ], [ -63.33, 55.389 ], [ -63.337, 55.412 ], [ -63.642, 55.425 ], [ -63.767, 55.461 ], [ -63.685, 55.52 ], [ -63.669, 55.624 ], [ -63.682, 55.651 ], [ -63.749, 55.655 ], [ -63.696, 55.777 ], [ -63.762, 55.793 ], [ -63.84, 55.913 ], [ -63.445, 56.023 ], [ -63.804, 56.043 ], [ -63.878, 56.079 ], [ -63.841, 56.112 ], [ -63.862, 56.123 ], [ -64.01, 56.07 ], [ -64.011, 56.156 ], [ -63.877, 56.217 ], [ -63.942, 56.253 ], [ -64.091, 56.263 ], [ -64.137, 56.304 ], [ -64.108, 56.375 ], [ -64.17, 56.426 ], [ -63.877, 56.439 ], [ -63.947, 56.483 ], [ -63.953, 56.558 ], [ -64.126, 56.709 ], [ -64.084, 56.766 ], [ -63.993, 56.789 ], [ -63.997, 56.855 ], [ -63.871, 56.878 ], [ -63.915, 56.937 ], [ -63.866, 56.992 ], [ -63.876, 57.059 ], [ -63.795, 57.101 ], [ -63.79, 57.169 ], [ -63.743, 57.227 ], [ -63.82, 57.275 ], [ -63.85, 57.192 ], [ -63.869, 57.25 ], [ -63.838, 57.325 ], [ -63.708, 57.385 ], [ -63.765, 57.463 ], [ -63.765, 57.564 ], [ -63.584, 57.708 ], [ -63.611, 57.739 ], [ -63.649, 57.731 ], [ -63.696, 57.659 ], [ -63.77, 57.731 ], [ -63.818, 57.689 ], [ -63.892, 57.73 ], [ -63.939, 57.801 ], [ -64.011, 57.814 ], [ -64.054, 57.768 ], [ -64.214, 57.978 ], [ -64.221, 58.045 ], [ -64.428, 58.075 ], [ -64.39, 58.188 ], [ -64.209, 58.238 ], [ -64.156, 58.348 ], [ -63.82, 58.474 ], [ -63.89, 58.567 ], [ -64.007, 58.528 ], [ -64.078, 58.552 ], [ -64.097, 58.614 ], [ -64.059, 58.669 ], [ -63.574, 58.716 ], [ -63.484, 58.759 ], [ -63.572, 58.835 ], [ -63.76, 58.879 ], [ -63.842, 58.83 ], [ -63.982, 58.823 ], [ -64.157, 58.751 ], [ -64.262, 58.782 ], [ -64.259, 58.85 ], [ -64.31, 58.885 ], [ -64.568, 58.887 ], [ -64.702, 58.942 ], [ -64.823, 58.911 ], [ -64.882, 58.935 ], [ -64.84, 58.956 ], [ -64.864, 58.994 ], [ -64.824, 59.037 ], [ -64.754, 59.065 ], [ -64.438, 58.983 ], [ -64.292, 59.007 ], [ -64.348, 59.066 ], [ -64.469, 59.088 ], [ -64.534, 59.195 ], [ -64.507, 59.25 ], [ -64.536, 59.297 ], [ -64.505, 59.342 ], [ -64.537, 59.373 ], [ -64.486, 59.4 ], [ -64.503, 59.43 ], [ -64.349, 59.505 ], [ -64.453, 59.526 ], [ -64.702, 59.447 ], [ -64.772, 59.514 ], [ -64.893, 59.565 ], [ -64.903, 59.604 ], [ -64.885, 59.664 ], [ -64.774, 59.699 ], [ -64.814, 59.819 ], [ -64.748, 59.843 ], [ -64.768, 59.88 ], [ -64.671, 59.883 ], [ -64.654, 59.917 ], [ -64.69, 59.949 ], [ -64.845, 59.968 ], [ -64.904, 60.048 ], [ -64.782, 60.044 ], [ -64.705, 60.064 ], [ -64.741, 60.101 ], [ -64.599, 60.118 ], [ -64.636, 60.174 ], [ -64.81, 60.198 ], [ -64.858, 60.236 ], [ -64.845, 60.264 ], [ -64.764, 60.29 ], [ -64.531, 60.304 ], [ -64.381, 60.245 ] ] ], [ [ [ -60.745, 55.887 ], [ -60.865, 55.866 ], [ -60.9, 55.877 ], [ -60.818, 55.887 ], [ -60.879, 55.921 ], [ -60.852, 55.962 ], [ -60.742, 55.948 ], [ -60.753, 55.918 ], [ -60.688, 55.928 ], [ -60.745, 55.887 ] ] ], [ [ [ -60.941, 56.019 ], [ -61.174, 56.032 ], [ -61.232, 56.1 ], [ -61.201, 56.083 ], [ -61.147, 56.092 ], [ -61.188, 56.108 ], [ -61.134, 56.119 ], [ -61.098, 56.175 ], [ -61.044, 56.161 ], [ -61.054, 56.126 ], [ -60.941, 56.092 ], [ -61.01, 56.038 ], [ -60.941, 56.019 ] ] ], [ [ [ -61.427, 56.334 ], [ -61.597, 56.333 ], [ -61.797, 56.421 ], [ -61.462, 56.408 ], [ -61.414, 56.373 ], [ -61.462, 56.345 ], [ -61.427, 56.334 ] ] ], [ [ [ -61.147, 56.442 ], [ -61.489, 56.47 ], [ -61.499, 56.442 ], [ -61.633, 56.47 ], [ -61.64, 56.497 ], [ -61.428, 56.483 ], [ -61.633, 56.51 ], [ -61.571, 56.524 ], [ -61.606, 56.558 ], [ -61.462, 56.55 ], [ -61.311, 56.497 ], [ -61.367, 56.476 ], [ -61.193, 56.485 ], [ -61.167, 56.476 ], [ -61.229, 56.455 ], [ -61.147, 56.442 ] ] ], [ [ [ -61.233, 56.619 ], [ -61.186, 56.662 ], [ -61.134, 56.661 ], [ -61.155, 56.694 ], [ -61.082, 56.678 ], [ -61.106, 56.627 ], [ -61.057, 56.634 ], [ -61.201, 56.584 ], [ -61.233, 56.619 ] ] ], [ [ [ -61.527, 56.914 ], [ -61.52, 56.949 ], [ -61.479, 56.958 ], [ -61.339, 56.935 ], [ -61.407, 56.88 ], [ -61.352, 56.86 ], [ -61.371, 56.847 ], [ -61.433, 56.822 ], [ -61.482, 56.843 ], [ -61.585, 56.772 ], [ -61.384, 56.772 ], [ -61.388, 56.623 ], [ -61.454, 56.626 ], [ -61.647, 56.736 ], [ -61.626, 56.866 ], [ -61.527, 56.914 ] ] ], [ [ [ -61.889, 57.455 ], [ -61.742, 57.535 ], [ -61.679, 57.538 ], [ -61.633, 57.511 ], [ -61.695, 57.497 ], [ -61.647, 57.483 ], [ -61.825, 57.435 ], [ -61.613, 57.415 ], [ -61.849, 57.415 ], [ -61.891, 57.428 ], [ -61.889, 57.455 ] ] ], [ [ [ -61.914, 57.46 ], [ -62.017, 57.518 ], [ -61.998, 57.573 ], [ -61.935, 57.593 ], [ -61.941, 57.552 ], [ -61.894, 57.593 ], [ -61.793, 57.557 ], [ -61.794, 57.507 ], [ -61.914, 57.46 ] ] ], [ [ [ -61.8, 57.845 ], [ -61.695, 57.833 ], [ -61.723, 57.785 ], [ -61.654, 57.79 ], [ -61.678, 57.728 ], [ -61.766, 57.72 ], [ -61.839, 57.785 ], [ -61.9, 57.764 ], [ -61.8, 57.845 ] ] ], [ [ [ -61.96, 57.79 ], [ -62.106, 57.839 ], [ -61.982, 57.915 ], [ -61.921, 57.909 ], [ -61.941, 57.874 ], [ -61.872, 57.848 ], [ -61.96, 57.79 ] ] ], [ [ [ -63.963, 59.752 ], [ -64.139, 59.701 ], [ -64.203, 59.745 ], [ -64.183, 59.772 ], [ -64.127, 59.759 ], [ -64.155, 59.787 ], [ -64.121, 59.854 ], [ -64.08, 59.866 ], [ -64.032, 59.806 ], [ -64.079, 59.8 ], [ -63.963, 59.752 ] ] ], [ [ [ -64.432, 60.373 ], [ -64.477, 60.334 ], [ -64.427, 60.286 ], [ -64.519, 60.319 ], [ -64.49, 60.361 ], [ -64.432, 60.373 ] ] ], [ [ [ -55.939, 47.272 ], [ -55.888, 47.295 ], [ -55.843, 47.273 ], [ -55.871, 47.252 ], [ -55.939, 47.272 ] ] ], [ [ [ -55.877, 47.616 ], [ -56.098, 47.63 ], [ -56.108, 47.654 ], [ -55.941, 47.686 ], [ -55.877, 47.616 ] ] ], [ [ [ -52.691, 47.465 ], [ -52.657, 47.437 ], [ -52.738, 47.321 ], [ -52.8, 47.307 ], [ -52.76, 47.3 ], [ -52.814, 47.273 ], [ -52.859, 47.115 ], [ -52.938, 47.088 ], [ -52.849, 47.07 ], [ -52.875, 47.06 ], [ -52.854, 47.026 ], [ -52.895, 46.996 ], [ -52.882, 46.951 ], [ -52.941, 46.791 ], [ -53.031, 46.736 ], [ -53.067, 46.666 ], [ -53.193, 46.628 ], [ -53.254, 46.683 ], [ -53.266, 46.739 ], [ -53.389, 46.684 ], [ -53.355, 46.739 ], [ -53.555, 46.618 ], [ -53.623, 46.656 ], [ -53.636, 46.711 ], [ -53.6, 46.813 ], [ -53.486, 46.903 ], [ -53.645, 46.801 ], [ -53.599, 46.906 ], [ -53.521, 46.945 ], [ -53.643, 46.985 ], [ -53.582, 47.082 ], [ -53.499, 47.136 ], [ -53.519, 47.17 ], [ -53.571, 47.156 ], [ -53.56, 47.205 ], [ -53.617, 47.119 ], [ -53.65, 47.108 ], [ -53.629, 47.156 ], [ -53.65, 47.147 ], [ -53.704, 47.061 ], [ -53.767, 47.04 ], [ -53.948, 46.858 ], [ -54.099, 46.8 ], [ -54.189, 46.828 ], [ -54.185, 46.928 ], [ -54.01, 47.234 ], [ -53.932, 47.234 ], [ -53.989, 47.263 ], [ -53.996, 47.317 ], [ -53.922, 47.313 ], [ -53.877, 47.362 ], [ -53.914, 47.363 ], [ -53.893, 47.393 ], [ -53.808, 47.424 ], [ -53.923, 47.454 ], [ -53.888, 47.517 ], [ -53.893, 47.599 ], [ -53.94, 47.635 ], [ -54.006, 47.821 ], [ -54.061, 47.8 ], [ -54.082, 47.875 ], [ -54.125, 47.828 ], [ -54.171, 47.875 ], [ -54.267, 47.903 ], [ -54.198, 47.869 ], [ -54.198, 47.833 ], [ -54.28, 47.698 ], [ -54.327, 47.71 ], [ -54.327, 47.648 ], [ -54.458, 47.499 ], [ -54.404, 47.451 ], [ -54.452, 47.424 ], [ -54.466, 47.451 ], [ -54.508, 47.382 ], [ -54.616, 47.369 ], [ -54.417, 47.609 ], [ -54.664, 47.376 ], [ -54.677, 47.403 ], [ -54.711, 47.356 ], [ -54.822, 47.369 ], [ -54.787, 47.424 ], [ -54.828, 47.376 ], [ -54.838, 47.419 ], [ -55.027, 47.239 ], [ -55.027, 47.173 ], [ -55.074, 47.157 ], [ -55.088, 47.206 ], [ -55.136, 47.17 ], [ -55.089, 47.17 ], [ -55.075, 47.081 ], [ -55.155, 47.013 ], [ -55.196, 47.07 ], [ -55.2, 46.981 ], [ -55.251, 46.919 ], [ -55.37, 46.909 ], [ -55.359, 46.875 ], [ -55.418, 46.867 ], [ -55.473, 46.898 ], [ -55.466, 46.931 ], [ -55.524, 46.922 ], [ -55.528, 46.944 ], [ -55.551, 46.901 ], [ -55.739, 46.854 ], [ -55.95, 46.904 ], [ -55.98, 46.97 ], [ -55.87, 47.075 ], [ -55.487, 47.14 ], [ -55.301, 47.268 ], [ -55.255, 47.411 ], [ -55.184, 47.46 ], [ -54.955, 47.506 ], [ -54.853, 47.56 ], [ -54.842, 47.588 ], [ -54.877, 47.581 ], [ -54.842, 47.616 ], [ -54.699, 47.671 ], [ -54.767, 47.684 ], [ -54.893, 47.619 ], [ -55.088, 47.602 ], [ -54.938, 47.787 ], [ -55.131, 47.584 ], [ -55.13, 47.664 ], [ -55.195, 47.636 ], [ -55.322, 47.671 ], [ -55.362, 47.654 ], [ -55.356, 47.732 ], [ -55.391, 47.697 ], [ -55.427, 47.72 ], [ -55.47, 47.627 ], [ -55.397, 47.616 ], [ -55.432, 47.588 ], [ -55.391, 47.596 ], [ -55.407, 47.501 ], [ -55.521, 47.465 ], [ -55.599, 47.399 ], [ -55.589, 47.458 ], [ -55.664, 47.437 ], [ -55.589, 47.512 ], [ -55.638, 47.545 ], [ -55.651, 47.527 ], [ -55.623, 47.527 ], [ -55.664, 47.492 ], [ -55.713, 47.506 ], [ -55.698, 47.486 ], [ -55.774, 47.458 ], [ -55.754, 47.54 ], [ -55.805, 47.462 ], [ -55.857, 47.478 ], [ -55.918, 47.437 ], [ -55.747, 47.588 ], [ -56.106, 47.467 ], [ -56.162, 47.492 ], [ -56.151, 47.52 ], [ -55.911, 47.568 ], [ -55.63, 47.677 ], [ -55.843, 47.622 ], [ -55.914, 47.659 ], [ -55.904, 47.7 ], [ -55.829, 47.739 ], [ -55.817, 47.84 ], [ -55.739, 47.924 ], [ -55.78, 47.958 ], [ -55.86, 47.791 ], [ -56.059, 47.7 ], [ -56.111, 47.704 ], [ -56.055, 47.78 ], [ -56.101, 47.76 ], [ -56.151, 47.842 ], [ -56.132, 47.755 ], [ -56.172, 47.718 ], [ -56.137, 47.697 ], [ -56.192, 47.677 ], [ -56.158, 47.643 ], [ -56.181, 47.631 ], [ -56.212, 47.656 ], [ -56.302, 47.629 ], [ -56.309, 47.753 ], [ -56.336, 47.616 ], [ -56.7, 47.622 ], [ -56.638, 47.588 ], [ -56.676, 47.577 ], [ -56.754, 47.637 ], [ -56.706, 47.568 ], [ -56.791, 47.53 ], [ -56.984, 47.587 ], [ -57.147, 47.572 ], [ -57.172, 47.637 ], [ -57.207, 47.594 ], [ -57.315, 47.584 ], [ -57.333, 47.643 ], [ -57.529, 47.65 ], [ -57.628, 47.602 ], [ -57.734, 47.656 ], [ -57.768, 47.616 ], [ -57.919, 47.65 ], [ -57.885, 47.697 ], [ -58.355, 47.649 ], [ -58.313, 47.728 ], [ -58.261, 47.753 ], [ -58.35, 47.74 ], [ -58.426, 47.637 ], [ -58.532, 47.666 ], [ -58.628, 47.612 ], [ -59.146, 47.561 ], [ -59.308, 47.623 ], [ -59.283, 47.759 ], [ -59.325, 47.774 ], [ -59.406, 47.897 ], [ -59.168, 48.059 ], [ -58.97, 48.142 ], [ -58.57, 48.44 ], [ -58.495, 48.458 ], [ -58.604, 48.404 ], [ -58.474, 48.438 ], [ -58.406, 48.497 ], [ -58.272, 48.521 ], [ -58.433, 48.499 ], [ -58.703, 48.555 ], [ -59.262, 48.473 ], [ -59.207, 48.555 ], [ -58.769, 48.78 ], [ -58.919, 48.679 ], [ -58.959, 48.616 ], [ -58.893, 48.554 ], [ -58.847, 48.596 ], [ -58.851, 48.636 ], [ -58.813, 48.572 ], [ -58.714, 48.568 ], [ -58.667, 48.726 ], [ -58.545, 48.872 ], [ -58.502, 49.006 ], [ -58.398, 49.137 ], [ -58.349, 49.145 ], [ -58.357, 49.062 ], [ -58.213, 49.074 ], [ -58.069, 48.979 ], [ -57.885, 48.972 ], [ -58.046, 48.996 ], [ -58.107, 49.037 ], [ -58.135, 49.127 ], [ -57.912, 49.13 ], [ -57.85, 49.185 ], [ -58.08, 49.147 ], [ -58.101, 49.183 ], [ -58.015, 49.178 ], [ -57.926, 49.247 ], [ -58.036, 49.218 ], [ -58.193, 49.243 ], [ -58.235, 49.285 ], [ -58.229, 49.371 ], [ -58.137, 49.484 ], [ -58.001, 49.562 ], [ -57.92, 49.532 ], [ -57.897, 49.439 ], [ -57.871, 49.431 ], [ -57.896, 49.473 ], [ -57.871, 49.507 ], [ -57.7, 49.463 ], [ -57.798, 49.51 ], [ -57.823, 49.562 ], [ -57.878, 49.532 ], [ -57.944, 49.614 ], [ -57.948, 49.68 ], [ -57.61, 50.166 ], [ -57.529, 50.367 ], [ -57.355, 50.607 ], [ -57.198, 50.597 ], [ -57.155, 50.626 ], [ -57.276, 50.624 ], [ -57.24, 50.638 ], [ -57.397, 50.709 ], [ -57.166, 50.753 ], [ -57.069, 50.802 ], [ -56.972, 50.913 ], [ -56.926, 50.918 ], [ -56.996, 50.949 ], [ -56.96, 50.967 ], [ -57.089, 51.021 ], [ -57.011, 51.021 ], [ -56.98, 50.988 ], [ -56.901, 51.018 ], [ -56.98, 51.055 ], [ -56.903, 51.061 ], [ -56.864, 51.114 ], [ -56.795, 51.138 ], [ -56.809, 51.192 ], [ -56.747, 51.199 ], [ -56.795, 51.241 ], [ -56.72, 51.319 ], [ -55.893, 51.628 ], [ -55.823, 51.624 ], [ -55.877, 51.571 ], [ -55.843, 51.556 ], [ -55.89, 51.501 ], [ -55.61, 51.48 ], [ -55.738, 51.555 ], [ -55.632, 51.61 ], [ -55.649, 51.593 ], [ -55.61, 51.567 ], [ -55.514, 51.604 ], [ -55.404, 51.563 ], [ -55.473, 51.563 ], [ -55.432, 51.539 ], [ -55.456, 51.501 ], [ -55.535, 51.508 ], [ -55.458, 51.463 ], [ -55.5, 51.377 ], [ -55.566, 51.39 ], [ -55.558, 51.35 ], [ -55.61, 51.35 ], [ -55.596, 51.309 ], [ -55.952, 51.371 ], [ -55.939, 51.35 ], [ -55.967, 51.347 ], [ -56.035, 51.384 ], [ -56.041, 51.358 ], [ -56.09, 51.371 ], [ -56.096, 51.323 ], [ -56.021, 51.309 ], [ -56.014, 51.275 ], [ -56.048, 51.268 ], [ -56.014, 51.248 ], [ -56.076, 51.233 ], [ -55.966, 51.159 ], [ -55.945, 51.158 ], [ -55.959, 51.199 ], [ -55.848, 51.231 ], [ -55.764, 51.217 ], [ -55.719, 51.184 ], [ -55.733, 51.083 ], [ -55.805, 51.069 ], [ -55.774, 51.035 ], [ -55.836, 50.973 ], [ -55.816, 50.932 ], [ -55.849, 50.954 ], [ -55.869, 50.934 ], [ -55.871, 50.905 ], [ -55.843, 50.905 ], [ -55.877, 50.863 ], [ -55.892, 50.897 ], [ -55.925, 50.885 ], [ -56.081, 50.721 ], [ -56.104, 50.727 ], [ -56.09, 50.761 ], [ -56.137, 50.775 ], [ -56.104, 50.905 ], [ -56.161, 50.878 ], [ -56.162, 50.721 ], [ -56.1, 50.669 ], [ -56.25, 50.528 ], [ -56.322, 50.528 ], [ -56.266, 50.506 ], [ -56.412, 50.377 ], [ -56.5, 50.391 ], [ -56.43, 50.362 ], [ -56.444, 50.304 ], [ -56.523, 50.196 ], [ -56.618, 50.13 ], [ -56.672, 50.13 ], [ -56.646, 50.099 ], [ -56.727, 50.041 ], [ -56.776, 49.951 ], [ -56.782, 49.918 ], [ -56.719, 49.949 ], [ -56.768, 49.83 ], [ -56.905, 49.754 ], [ -56.782, 49.729 ], [ -56.857, 49.548 ], [ -56.558, 49.848 ], [ -56.467, 49.898 ], [ -56.425, 49.846 ], [ -56.427, 49.903 ], [ -56.363, 49.898 ], [ -56.384, 49.946 ], [ -56.317, 50.039 ], [ -56.117, 50.158 ], [ -56.062, 50.083 ], [ -56.192, 49.925 ], [ -56.01, 50.031 ], [ -55.993, 50.016 ], [ -56.035, 49.98 ], [ -56.003, 49.972 ], [ -55.959, 50.041 ], [ -55.864, 50.017 ], [ -55.746, 49.932 ], [ -55.493, 50.014 ], [ -55.465, 49.963 ], [ -55.495, 49.919 ], [ -55.715, 49.822 ], [ -55.962, 49.741 ], [ -56.002, 49.753 ], [ -56.159, 49.623 ], [ -56.165, 49.575 ], [ -55.968, 49.703 ], [ -55.891, 49.71 ], [ -55.959, 49.678 ], [ -55.836, 49.692 ], [ -55.939, 49.61 ], [ -55.877, 49.596 ], [ -55.901, 49.562 ], [ -56.077, 49.492 ], [ -56.131, 49.429 ], [ -55.822, 49.522 ], [ -55.719, 49.476 ], [ -55.788, 49.452 ], [ -55.679, 49.473 ], [ -55.698, 49.425 ], [ -55.657, 49.384 ], [ -55.582, 49.472 ], [ -55.521, 49.494 ], [ -55.569, 49.363 ], [ -55.486, 49.48 ], [ -55.473, 49.461 ], [ -55.37, 49.507 ], [ -55.35, 49.494 ], [ -55.432, 49.425 ], [ -55.315, 49.452 ], [ -55.445, 49.356 ], [ -55.392, 49.37 ], [ -55.383, 49.335 ], [ -55.333, 49.403 ], [ -55.289, 49.401 ], [ -55.342, 49.356 ], [ -55.315, 49.315 ], [ -55.236, 49.39 ], [ -55.315, 49.535 ], [ -55.26, 49.548 ], [ -55.199, 49.507 ], [ -55.212, 49.535 ], [ -55.156, 49.549 ], [ -55.136, 49.541 ], [ -55.128, 49.466 ], [ -55.225, 49.368 ], [ -55.223, 49.265 ], [ -55.365, 49.172 ], [ -55.322, 49.157 ], [ -55.342, 49.123 ], [ -55.314, 49.102 ], [ -55.383, 49.047 ], [ -55.184, 49.123 ], [ -55.278, 49.106 ], [ -55.253, 49.192 ], [ -55.288, 49.195 ], [ -55.054, 49.294 ], [ -55.082, 49.363 ], [ -55.027, 49.329 ], [ -55.013, 49.349 ], [ -54.993, 49.284 ], [ -55.034, 49.23 ], [ -54.947, 49.301 ], [ -54.88, 49.289 ], [ -54.883, 49.376 ], [ -54.834, 49.41 ], [ -54.817, 49.276 ], [ -54.774, 49.347 ], [ -54.743, 49.32 ], [ -54.545, 49.529 ], [ -54.469, 49.546 ], [ -54.444, 49.544 ], [ -54.534, 49.445 ], [ -54.431, 49.473 ], [ -54.485, 49.38 ], [ -54.456, 49.339 ], [ -54.483, 49.268 ], [ -54.397, 49.335 ], [ -54.416, 49.351 ], [ -54.373, 49.422 ], [ -54.219, 49.417 ], [ -54.232, 49.363 ], [ -54.198, 49.411 ], [ -54.176, 49.384 ], [ -54.139, 49.453 ], [ -54.045, 49.482 ], [ -53.986, 49.459 ], [ -54.041, 49.438 ], [ -53.924, 49.452 ], [ -53.493, 49.288 ], [ -53.454, 49.242 ], [ -53.54, 49.188 ], [ -53.566, 49.126 ], [ -53.622, 49.117 ], [ -53.582, 49.088 ], [ -53.59, 49.052 ], [ -53.838, 49.034 ], [ -53.725, 49.014 ], [ -53.809, 48.981 ], [ -53.883, 48.993 ], [ -53.811, 48.931 ], [ -53.979, 48.897 ], [ -53.883, 48.89 ], [ -53.979, 48.836 ], [ -54.137, 48.821 ], [ -54.198, 48.774 ], [ -54.021, 48.815 ], [ -53.991, 48.806 ], [ -54.013, 48.774 ], [ -53.991, 48.768 ], [ -53.943, 48.824 ], [ -53.844, 48.839 ], [ -53.8, 48.815 ], [ -53.918, 48.801 ], [ -53.89, 48.76 ], [ -53.841, 48.774 ], [ -53.878, 48.748 ], [ -54.02, 48.746 ], [ -53.945, 48.729 ], [ -53.951, 48.671 ], [ -53.896, 48.65 ], [ -53.931, 48.63 ], [ -53.794, 48.678 ], [ -53.917, 48.673 ], [ -53.835, 48.75 ], [ -53.855, 48.705 ], [ -53.75, 48.712 ], [ -53.704, 48.691 ], [ -53.726, 48.66 ], [ -53.631, 48.699 ], [ -53.604, 48.677 ], [ -53.903, 48.589 ], [ -53.959, 48.547 ], [ -53.711, 48.561 ], [ -53.794, 48.54 ], [ -53.749, 48.52 ], [ -54.164, 48.391 ], [ -54.137, 48.355 ], [ -54.068, 48.41 ], [ -53.979, 48.41 ], [ -53.855, 48.475 ], [ -53.814, 48.465 ], [ -53.877, 48.41 ], [ -53.856, 48.368 ], [ -53.77, 48.476 ], [ -53.657, 48.547 ], [ -53.623, 48.54 ], [ -53.663, 48.514 ], [ -53.615, 48.499 ], [ -53.725, 48.432 ], [ -53.633, 48.451 ], [ -53.582, 48.527 ], [ -53.588, 48.479 ], [ -53.547, 48.492 ], [ -53.615, 48.41 ], [ -53.475, 48.511 ], [ -53.437, 48.616 ], [ -53.342, 48.613 ], [ -53.302, 48.579 ], [ -53.318, 48.552 ], [ -53.28, 48.561 ], [ -53.244, 48.526 ], [ -53.152, 48.631 ], [ -53.098, 48.647 ], [ -53.077, 48.704 ], [ -52.983, 48.604 ], [ -53.006, 48.575 ], [ -52.985, 48.555 ], [ -53.028, 48.536 ], [ -53.058, 48.436 ], [ -53.187, 48.355 ], [ -53.355, 48.387 ], [ -53.369, 48.294 ], [ -53.446, 48.286 ], [ -53.639, 48.169 ], [ -53.845, 48.191 ], [ -53.925, 48.237 ], [ -53.941, 48.177 ], [ -53.905, 48.085 ], [ -53.663, 48.061 ], [ -53.787, 48.026 ], [ -53.924, 48.034 ], [ -53.908, 48.021 ], [ -53.776, 47.999 ], [ -53.609, 48.054 ], [ -53.697, 47.897 ], [ -53.787, 47.903 ], [ -53.725, 47.89 ], [ -53.741, 47.818 ], [ -53.792, 47.775 ], [ -53.868, 47.843 ], [ -53.929, 47.852 ], [ -53.877, 47.828 ], [ -53.829, 47.736 ], [ -53.855, 47.718 ], [ -53.763, 47.626 ], [ -53.666, 47.684 ], [ -53.712, 47.61 ], [ -53.652, 47.577 ], [ -53.67, 47.527 ], [ -53.623, 47.561 ], [ -53.554, 47.539 ], [ -53.534, 47.596 ], [ -53.561, 47.624 ], [ -53.513, 47.616 ], [ -53.519, 47.671 ], [ -53.48, 47.693 ], [ -53.499, 47.746 ], [ -53.42, 47.861 ], [ -53.355, 47.869 ], [ -53.363, 47.9 ], [ -53.276, 48.016 ], [ -53.17, 48.061 ], [ -53.061, 48.052 ], [ -52.923, 48.171 ], [ -52.837, 48.105 ], [ -52.914, 48.09 ], [ -53.054, 47.933 ], [ -53.071, 47.854 ], [ -53.207, 47.736 ], [ -53.156, 47.684 ], [ -53.262, 47.614 ], [ -53.204, 47.616 ], [ -53.252, 47.581 ], [ -53.17, 47.609 ], [ -53.26, 47.559 ], [ -53.184, 47.561 ], [ -53.204, 47.471 ], [ -53.163, 47.501 ], [ -53.149, 47.478 ], [ -53.195, 47.437 ], [ -53.122, 47.437 ], [ -53.129, 47.417 ], [ -52.876, 47.588 ], [ -52.773, 47.801 ], [ -52.704, 47.756 ], [ -52.718, 47.671 ], [ -52.658, 47.661 ], [ -52.691, 47.554 ], [ -52.617, 47.523 ], [ -52.629, 47.486 ], [ -52.691, 47.465 ] ] ], [ [ [ -55.708, 49.508 ], [ -55.736, 49.522 ], [ -55.726, 49.562 ], [ -55.657, 49.562 ], [ -55.708, 49.508 ] ] ], [ [ [ -55.824, 50.204 ], [ -55.868, 50.193 ], [ -55.886, 50.197 ], [ -55.824, 50.204 ] ] ], [ [ [ -55.709, 50.19 ], [ -55.79, 50.207 ], [ -55.8, 50.23 ], [ -55.73, 50.23 ], [ -55.709, 50.19 ] ] ], [ [ [ -57.203, 50.834 ], [ -57.24, 50.796 ], [ -57.277, 50.817 ], [ -57.25, 50.841 ], [ -57.203, 50.834 ] ] ], [ [ [ -55.809, 52.731 ], [ -55.861, 52.73 ], [ -55.895, 52.763 ], [ -55.812, 52.77 ], [ -55.809, 52.731 ] ] ], [ [ [ -55.787, 53.016 ], [ -55.768, 52.988 ], [ -55.802, 52.945 ], [ -55.85, 53.004 ], [ -55.787, 53.016 ] ] ], [ [ [ -55.759, 53.034 ], [ -55.871, 53.026 ], [ -55.874, 53.057 ], [ -55.79, 53.094 ], [ -55.755, 53.075 ], [ -55.759, 53.034 ] ] ], [ [ [ -55.89, 53.498 ], [ -55.752, 53.464 ], [ -55.745, 53.441 ], [ -55.803, 53.455 ], [ -55.813, 53.433 ], [ -55.769, 53.403 ], [ -55.966, 53.432 ], [ -55.99, 53.47 ], [ -55.89, 53.498 ] ] ], [ [ [ -57.045, 53.715 ], [ -57.093, 53.649 ], [ -57.172, 53.66 ], [ -57.13, 53.705 ], [ -57.045, 53.715 ] ] ], [ [ [ -56.818, 53.79 ], [ -56.984, 53.759 ], [ -57.0, 53.81 ], [ -56.818, 53.79 ] ] ], [ [ [ -57.198, 54.449 ], [ -57.293, 54.469 ], [ -57.229, 54.492 ], [ -57.198, 54.449 ] ] ], [ [ [ -57.275, 54.58 ], [ -57.268, 54.504 ], [ -57.366, 54.524 ], [ -57.275, 54.58 ] ] ], [ [ [ -54.83, 47.267 ], [ -54.794, 47.279 ], [ -54.778, 47.274 ], [ -54.812, 47.232 ], [ -54.83, 47.267 ] ] ], [ [ [ -54.21, 47.36 ], [ -54.178, 47.418 ], [ -54.145, 47.4 ], [ -54.153, 47.368 ], [ -54.21, 47.36 ] ] ], [ [ [ -54.244, 47.408 ], [ -54.363, 47.41 ], [ -54.26, 47.486 ], [ -54.217, 47.54 ], [ -54.24, 47.564 ], [ -54.171, 47.622 ], [ -54.171, 47.588 ], [ -54.126, 47.67 ], [ -54.157, 47.534 ], [ -54.244, 47.408 ] ] ], [ [ [ -54.103, 47.561 ], [ -54.082, 47.691 ], [ -54.061, 47.656 ], [ -54.082, 47.478 ], [ -54.103, 47.561 ] ] ], [ [ [ -53.006, 47.593 ], [ -53.019, 47.619 ], [ -52.919, 47.653 ], [ -52.916, 47.634 ], [ -53.006, 47.593 ] ] ], [ [ [ -53.514, 48.187 ], [ -53.566, 48.082 ], [ -53.824, 48.096 ], [ -53.875, 48.107 ], [ -53.931, 48.208 ], [ -53.677, 48.15 ], [ -53.544, 48.207 ], [ -53.514, 48.187 ] ] ], [ [ [ -54.684, 49.428 ], [ -54.73, 49.411 ], [ -54.754, 49.445 ], [ -54.658, 49.487 ], [ -54.684, 49.428 ] ] ], [ [ [ -54.885, 49.595 ], [ -54.796, 49.601 ], [ -54.795, 49.564 ], [ -54.733, 49.555 ], [ -54.634, 49.634 ], [ -54.614, 49.616 ], [ -54.539, 49.661 ], [ -54.529, 49.625 ], [ -54.546, 49.585 ], [ -54.719, 49.535 ], [ -54.744, 49.494 ], [ -54.877, 49.494 ], [ -54.807, 49.516 ], [ -54.883, 49.555 ], [ -54.885, 49.595 ] ] ], [ [ [ -55.571, 49.603 ], [ -55.693, 49.568 ], [ -55.726, 49.582 ], [ -55.672, 49.637 ], [ -55.571, 49.603 ] ] ], [ [ [ -54.267, 49.673 ], [ -54.27, 49.727 ], [ -54.191, 49.678 ], [ -54.185, 49.726 ], [ -54.11, 49.754 ], [ -53.979, 49.664 ], [ -54.263, 49.571 ], [ -54.307, 49.672 ], [ -54.267, 49.673 ] ] ], [ [ [ -55.452, 50.796 ], [ -55.582, 50.699 ], [ -55.646, 50.733 ], [ -55.611, 50.796 ], [ -55.596, 50.775 ], [ -55.491, 50.809 ], [ -55.452, 50.796 ] ] ], [ [ [ -55.567, 50.915 ], [ -55.548, 50.891 ], [ -55.623, 50.912 ], [ -55.639, 50.961 ], [ -55.542, 50.988 ], [ -55.567, 50.915 ] ] ], [ [ [ -55.427, 51.891 ], [ -55.27, 52.006 ], [ -55.332, 51.898 ], [ -55.427, 51.891 ] ] ] ] } },
{ "type": "Feature", "properties": { "code": "CA-NS" }, "geometry": { "type": "MultiPolygon", "coordinates": [ [ [ [ -65.56, 43.511 ], [ -65.611, 43.428 ], [ -65.629, 43.422 ], [ -65.656, 43.463 ], [ -65.605, 43.514 ], [ -65.56, 43.511 ] ] ], [ [ [ -59.757, 43.966 ], [ -59.963, 43.914 ], [ -60.075, 43.927 ], [ -60.13, 43.96 ], [ -59.872, 43.942 ], [ -59.707, 44.014 ], [ -59.757, 43.966 ] ] ], [ [ [ -66.204, 44.381 ], [ -66.313, 44.251 ], [ -66.328, 44.258 ], [ -66.242, 44.377 ], [ -66.204, 44.381 ] ] ], [ [ [ -64.024, 46.002 ], [ -63.905, 45.98 ], [ -63.806, 45.889 ], [ -63.716, 45.868 ], [ -63.757, 45.847 ], [ -63.69, 45.853 ], [ -63.67, 45.823 ], [ -63.659, 45.874 ], [ -63.492, 45.883 ], [ -63.409, 45.854 ], [ -63.483, 45.861 ], [ -63.429, 45.827 ], [ -63.516, 45.811 ], [ -63.23, 45.806 ], [ -63.381, 45.772 ], [ -63.288, 45.724 ], [ -63.189, 45.779 ], [ -63.203, 45.737 ], [ -63.065, 45.759 ], [ -63.121, 45.806 ], [ -63.101, 45.811 ], [ -62.675, 45.772 ], [ -62.757, 45.759 ], [ -62.633, 45.717 ], [ -62.771, 45.674 ], [ -62.792, 45.642 ], [ -62.749, 45.664 ], [ -62.75, 45.613 ], [ -62.707, 45.656 ], [ -62.657, 45.628 ], [ -62.665, 45.68 ], [ -62.613, 45.691 ], [ -62.476, 45.663 ], [ -62.509, 45.615 ], [ -62.47, 45.614 ], [ -62.362, 45.673 ], [ -62.442, 45.655 ], [ -62.416, 45.679 ], [ -62.27, 45.704 ], [ -61.911, 45.889 ], [ -61.876, 45.693 ], [ -61.62, 45.614 ], [ -61.558, 45.684 ], [ -61.493, 45.691 ], [ -61.339, 45.553 ], [ -61.237, 45.506 ], [ -61.249, 45.453 ], [ -61.483, 45.375 ], [ -61.462, 45.355 ], [ -60.999, 45.333 ], [ -60.969, 45.272 ], [ -61.037, 45.3 ], [ -61.024, 45.263 ], [ -61.12, 45.213 ], [ -61.153, 45.238 ], [ -61.12, 45.272 ], [ -61.165, 45.264 ], [ -61.175, 45.203 ], [ -61.212, 45.253 ], [ -61.279, 45.254 ], [ -61.389, 45.164 ], [ -61.568, 45.147 ], [ -61.687, 45.175 ], [ -61.64, 45.087 ], [ -61.825, 45.099 ], [ -61.812, 45.08 ], [ -61.859, 45.08 ], [ -61.839, 45.046 ], [ -61.935, 45.053 ], [ -61.941, 45.025 ], [ -62.051, 45.011 ], [ -61.989, 44.985 ], [ -62.234, 44.959 ], [ -62.339, 44.922 ], [ -62.339, 44.895 ], [ -62.393, 44.91 ], [ -62.448, 44.833 ], [ -62.476, 44.901 ], [ -62.507, 44.863 ], [ -62.552, 44.868 ], [ -62.566, 44.84 ], [ -62.531, 44.806 ], [ -62.607, 44.837 ], [ -62.654, 44.793 ], [ -62.805, 44.785 ], [ -62.826, 44.752 ], [ -62.798, 44.73 ], [ -62.83, 44.718 ], [ -62.93, 44.74 ], [ -62.989, 44.711 ], [ -63.004, 44.771 ], [ -63.059, 44.778 ], [ -63.014, 44.711 ], [ -63.059, 44.675 ], [ -63.119, 44.791 ], [ -63.14, 44.689 ], [ -63.155, 44.73 ], [ -63.214, 44.681 ], [ -63.237, 44.737 ], [ -63.285, 44.627 ], [ -63.389, 44.643 ], [ -63.417, 44.683 ], [ -63.456, 44.668 ], [ -63.415, 44.634 ], [ -63.439, 44.596 ], [ -63.662, 44.717 ], [ -63.564, 44.635 ], [ -63.523, 44.518 ], [ -63.549, 44.473 ], [ -63.596, 44.487 ], [ -63.633, 44.441 ], [ -63.628, 44.47 ], [ -63.716, 44.456 ], [ -63.765, 44.505 ], [ -63.793, 44.468 ], [ -63.785, 44.532 ], [ -63.874, 44.499 ], [ -63.929, 44.511 ], [ -63.943, 44.621 ], [ -63.888, 44.696 ], [ -64.066, 44.634 ], [ -64.011, 44.511 ], [ -64.041, 44.523 ], [ -64.076, 44.477 ], [ -64.118, 44.487 ], [ -64.119, 44.538 ], [ -64.162, 44.58 ], [ -64.211, 44.571 ], [ -64.227, 44.537 ], [ -64.306, 44.566 ], [ -64.326, 44.477 ], [ -64.299, 44.47 ], [ -64.354, 44.456 ], [ -64.34, 44.415 ], [ -64.275, 44.415 ], [ -64.312, 44.381 ], [ -64.211, 44.367 ], [ -64.347, 44.367 ], [ -64.34, 44.333 ], [ -64.265, 44.333 ], [ -64.289, 44.299 ], [ -64.237, 44.299 ], [ -64.269, 44.267 ], [ -64.312, 44.264 ], [ -64.333, 44.299 ], [ -64.429, 44.34 ], [ -64.36, 44.272 ], [ -64.498, 44.141 ], [ -64.606, 44.159 ], [ -64.621, 44.141 ], [ -64.546, 44.117 ], [ -64.576, 44.069 ], [ -64.717, 44.059 ], [ -64.669, 44.035 ], [ -64.667, 43.998 ], [ -64.847, 43.929 ], [ -64.786, 43.874 ], [ -64.839, 43.83 ], [ -64.915, 43.881 ], [ -64.881, 43.812 ], [ -64.907, 43.805 ], [ -64.967, 43.874 ], [ -64.932, 43.806 ], [ -64.984, 43.758 ], [ -65.039, 43.832 ], [ -65.025, 43.716 ], [ -65.077, 43.711 ], [ -65.087, 43.758 ], [ -65.129, 43.675 ], [ -65.142, 43.751 ], [ -65.178, 43.71 ], [ -65.238, 43.806 ], [ -65.255, 43.776 ], [ -65.225, 43.719 ], [ -65.25, 43.673 ], [ -65.327, 43.696 ], [ -65.323, 43.765 ], [ -65.368, 43.744 ], [ -65.334, 43.67 ], [ -65.358, 43.604 ], [ -65.341, 43.545 ], [ -65.457, 43.6 ], [ -65.402, 43.504 ], [ -65.45, 43.56 ], [ -65.484, 43.524 ], [ -65.475, 43.471 ], [ -65.566, 43.574 ], [ -65.669, 43.497 ], [ -65.73, 43.513 ], [ -65.74, 43.577 ], [ -65.754, 43.552 ], [ -65.778, 43.568 ], [ -65.779, 43.689 ], [ -65.8, 43.606 ], [ -65.815, 43.632 ], [ -65.862, 43.806 ], [ -65.877, 43.77 ], [ -65.937, 43.826 ], [ -65.971, 43.78 ], [ -65.997, 43.854 ], [ -65.98, 43.706 ], [ -65.992, 43.731 ], [ -66.024, 43.698 ], [ -66.042, 43.746 ], [ -66.06, 43.716 ], [ -66.079, 43.772 ], [ -66.122, 43.744 ], [ -66.111, 43.848 ], [ -66.15, 43.826 ], [ -66.17, 43.86 ], [ -66.15, 44.01 ], [ -66.183, 44.084 ], [ -66.21, 44.086 ], [ -66.191, 44.165 ], [ -66.095, 44.374 ], [ -65.84, 44.573 ], [ -65.943, 44.583 ], [ -66.197, 44.391 ], [ -66.18, 44.434 ], [ -65.999, 44.58 ], [ -65.786, 44.696 ], [ -65.757, 44.611 ], [ -65.692, 44.621 ], [ -65.429, 44.778 ], [ -65.742, 44.668 ], [ -65.759, 44.683 ], [ -65.723, 44.727 ], [ -64.863, 45.14 ], [ -64.415, 45.272 ], [ -64.395, 45.302 ], [ -64.498, 45.334 ], [ -64.478, 45.341 ], [ -64.33, 45.31 ], [ -64.357, 45.171 ], [ -64.388, 45.149 ], [ -64.368, 45.108 ], [ -64.306, 45.149 ], [ -64.223, 45.108 ], [ -64.152, 45.05 ], [ -64.155, 44.984 ], [ -64.107, 44.998 ], [ -64.101, 45.059 ], [ -64.199, 45.149 ], [ -64.115, 45.216 ], [ -63.825, 45.28 ], [ -63.801, 45.311 ], [ -63.737, 45.3 ], [ -63.716, 45.326 ], [ -63.524, 45.334 ], [ -63.469, 45.292 ], [ -63.433, 45.345 ], [ -63.36, 45.361 ], [ -63.816, 45.395 ], [ -63.891, 45.353 ], [ -63.937, 45.399 ], [ -64.105, 45.415 ], [ -64.312, 45.402 ], [ -64.388, 45.367 ], [ -64.576, 45.416 ], [ -64.673, 45.389 ], [ -64.707, 45.361 ], [ -64.697, 45.326 ], [ -64.759, 45.3 ], [ -64.823, 45.348 ], [ -64.929, 45.326 ], [ -64.902, 45.43 ], [ -64.8, 45.471 ], [ -64.833, 45.484 ], [ -64.457, 45.683 ], [ -64.381, 45.792 ], [ -64.306, 45.827 ], [ -64.333, 45.745 ], [ -64.265, 45.765 ], [ -64.306, 45.779 ], [ -64.175, 45.95 ], [ -64.024, 46.002 ] ] ], [ [ [ -60.889, 45.574 ], [ -61.004, 45.461 ], [ -61.024, 45.471 ], [ -61.002, 45.494 ], [ -61.112, 45.549 ], [ -61.01, 45.581 ], [ -60.889, 45.574 ] ] ], [ [ [ -62.507, 45.828 ], [ -62.556, 45.799 ], [ -62.603, 45.804 ], [ -62.574, 45.824 ], [ -62.507, 45.828 ] ] ], [ [ [ -59.708, 45.995 ], [ -59.778, 46.012 ], [ -59.689, 46.03 ], [ -59.708, 45.995 ] ] ], [ [ [ -60.199, 45.756 ], [ -60.235, 45.707 ], [ -60.395, 45.643 ], [ -60.475, 45.649 ], [ -60.672, 45.574 ], [ -60.844, 45.605 ], [ -60.871, 45.646 ], [ -61.157, 45.557 ], [ -61.208, 45.608 ], [ -61.285, 45.548 ], [ -61.442, 45.682 ], [ -61.552, 46.022 ], [ -61.475, 46.074 ], [ -61.459, 46.145 ], [ -61.281, 46.246 ], [ -61.086, 46.466 ], [ -61.03, 46.568 ], [ -61.043, 46.625 ], [ -61.016, 46.642 ], [ -61.024, 46.593 ], [ -60.899, 46.769 ], [ -60.701, 46.905 ], [ -60.642, 47.004 ], [ -60.594, 47.035 ], [ -60.486, 46.999 ], [ -60.396, 47.026 ], [ -60.496, 46.895 ], [ -60.311, 46.854 ], [ -60.345, 46.694 ], [ -60.4, 46.67 ], [ -60.358, 46.656 ], [ -60.386, 46.642 ], [ -60.352, 46.601 ], [ -60.606, 46.211 ], [ -60.475, 46.32 ], [ -60.419, 46.33 ], [ -60.427, 46.284 ], [ -60.632, 46.118 ], [ -60.816, 46.062 ], [ -60.873, 46.053 ], [ -60.852, 46.074 ], [ -60.874, 46.079 ], [ -60.993, 45.982 ], [ -61.119, 45.949 ], [ -61.126, 45.93 ], [ -61.01, 45.941 ], [ -60.884, 46.035 ], [ -60.736, 46.057 ], [ -60.815, 45.937 ], [ -61.071, 45.895 ], [ -61.044, 45.889 ], [ -61.098, 45.854 ], [ -60.989, 45.889 ], [ -60.914, 45.854 ], [ -60.965, 45.861 ], [ -60.935, 45.827 ], [ -61.103, 45.779 ], [ -61.148, 45.708 ], [ -61.082, 45.691 ], [ -60.913, 45.756 ], [ -60.807, 45.721 ], [ -60.838, 45.642 ], [ -60.766, 45.693 ], [ -60.732, 45.684 ], [ -60.737, 45.774 ], [ -60.4, 45.998 ], [ -60.699, 45.891 ], [ -60.787, 45.93 ], [ -60.782, 45.954 ], [ -60.301, 46.219 ], [ -60.401, 46.218 ], [ -60.653, 46.072 ], [ -60.475, 46.233 ], [ -60.284, 46.328 ], [ -60.205, 46.242 ], [ -60.29, 46.156 ], [ -60.244, 46.176 ], [ -60.205, 46.142 ], [ -60.193, 46.212 ], [ -60.136, 46.252 ], [ -60.037, 46.224 ], [ -60.091, 46.211 ], [ -59.944, 46.196 ], [ -59.934, 46.159 ], [ -59.811, 46.17 ], [ -59.886, 46.08 ], [ -59.811, 46.108 ], [ -59.958, 46.027 ], [ -59.921, 45.995 ], [ -59.832, 46.003 ], [ -59.805, 45.936 ], [ -59.968, 45.91 ], [ -59.976, 45.875 ], [ -60.127, 45.869 ], [ -60.156, 45.838 ], [ -60.075, 45.797 ], [ -60.199, 45.756 ] ] ] ] } },
{ "type": "Feature", "properties": { "code": "CA-NT" }, "geometry": { "type": "MultiPolygon", "coordinates": [ [ [ [ -136.068, 68.885 ], [ -135.703, 68.775 ], [ -135.519, 68.755 ], [ -135.41, 68.681 ], [ -135.149, 68.66 ], [ -135.322, 68.726 ], [ -135.368, 68.782 ], [ -135.462, 68.801 ], [ -135.505, 68.845 ], [ -135.341, 68.839 ], [ -135.57, 68.859 ], [ -135.628, 68.893 ], [ -135.606, 68.911 ], [ -135.868, 68.907 ], [ -136.005, 68.948 ], [ -135.923, 68.962 ], [ -135.991, 69.016 ], [ -135.954, 69.048 ], [ -135.77, 68.992 ], [ -135.519, 69.03 ], [ -135.695, 69.015 ], [ -135.743, 69.059 ], [ -135.919, 69.093 ], [ -135.968, 69.222 ], [ -135.895, 69.252 ], [ -135.588, 69.125 ], [ -135.416, 69.099 ], [ -135.625, 69.153 ], [ -135.855, 69.29 ], [ -135.682, 69.33 ], [ -135.567, 69.229 ], [ -135.613, 69.322 ], [ -135.569, 69.345 ], [ -135.167, 69.263 ], [ -135.24, 69.315 ], [ -135.284, 69.415 ], [ -135.155, 69.48 ], [ -135.108, 69.462 ], [ -134.806, 69.503 ], [ -134.476, 69.444 ], [ -134.416, 69.497 ], [ -134.5, 69.518 ], [ -134.541, 69.476 ], [ -134.594, 69.513 ], [ -134.573, 69.551 ], [ -134.471, 69.544 ], [ -134.491, 69.564 ], [ -134.406, 69.637 ], [ -134.481, 69.727 ], [ -134.32, 69.724 ], [ -134.354, 69.682 ], [ -134.335, 69.673 ], [ -134.224, 69.682 ], [ -134.149, 69.633 ], [ -134.242, 69.577 ], [ -134.186, 69.592 ], [ -134.121, 69.544 ], [ -134.005, 69.558 ], [ -134.052, 69.531 ], [ -133.915, 69.512 ], [ -133.799, 69.551 ], [ -133.826, 69.558 ], [ -133.808, 69.576 ], [ -133.751, 69.551 ], [ -133.818, 69.467 ], [ -134.092, 69.345 ], [ -134.101, 69.298 ], [ -134.222, 69.273 ], [ -134.313, 69.154 ], [ -134.246, 69.17 ], [ -134.163, 69.256 ], [ -133.906, 69.291 ], [ -133.842, 69.345 ], [ -133.682, 69.343 ], [ -133.662, 69.353 ], [ -133.697, 69.366 ], [ -133.632, 69.399 ], [ -133.227, 69.4 ], [ -133.046, 69.435 ], [ -133.05, 69.477 ], [ -132.97, 69.517 ], [ -132.976, 69.614 ], [ -132.887, 69.661 ], [ -132.53, 69.632 ], [ -132.385, 69.647 ], [ -132.333, 69.685 ], [ -132.463, 69.661 ], [ -132.431, 69.683 ], [ -132.451, 69.708 ], [ -132.627, 69.674 ], [ -132.548, 69.743 ], [ -132.277, 69.774 ], [ -132.257, 69.77 ], [ -132.484, 69.736 ], [ -132.291, 69.736 ], [ -132.319, 69.715 ], [ -132.139, 69.688 ], [ -132.1, 69.728 ], [ -131.819, 69.777 ], [ -131.749, 69.836 ], [ -131.62, 69.876 ], [ -131.451, 69.896 ], [ -131.408, 69.961 ], [ -131.241, 69.933 ], [ -131.188, 69.825 ], [ -131.154, 69.866 ], [ -131.188, 69.866 ], [ -131.168, 69.887 ], [ -131.085, 69.893 ], [ -130.999, 70.012 ], [ -130.928, 70.03 ], [ -131.024, 70.03 ], [ -130.894, 70.106 ], [ -130.917, 70.075 ], [ -130.723, 70.132 ], [ -130.747, 70.09 ], [ -130.723, 70.079 ], [ -130.664, 70.098 ], [ -130.661, 70.136 ], [ -130.515, 70.177 ], [ -130.462, 70.175 ], [ -130.538, 70.153 ], [ -130.52, 70.105 ], [ -130.483, 70.12 ], [ -130.524, 70.127 ], [ -130.504, 70.139 ], [ -130.42, 70.136 ], [ -130.385, 70.166 ], [ -130.291, 70.106 ], [ -130.338, 70.086 ], [ -130.16, 70.106 ], [ -130.187, 70.053 ], [ -130.098, 70.113 ], [ -130.099, 70.079 ], [ -129.954, 70.103 ], [ -129.993, 70.075 ], [ -129.932, 70.076 ], [ -129.79, 70.181 ], [ -129.831, 70.202 ], [ -129.674, 70.27 ], [ -129.653, 70.222 ], [ -129.592, 70.195 ], [ -129.633, 70.168 ], [ -129.455, 70.147 ], [ -129.499, 70.118 ], [ -129.468, 70.091 ], [ -129.406, 70.121 ], [ -129.441, 70.068 ], [ -129.557, 70.044 ], [ -129.495, 70.03 ], [ -129.6, 69.991 ], [ -130.527, 69.784 ], [ -130.591, 69.708 ], [ -130.79, 69.678 ], [ -130.847, 69.606 ], [ -130.941, 69.566 ], [ -131.03, 69.6 ], [ -131.048, 69.644 ], [ -131.346, 69.606 ], [ -131.332, 69.578 ], [ -131.668, 69.578 ], [ -131.663, 69.536 ], [ -131.759, 69.57 ], [ -131.984, 69.537 ], [ -132.079, 69.482 ], [ -132.047, 69.465 ], [ -132.106, 69.442 ], [ -132.092, 69.421 ], [ -132.141, 69.414 ], [ -132.079, 69.386 ], [ -132.114, 69.361 ], [ -132.347, 69.308 ], [ -132.325, 69.249 ], [ -132.387, 69.311 ], [ -132.435, 69.304 ], [ -132.435, 69.253 ], [ -132.486, 69.236 ], [ -132.497, 69.16 ], [ -132.545, 69.29 ], [ -132.771, 69.256 ], [ -132.908, 69.131 ], [ -132.833, 69.113 ], [ -132.9, 69.076 ], [ -132.892, 68.983 ], [ -132.949, 69.044 ], [ -132.929, 69.082 ], [ -133.023, 69.055 ], [ -133.101, 69.072 ], [ -133.203, 69.038 ], [ -133.203, 68.989 ], [ -133.25, 68.968 ], [ -133.209, 68.948 ], [ -133.237, 68.914 ], [ -133.354, 68.866 ], [ -133.401, 68.893 ], [ -133.363, 68.912 ], [ -133.47, 68.893 ], [ -133.429, 68.858 ], [ -133.491, 68.843 ], [ -133.451, 68.791 ], [ -133.066, 68.694 ], [ -132.922, 68.701 ], [ -133.149, 68.724 ], [ -133.262, 68.779 ], [ -133.14, 68.763 ], [ -133.157, 68.776 ], [ -133.33, 68.795 ], [ -133.388, 68.845 ], [ -133.237, 68.866 ], [ -133.108, 68.806 ], [ -133.037, 68.826 ], [ -132.929, 68.804 ], [ -132.964, 68.845 ], [ -132.94, 68.863 ], [ -132.726, 68.791 ], [ -132.711, 68.81 ], [ -132.744, 68.831 ], [ -132.705, 68.837 ], [ -132.483, 68.805 ], [ -132.394, 68.866 ], [ -132.55, 68.92 ], [ -132.579, 68.907 ], [ -132.484, 68.886 ], [ -132.62, 68.892 ], [ -132.676, 68.849 ], [ -132.785, 68.851 ], [ -132.71, 68.886 ], [ -132.817, 68.908 ], [ -132.811, 68.937 ], [ -132.676, 68.927 ], [ -132.85, 68.986 ], [ -132.859, 69.033 ], [ -132.826, 69.044 ], [ -132.874, 69.058 ], [ -132.484, 69.147 ], [ -132.415, 69.238 ], [ -132.431, 69.143 ], [ -132.47, 69.113 ], [ -132.373, 69.149 ], [ -132.327, 69.234 ], [ -132.296, 69.205 ], [ -132.347, 69.195 ], [ -132.301, 69.182 ], [ -132.203, 69.219 ], [ -132.236, 69.148 ], [ -132.216, 69.154 ], [ -132.161, 69.246 ], [ -131.966, 69.259 ], [ -131.881, 69.318 ], [ -131.913, 69.288 ], [ -131.88, 69.285 ], [ -131.715, 69.4 ], [ -131.856, 69.376 ], [ -131.894, 69.411 ], [ -131.977, 69.408 ], [ -131.911, 69.428 ], [ -131.647, 69.428 ], [ -131.674, 69.464 ], [ -131.613, 69.476 ], [ -131.428, 69.435 ], [ -131.489, 69.4 ], [ -131.483, 69.359 ], [ -131.538, 69.339 ], [ -131.515, 69.336 ], [ -131.414, 69.373 ], [ -131.394, 69.423 ], [ -131.36, 69.421 ], [ -131.38, 69.454 ], [ -131.332, 69.448 ], [ -131.317, 69.494 ], [ -131.244, 69.408 ], [ -131.274, 69.499 ], [ -131.252, 69.504 ], [ -131.211, 69.398 ], [ -131.414, 69.298 ], [ -131.348, 69.317 ], [ -131.161, 69.394 ], [ -131.161, 69.496 ], [ -131.232, 69.542 ], [ -131.243, 69.585 ], [ -131.115, 69.517 ], [ -131.138, 69.37 ], [ -131.062, 69.489 ], [ -131.083, 69.534 ], [ -131.195, 69.592 ], [ -131.128, 69.621 ], [ -131.093, 69.611 ], [ -131.107, 69.578 ], [ -131.03, 69.462 ], [ -131.12, 69.325 ], [ -131.041, 69.367 ], [ -130.971, 69.475 ], [ -130.986, 69.541 ], [ -130.948, 69.539 ], [ -130.939, 69.424 ], [ -131.051, 69.339 ], [ -131.023, 69.309 ], [ -130.957, 69.38 ], [ -130.901, 69.386 ], [ -131.026, 69.206 ], [ -131.012, 69.145 ], [ -130.928, 69.14 ], [ -130.954, 69.179 ], [ -130.945, 69.277 ], [ -130.797, 69.353 ], [ -130.826, 69.382 ], [ -130.687, 69.418 ], [ -130.647, 69.462 ], [ -130.75, 69.454 ], [ -130.447, 69.585 ], [ -130.451, 69.623 ], [ -130.338, 69.682 ], [ -130.38, 69.695 ], [ -129.605, 69.825 ], [ -129.123, 69.856 ], [ -128.965, 69.965 ], [ -128.886, 69.976 ], [ -128.858, 69.955 ], [ -128.891, 69.971 ], [ -128.913, 69.911 ], [ -128.958, 69.894 ], [ -128.933, 69.845 ], [ -129.174, 69.832 ], [ -129.133, 69.777 ], [ -129.154, 69.704 ], [ -128.942, 69.682 ], [ -128.92, 69.688 ], [ -128.968, 69.732 ], [ -128.803, 69.758 ], [ -128.6, 69.869 ], [ -128.31, 69.963 ], [ -128.37, 70.097 ], [ -128.337, 70.13 ], [ -128.111, 70.189 ], [ -127.515, 70.222 ], [ -128.032, 70.294 ], [ -128.111, 70.367 ], [ -127.958, 70.348 ], [ -127.906, 70.394 ], [ -128.178, 70.38 ], [ -128.196, 70.447 ], [ -128.163, 70.496 ], [ -128.002, 70.593 ], [ -127.445, 70.406 ], [ -127.136, 70.253 ], [ -126.885, 70.01 ], [ -126.775, 69.976 ], [ -126.792, 69.95 ], [ -126.769, 69.935 ], [ -126.806, 69.899 ], [ -126.702, 69.767 ], [ -126.245, 69.525 ], [ -125.939, 69.414 ], [ -125.685, 69.394 ], [ -125.449, 69.319 ], [ -125.37, 69.353 ], [ -125.46, 69.414 ], [ -125.161, 69.386 ], [ -125.117, 69.421 ], [ -125.144, 69.435 ], [ -125.089, 69.454 ], [ -125.262, 69.448 ], [ -125.304, 69.474 ], [ -125.624, 69.421 ], [ -125.583, 69.476 ], [ -125.5, 69.476 ], [ -125.484, 69.514 ], [ -125.309, 69.503 ], [ -125.317, 69.528 ], [ -125.117, 69.49 ], [ -125.294, 69.551 ], [ -125.219, 69.585 ], [ -125.438, 69.613 ], [ -125.386, 69.615 ], [ -125.419, 69.641 ], [ -125.37, 69.695 ], [ -125.234, 69.695 ], [ -125.068, 69.751 ], [ -124.97, 69.733 ], [ -124.937, 69.65 ], [ -124.822, 69.715 ], [ -124.926, 69.753 ], [ -125.24, 69.771 ], [ -125.281, 69.811 ], [ -125.181, 69.857 ], [ -125.169, 69.802 ], [ -125.065, 69.799 ], [ -125.027, 69.866 ], [ -124.915, 69.935 ], [ -124.63, 69.986 ], [ -124.685, 70.024 ], [ -124.766, 69.972 ], [ -124.856, 69.989 ], [ -124.795, 70.01 ], [ -124.814, 70.016 ], [ -124.993, 70.01 ], [ -125.13, 69.963 ], [ -125.103, 69.948 ], [ -125.209, 69.935 ], [ -125.185, 69.973 ], [ -125.206, 70.003 ], [ -125.014, 70.086 ], [ -124.983, 70.078 ], [ -124.988, 70.046 ], [ -125.048, 70.03 ], [ -125.006, 70.02 ], [ -124.896, 70.024 ], [ -124.856, 70.037 ], [ -124.959, 70.037 ], [ -124.822, 70.071 ], [ -124.65, 70.075 ], [ -124.577, 70.015 ], [ -124.528, 70.061 ], [ -124.417, 70.051 ], [ -124.465, 70.087 ], [ -124.582, 70.086 ], [ -124.507, 70.106 ], [ -124.74, 70.092 ], [ -124.685, 70.113 ], [ -124.753, 70.12 ], [ -124.702, 70.151 ], [ -124.555, 70.161 ], [ -124.408, 70.155 ], [ -124.384, 70.14 ], [ -124.444, 70.111 ], [ -124.363, 70.071 ], [ -124.39, 70.02 ], [ -124.507, 70.01 ], [ -124.417, 69.996 ], [ -124.541, 69.97 ], [ -124.435, 69.955 ], [ -124.45, 69.92 ], [ -124.507, 69.916 ], [ -124.404, 69.86 ], [ -124.491, 69.797 ], [ -124.507, 69.736 ], [ -124.326, 69.698 ], [ -124.075, 69.729 ], [ -124.034, 69.682 ], [ -124.185, 69.633 ], [ -124.24, 69.551 ], [ -124.429, 69.473 ], [ -124.417, 69.414 ], [ -124.521, 69.408 ], [ -124.423, 69.367 ], [ -124.159, 69.348 ], [ -124.054, 69.394 ], [ -124.006, 69.345 ], [ -124.02, 69.38 ], [ -123.983, 69.404 ], [ -123.664, 69.359 ], [ -123.383, 69.414 ], [ -123.437, 69.426 ], [ -123.443, 69.477 ], [ -123.166, 69.5 ], [ -123.129, 69.575 ], [ -123.164, 69.616 ], [ -123.1, 69.675 ], [ -123.114, 69.744 ], [ -123.157, 69.77 ], [ -122.951, 69.839 ], [ -122.773, 69.795 ], [ -122.746, 69.832 ], [ -121.644, 69.789 ], [ -121.428, 69.767 ], [ -120.807, 69.624 ], [ -120.681, 69.557 ], [ -120.67, 67.997 ], [ -112.504, 65.501 ], [ -110.669, 65.496 ], [ -109.516, 64.902 ], [ -109.215, 64.812 ], [ -108.973, 64.778 ], [ -101.999, 64.227 ], [ -102.002, 60.0 ], [ -123.819, 60.0 ], [ -123.896, 60.04 ], [ -124.026, 60.02 ], [ -123.981, 60.098 ], [ -124.196, 60.33 ], [ -124.216, 60.461 ], [ -124.416, 60.479 ], [ -124.457, 60.569 ], [ -124.62, 60.682 ], [ -124.479, 60.788 ], [ -124.599, 60.965 ], [ -124.806, 60.968 ], [ -124.869, 60.926 ], [ -124.892, 60.855 ], [ -125.179, 60.85 ], [ -125.364, 60.782 ], [ -125.715, 60.834 ], [ -125.901, 60.895 ], [ -126.014, 60.803 ], [ -126.114, 60.826 ], [ -126.122, 60.866 ], [ -126.201, 60.864 ], [ -126.244, 60.846 ], [ -126.221, 60.806 ], [ -126.289, 60.78 ], [ -126.51, 60.815 ], [ -126.675, 60.746 ], [ -126.773, 60.784 ], [ -126.834, 60.755 ], [ -126.885, 60.782 ], [ -126.881, 60.833 ], [ -126.916, 60.852 ], [ -126.901, 60.946 ], [ -126.937, 61.059 ], [ -127.058, 61.043 ], [ -127.1, 61.071 ], [ -127.012, 61.127 ], [ -127.031, 61.153 ], [ -127.007, 61.188 ], [ -127.063, 61.37 ], [ -127.121, 61.397 ], [ -127.146, 61.465 ], [ -127.313, 61.522 ], [ -127.548, 61.512 ], [ -127.807, 61.611 ], [ -127.981, 61.694 ], [ -128.009, 61.775 ], [ -128.084, 61.85 ], [ -128.225, 61.858 ], [ -128.277, 61.947 ], [ -128.381, 61.99 ], [ -128.382, 62.031 ], [ -128.547, 62.122 ], [ -128.685, 62.12 ], [ -128.779, 62.057 ], [ -128.849, 62.069 ], [ -128.894, 62.117 ], [ -129.13, 62.116 ], [ -129.288, 62.153 ], [ -129.202, 62.211 ], [ -129.309, 62.321 ], [ -129.216, 62.378 ], [ -129.305, 62.423 ], [ -129.172, 62.479 ], [ -129.452, 62.59 ], [ -129.552, 62.566 ], [ -129.554, 62.593 ], [ -129.495, 62.608 ], [ -129.517, 62.673 ], [ -129.624, 62.705 ], [ -129.637, 62.762 ], [ -129.773, 62.869 ], [ -129.702, 62.892 ], [ -129.707, 62.95 ], [ -129.6, 63.047 ], [ -129.614, 63.072 ], [ -129.845, 63.091 ], [ -129.905, 63.197 ], [ -129.977, 63.207 ], [ -130.058, 63.27 ], [ -130.15, 63.268 ], [ -130.129, 63.317 ], [ -129.919, 63.373 ], [ -129.909, 63.439 ], [ -129.823, 63.478 ], [ -129.887, 63.563 ], [ -129.955, 63.583 ], [ -129.956, 63.617 ], [ -130.094, 63.633 ], [ -130.095, 63.698 ], [ -130.252, 63.667 ], [ -130.318, 63.703 ], [ -130.279, 63.737 ], [ -130.108, 63.767 ], [ -130.114, 63.804 ], [ -130.362, 63.842 ], [ -130.53, 63.934 ], [ -130.74, 63.973 ], [ -130.775, 64.011 ], [ -130.757, 64.047 ], [ -130.863, 64.042 ], [ -130.859, 64.077 ], [ -130.942, 64.129 ], [ -130.873, 64.19 ], [ -130.933, 64.208 ], [ -130.975, 64.264 ], [ -131.061, 64.28 ], [ -131.003, 64.325 ], [ -131.146, 64.424 ], [ -131.384, 64.468 ], [ -131.427, 64.416 ], [ -131.599, 64.369 ], [ -131.682, 64.392 ], [ -131.819, 64.378 ], [ -131.806, 64.427 ], [ -131.682, 64.521 ], [ -131.938, 64.597 ], [ -132.054, 64.696 ], [ -132.321, 64.769 ], [ -132.556, 64.771 ], [ -132.615, 64.816 ], [ -132.481, 64.88 ], [ -132.507, 64.965 ], [ -132.334, 65.031 ], [ -132.371, 65.081 ], [ -132.553, 65.103 ], [ -132.527, 65.157 ], [ -132.554, 65.181 ], [ -132.716, 65.156 ], [ -132.788, 65.188 ], [ -132.72, 65.209 ], [ -132.781, 65.226 ], [ -132.554, 65.284 ], [ -132.53, 65.353 ], [ -132.322, 65.44 ], [ -132.276, 65.545 ], [ -132.173, 65.595 ], [ -132.371, 65.771 ], [ -132.569, 65.844 ], [ -132.513, 65.903 ], [ -132.347, 65.941 ], [ -132.335, 65.967 ], [ -132.391, 65.997 ], [ -132.482, 65.977 ], [ -132.583, 66.032 ], [ -132.902, 65.908 ], [ -132.994, 65.923 ], [ -132.907, 66.003 ], [ -132.955, 66.03 ], [ -133.331, 65.987 ], [ -133.388, 65.947 ], [ -133.612, 65.962 ], [ -133.631, 65.985 ], [ -133.608, 66.05 ], [ -133.705, 66.072 ], [ -133.664, 66.12 ], [ -133.567, 66.154 ], [ -133.564, 66.261 ], [ -133.633, 66.303 ], [ -133.819, 66.31 ], [ -133.76, 66.437 ], [ -133.629, 66.445 ], [ -133.692, 66.52 ], [ -133.592, 66.569 ], [ -133.775, 66.647 ], [ -133.755, 66.68 ], [ -133.834, 66.726 ], [ -133.77, 66.809 ], [ -133.925, 66.912 ], [ -134.091, 66.964 ], [ -133.831, 67.003 ], [ -136.167, 67.006 ], [ -136.222, 67.064 ], [ -136.204, 67.146 ], [ -136.237, 67.178 ], [ -136.138, 67.225 ], [ -136.095, 67.297 ], [ -136.138, 67.36 ], [ -136.116, 67.377 ], [ -136.201, 67.408 ], [ -136.157, 67.504 ], [ -136.247, 67.62 ], [ -136.423, 67.657 ], [ -136.445, 67.726 ], [ -136.445, 68.91 ], [ -136.068, 68.885 ] ] ], [ [ [ -136.006, 69.09 ], [ -136.222, 69.106 ], [ -136.181, 69.134 ], [ -136.248, 69.172 ], [ -136.145, 69.161 ], [ -136.006, 69.09 ] ] ], [ [ [ -135.552, 69.407 ], [ -135.321, 69.38 ], [ -135.348, 69.359 ], [ -135.281, 69.362 ], [ -135.292, 69.316 ], [ -135.567, 69.386 ], [ -135.552, 69.407 ] ] ], [ [ [ -135.591, 69.467 ], [ -135.841, 69.496 ], [ -135.706, 69.509 ], [ -135.591, 69.467 ] ] ], [ [ [ -134.018, 69.583 ], [ -133.901, 69.627 ], [ -133.813, 69.606 ], [ -133.929, 69.565 ], [ -134.018, 69.583 ] ] ], [ [ [ -135.473, 69.653 ], [ -135.403, 69.654 ], [ -135.489, 69.579 ], [ -135.593, 69.594 ], [ -135.473, 69.653 ] ] ], [ [ [ -124.959, 70.168 ], [ -125.096, 70.14 ], [ -125.066, 70.121 ], [ -125.124, 70.127 ], [ -125.085, 70.165 ], [ -124.959, 70.168 ] ] ], [ [ [ -116.753, 70.478 ], [ -116.832, 70.511 ], [ -116.611, 70.493 ], [ -116.571, 70.47 ], [ -116.753, 70.478 ] ] ], [ [ [ -116.126, 70.538 ], [ -116.453, 70.512 ], [ -116.496, 70.524 ], [ -116.297, 70.555 ], [ -116.126, 70.538 ] ] ], [ [ [ -116.51, 70.552 ], [ -116.744, 70.542 ], [ -116.777, 70.552 ], [ -116.51, 70.552 ] ] ], [ [ [ -117.222, 70.543 ], [ -117.304, 70.572 ], [ -117.215, 70.593 ], [ -116.88, 70.552 ], [ -117.222, 70.543 ] ] ], [ [ [ -128.093, 70.606 ], [ -128.137, 70.575 ], [ -128.241, 70.599 ], [ -128.242, 70.572 ], [ -128.344, 70.545 ], [ -128.235, 70.661 ], [ -128.093, 70.606 ] ] ], [ [ [ -125.964, 71.983 ], [ -125.909, 71.964 ], [ -125.997, 71.977 ], [ -125.964, 71.983 ] ] ], [ [ [ -115.321, 73.481 ], [ -115.754, 73.357 ], [ -116.459, 73.261 ], [ -117.2, 73.07 ], [ -117.39, 73.055 ], [ -118.238, 72.858 ], [ -118.522, 72.758 ], [ -118.768, 72.739 ], [ -119.164, 72.63 ], [ -119.182, 72.539 ], [ -119.305, 72.45 ], [ -119.33, 72.384 ], [ -119.305, 72.37 ], [ -119.34, 72.347 ], [ -119.806, 72.223 ], [ -120.255, 72.261 ], [ -120.183, 72.204 ], [ -120.158, 72.128 ], [ -120.434, 71.964 ], [ -120.457, 71.929 ], [ -120.388, 71.882 ], [ -120.422, 71.749 ], [ -120.382, 71.692 ], [ -120.516, 71.543 ], [ -120.635, 71.491 ], [ -121.423, 71.38 ], [ -121.608, 71.401 ], [ -121.538, 71.431 ], [ -121.701, 71.468 ], [ -122.123, 71.271 ], [ -122.63, 71.175 ], [ -122.798, 71.088 ], [ -123.1, 71.085 ], [ -123.255, 71.13 ], [ -123.436, 71.249 ], [ -123.669, 71.495 ], [ -123.808, 71.543 ], [ -123.94, 71.653 ], [ -124.065, 71.7 ], [ -124.662, 71.805 ], [ -125.253, 71.956 ], [ -124.94, 71.95 ], [ -124.959, 71.967 ], [ -125.878, 71.964 ], [ -125.742, 72.025 ], [ -125.72, 72.093 ], [ -125.795, 72.114 ], [ -125.752, 72.148 ], [ -125.569, 72.175 ], [ -125.657, 72.194 ], [ -125.679, 72.231 ], [ -125.491, 72.278 ], [ -125.487, 72.31 ], [ -125.532, 72.298 ], [ -125.52, 72.323 ], [ -125.391, 72.402 ], [ -125.438, 72.416 ], [ -125.343, 72.423 ], [ -125.363, 72.439 ], [ -125.299, 72.489 ], [ -125.061, 72.566 ], [ -124.952, 72.57 ], [ -124.966, 72.607 ], [ -125.103, 72.635 ], [ -124.946, 72.703 ], [ -125.021, 72.703 ], [ -124.977, 72.762 ], [ -125.027, 72.827 ], [ -125.113, 72.867 ], [ -124.951, 72.857 ], [ -124.476, 72.933 ], [ -124.527, 72.957 ], [ -124.5, 72.984 ], [ -124.623, 73.026 ], [ -124.726, 73.009 ], [ -124.86, 73.09 ], [ -124.787, 73.142 ], [ -124.644, 73.17 ], [ -124.671, 73.194 ], [ -124.489, 73.344 ], [ -124.404, 73.375 ], [ -124.434, 73.429 ], [ -124.292, 73.468 ], [ -124.315, 73.478 ], [ -124.181, 73.484 ], [ -124.068, 73.54 ], [ -124.041, 73.594 ], [ -124.074, 73.653 ], [ -123.841, 73.701 ], [ -123.848, 73.73 ], [ -123.774, 73.766 ], [ -123.883, 73.839 ], [ -124.213, 73.879 ], [ -124.198, 73.923 ], [ -124.355, 73.984 ], [ -124.384, 74.039 ], [ -124.466, 74.074 ], [ -124.439, 74.136 ], [ -124.546, 74.265 ], [ -124.694, 74.276 ], [ -124.603, 74.314 ], [ -124.787, 74.334 ], [ -124.756, 74.349 ], [ -123.304, 74.449 ], [ -122.623, 74.463 ], [ -121.581, 74.556 ], [ -121.132, 74.51 ], [ -121.012, 74.47 ], [ -120.978, 74.424 ], [ -120.157, 74.279 ], [ -119.86, 74.237 ], [ -119.518, 74.231 ], [ -119.662, 74.225 ], [ -119.647, 74.195 ], [ -119.685, 74.166 ], [ -119.818, 74.104 ], [ -119.822, 74.055 ], [ -119.765, 74.035 ], [ -119.73, 74.046 ], [ -119.747, 74.097 ], [ -119.621, 74.134 ], [ -119.48, 74.226 ], [ -119.144, 74.209 ], [ -119.098, 74.164 ], [ -119.135, 74.129 ], [ -119.077, 74.12 ], [ -119.069, 74.091 ], [ -119.14, 74.068 ], [ -119.189, 73.992 ], [ -118.952, 74.018 ], [ -118.805, 74.101 ], [ -118.796, 74.128 ], [ -118.883, 74.179 ], [ -118.725, 74.221 ], [ -118.066, 74.281 ], [ -117.416, 74.232 ], [ -116.867, 74.088 ], [ -115.923, 73.73 ], [ -115.619, 73.669 ], [ -115.334, 73.524 ], [ -115.321, 73.481 ] ] ], [ [ [ -117.785, 75.896 ], [ -117.942, 75.787 ], [ -117.935, 75.735 ], [ -118.271, 75.616 ], [ -118.202, 75.602 ], [ -118.614, 75.504 ], [ -119.409, 75.602 ], [ -119.332, 75.661 ], [ -118.992, 75.762 ], [ -118.621, 75.922 ], [ -118.174, 75.972 ], [ -118.087, 76.035 ], [ -117.799, 76.112 ], [ -117.66, 76.126 ], [ -117.463, 76.088 ], [ -117.584, 75.978 ], [ -117.785, 75.896 ] ] ], [ [ [ -120.883, 75.936 ], [ -120.914, 75.81 ], [ -121.059, 75.739 ], [ -121.293, 75.76 ], [ -121.023, 75.823 ], [ -120.998, 75.87 ], [ -121.044, 75.908 ], [ -120.998, 75.931 ], [ -120.883, 75.936 ] ] ], [ [ [ -119.468, 76.279 ], [ -119.486, 76.361 ], [ -119.576, 76.321 ], [ -119.717, 76.335 ], [ -119.655, 76.297 ], [ -119.711, 76.267 ], [ -119.565, 76.172 ], [ -119.703, 76.164 ], [ -119.552, 76.123 ], [ -119.806, 76.116 ], [ -119.523, 76.053 ], [ -119.492, 76.037 ], [ -119.486, 75.975 ], [ -119.635, 75.996 ], [ -119.703, 75.944 ], [ -119.607, 75.917 ], [ -119.702, 75.922 ], [ -119.863, 75.859 ], [ -120.044, 75.843 ], [ -120.161, 75.898 ], [ -120.26, 75.833 ], [ -120.387, 75.807 ], [ -120.489, 75.847 ], [ -120.454, 75.934 ], [ -120.388, 75.972 ], [ -120.45, 75.982 ], [ -120.436, 76.006 ], [ -120.46, 76.015 ], [ -120.596, 75.987 ], [ -120.684, 76.006 ], [ -120.732, 76.055 ], [ -120.649, 76.103 ], [ -120.752, 76.103 ], [ -120.662, 76.144 ], [ -120.865, 76.201 ], [ -121.011, 76.139 ], [ -121.025, 76.062 ], [ -120.971, 76.024 ], [ -120.953, 75.958 ], [ -121.014, 75.95 ], [ -120.984, 75.986 ], [ -121.034, 76.004 ], [ -121.118, 76.0 ], [ -121.259, 75.965 ], [ -121.3, 75.911 ], [ -121.495, 75.988 ], [ -121.847, 76.045 ], [ -122.125, 76.041 ], [ -122.15, 76.034 ], [ -122.136, 75.978 ], [ -122.426, 75.933 ], [ -122.732, 75.978 ], [ -122.598, 76.003 ], [ -122.56, 76.027 ], [ -122.698, 76.021 ], [ -122.526, 76.062 ], [ -122.483, 76.102 ], [ -122.705, 76.116 ], [ -122.493, 76.144 ], [ -122.606, 76.174 ], [ -122.828, 76.154 ], [ -122.925, 76.097 ], [ -123.041, 76.088 ], [ -122.91, 76.157 ], [ -122.944, 76.178 ], [ -122.925, 76.189 ], [ -122.862, 76.182 ], [ -122.832, 76.237 ], [ -122.747, 76.23 ], [ -122.711, 76.232 ], [ -122.634, 76.273 ], [ -122.65, 76.301 ], [ -122.617, 76.343 ], [ -122.403, 76.404 ], [ -121.512, 76.448 ], [ -121.409, 76.514 ], [ -121.414, 76.554 ], [ -121.228, 76.621 ], [ -121.187, 76.688 ], [ -121.089, 76.671 ], [ -120.92, 76.695 ], [ -120.368, 76.815 ], [ -120.388, 76.829 ], [ -120.368, 76.842 ], [ -120.429, 76.869 ], [ -120.228, 76.903 ], [ -120.169, 76.932 ], [ -120.175, 76.954 ], [ -120.094, 76.966 ], [ -120.091, 77.006 ], [ -119.931, 77.02 ], [ -119.922, 77.047 ], [ -119.837, 77.065 ], [ -119.827, 77.099 ], [ -119.387, 77.193 ], [ -119.29, 77.289 ], [ -119.163, 77.325 ], [ -117.852, 77.39 ], [ -117.962, 77.37 ], [ -117.474, 77.336 ], [ -117.231, 77.286 ], [ -117.039, 77.293 ], [ -117.01, 77.302 ], [ -117.181, 77.349 ], [ -116.813, 77.317 ], [ -116.777, 77.329 ], [ -116.811, 77.343 ], [ -116.647, 77.39 ], [ -116.994, 77.4 ], [ -117.154, 77.459 ], [ -116.757, 77.513 ], [ -116.928, 77.528 ], [ -116.901, 77.536 ], [ -116.407, 77.562 ], [ -116.427, 77.548 ], [ -116.064, 77.487 ], [ -116.126, 77.472 ], [ -116.087, 77.46 ], [ -115.777, 77.43 ], [ -115.448, 77.349 ], [ -115.393, 77.308 ], [ -115.928, 77.212 ], [ -116.247, 77.196 ], [ -116.302, 77.148 ], [ -116.401, 77.137 ], [ -116.29, 77.112 ], [ -116.222, 77.042 ], [ -115.732, 76.949 ], [ -115.907, 76.897 ], [ -116.366, 76.932 ], [ -116.175, 76.842 ], [ -116.04, 76.828 ], [ -115.893, 76.698 ], [ -116.325, 76.582 ], [ -117.008, 76.552 ], [ -117.078, 76.52 ], [ -116.986, 76.462 ], [ -116.993, 76.42 ], [ -116.934, 76.356 ], [ -117.136, 76.29 ], [ -117.352, 76.26 ], [ -117.571, 76.272 ], [ -117.661, 76.294 ], [ -117.676, 76.327 ], [ -117.858, 76.33 ], [ -118.058, 76.41 ], [ -118.031, 76.431 ], [ -118.052, 76.445 ], [ -117.99, 76.466 ], [ -118.031, 76.486 ], [ -118.01, 76.505 ], [ -117.908, 76.533 ], [ -117.955, 76.568 ], [ -117.908, 76.582 ], [ -117.976, 76.602 ], [ -117.901, 76.643 ], [ -117.919, 76.693 ], [ -117.736, 76.78 ], [ -117.819, 76.825 ], [ -118.011, 76.767 ], [ -118.34, 76.771 ], [ -118.305, 76.743 ], [ -118.314, 76.711 ], [ -118.497, 76.719 ], [ -118.476, 76.684 ], [ -118.348, 76.645 ], [ -118.305, 76.555 ], [ -118.48, 76.545 ], [ -118.535, 76.504 ], [ -118.829, 76.559 ], [ -118.854, 76.555 ], [ -118.778, 76.533 ], [ -118.946, 76.523 ], [ -118.976, 76.492 ], [ -118.674, 76.447 ], [ -118.569, 76.345 ], [ -118.652, 76.291 ], [ -118.9, 76.275 ], [ -118.937, 76.23 ], [ -118.888, 76.184 ], [ -118.963, 76.164 ], [ -118.964, 76.136 ], [ -119.059, 76.126 ], [ -119.084, 76.09 ], [ -119.286, 76.129 ], [ -119.317, 76.2 ], [ -119.468, 76.279 ] ] ], [ [ [ -112.946, 70.29 ], [ -113.163, 70.283 ], [ -113.207, 70.298 ], [ -112.946, 70.29 ] ] ], [ [ [ -112.323, 70.356 ], [ -112.287, 70.369 ], [ -111.671, 70.312 ], [ -112.108, 70.301 ], [ -112.323, 70.356 ] ] ], [ [ [ -115.816, 70.574 ], [ -115.942, 70.542 ], [ -116.064, 70.552 ], [ -115.816, 70.574 ] ] ], [ [ [ -117.057, 69.695 ], [ -117.252, 69.764 ], [ -117.381, 69.951 ], [ -117.442, 69.989 ], [ -117.358, 70.046 ], [ -116.965, 70.129 ], [ -116.033, 70.22 ], [ -114.509, 70.315 ], [ -114.185, 70.316 ], [ -114.038, 70.281 ], [ -113.643, 70.262 ], [ -113.477, 70.284 ], [ -112.993, 70.231 ], [ -112.965, 70.253 ], [ -112.586, 70.2 ], [ -112.521, 70.208 ], [ -112.583, 70.222 ], [ -112.527, 70.245 ], [ -112.402, 70.23 ], [ -112.343, 70.236 ], [ -112.392, 70.25 ], [ -112.374, 70.262 ], [ -112.138, 70.277 ], [ -112.309, 70.298 ], [ -112.261, 70.309 ], [ -111.937, 70.264 ], [ -111.446, 70.29 ], [ -111.59, 70.312 ], [ -111.487, 70.332 ], [ -111.516, 70.352 ], [ -111.981, 70.379 ], [ -112.172, 70.503 ], [ -112.412, 70.511 ], [ -112.456, 70.538 ], [ -112.538, 70.519 ], [ -112.725, 70.569 ], [ -112.846, 70.57 ], [ -112.867, 70.543 ], [ -113.106, 70.618 ], [ -113.193, 70.61 ], [ -113.207, 70.648 ], [ -113.503, 70.684 ], [ -113.561, 70.643 ], [ -113.72, 70.692 ], [ -113.988, 70.716 ], [ -114.183, 70.668 ], [ -114.347, 70.687 ], [ -114.506, 70.645 ], [ -115.561, 70.579 ], [ -115.729, 70.606 ], [ -116.039, 70.579 ], [ -116.187, 70.598 ], [ -116.204, 70.616 ], [ -116.167, 70.62 ], [ -116.233, 70.64 ], [ -116.989, 70.602 ], [ -117.331, 70.603 ], [ -117.374, 70.629 ], [ -117.551, 70.602 ], [ -117.698, 70.636 ], [ -117.736, 70.662 ], [ -117.709, 70.695 ], [ -117.734, 70.713 ], [ -118.187, 70.839 ], [ -118.421, 70.991 ], [ -118.386, 71.022 ], [ -117.798, 71.17 ], [ -116.9, 71.24 ], [ -116.806, 71.291 ], [ -116.269, 71.364 ], [ -116.078, 71.367 ], [ -116.174, 71.354 ], [ -116.127, 71.346 ], [ -115.729, 71.387 ], [ -116.215, 71.436 ], [ -116.19, 71.445 ], [ -116.048, 71.445 ], [ -115.742, 71.511 ], [ -115.749, 71.485 ], [ -115.613, 71.498 ], [ -115.419, 71.452 ], [ -115.057, 71.525 ], [ -115.43, 71.489 ], [ -115.557, 71.511 ], [ -115.455, 71.539 ], [ -115.824, 71.548 ], [ -117.39, 71.387 ], [ -117.417, 71.394 ], [ -117.381, 71.452 ], [ -117.476, 71.456 ], [ -117.449, 71.47 ], [ -117.565, 71.504 ], [ -117.632, 71.463 ], [ -117.483, 71.421 ], [ -117.551, 71.374 ], [ -117.728, 71.404 ], [ -117.8, 71.374 ], [ -118.162, 71.379 ], [ -118.309, 71.432 ], [ -118.308, 71.47 ], [ -118.127, 71.539 ], [ -117.784, 71.529 ], [ -117.757, 71.539 ], [ -117.839, 71.558 ], [ -117.672, 71.559 ], [ -117.654, 71.572 ], [ -117.969, 71.622 ], [ -117.695, 71.668 ], [ -118.076, 71.665 ], [ -118.205, 71.598 ], [ -118.409, 71.58 ], [ -118.398, 71.625 ], [ -118.591, 71.67 ], [ -118.863, 71.659 ], [ -118.908, 71.621 ], [ -118.867, 71.593 ], [ -118.889, 71.583 ], [ -119.051, 71.627 ], [ -119.138, 71.774 ], [ -119.054, 71.935 ], [ -118.748, 72.053 ], [ -118.706, 72.127 ], [ -118.577, 72.179 ], [ -118.106, 72.248 ], [ -118.125, 72.31 ], [ -118.174, 72.338 ], [ -118.429, 72.347 ], [ -118.566, 72.388 ], [ -118.593, 72.429 ], [ -118.513, 72.51 ], [ -118.17, 72.642 ], [ -117.867, 72.701 ], [ -117.596, 72.798 ], [ -117.369, 72.918 ], [ -116.895, 72.967 ], [ -116.594, 73.06 ], [ -115.57, 73.202 ], [ -114.584, 73.385 ], [ -114.265, 73.336 ], [ -114.023, 73.212 ], [ -113.958, 73.14 ], [ -114.043, 72.998 ], [ -114.025, 72.934 ], [ -114.057, 72.889 ], [ -113.981, 72.809 ], [ -114.241, 72.792 ], [ -114.337, 72.756 ], [ -114.334, 72.693 ], [ -114.248, 72.689 ], [ -114.604, 72.607 ], [ -114.546, 72.568 ], [ -114.361, 72.559 ], [ -114.126, 72.637 ], [ -113.885, 72.662 ], [ -113.801, 72.64 ], [ -113.509, 72.703 ], [ -113.734, 72.614 ], [ -113.66, 72.613 ], [ -113.44, 72.685 ], [ -113.413, 72.73 ], [ -113.443, 72.752 ], [ -113.604, 72.778 ], [ -113.391, 72.912 ], [ -113.192, 72.993 ], [ -113.015, 73.016 ], [ -112.28, 72.903 ], [ -112.077, 72.898 ], [ -111.552, 72.806 ], [ -111.456, 72.749 ], [ -111.22, 72.724 ], [ -111.209, 72.673 ], [ -111.289, 72.566 ], [ -111.493, 72.511 ], [ -111.438, 72.491 ], [ -111.564, 72.441 ], [ -111.888, 72.368 ], [ -111.904, 72.347 ], [ -111.821, 72.324 ], [ -111.659, 72.36 ], [ -111.66, 72.324 ], [ -111.721, 72.303 ], [ -111.788, 72.223 ], [ -111.753, 72.207 ], [ -111.665, 72.292 ], [ -111.418, 72.347 ], [ -111.577, 72.343 ], [ -111.609, 72.367 ], [ -111.59, 72.382 ], [ -111.295, 72.471 ], [ -111.205, 72.463 ], [ -111.37, 72.408 ], [ -111.281, 72.402 ], [ -111.377, 72.354 ], [ -111.24, 72.372 ], [ -111.028, 72.285 ], [ -111.086, 72.408 ], [ -110.979, 72.45 ], [ -111.003, 72.464 ], [ -110.971, 72.48 ], [ -110.788, 72.477 ], [ -110.836, 72.525 ], [ -110.704, 72.579 ], [ -110.486, 72.558 ], [ -110.603, 72.504 ], [ -110.334, 72.427 ], [ -110.308, 72.436 ], [ -110.534, 72.504 ], [ -110.35, 72.559 ], [ -110.058, 72.44 ], [ -110.004, 72.458 ], [ -110.0, 70.0 ], [ -112.5, 70.0 ], [ -112.5, 69.911 ], [ -112.659, 69.902 ], [ -112.428, 69.895 ], [ -112.4, 69.869 ], [ -112.875, 69.832 ], [ -112.899, 70.0 ], [ -117.124, 70.001 ], [ -117.144, 69.888 ], [ -116.635, 69.63 ], [ -117.057, 69.695 ] ] ], [ [ [ -110.098, 72.56 ], [ -110.004, 72.524 ], [ -110.004, 72.497 ], [ -110.259, 72.559 ], [ -110.098, 72.56 ] ] ], [ [ [ -110.543, 72.572 ], [ -110.596, 72.601 ], [ -110.472, 72.573 ], [ -110.543, 72.572 ] ] ], [ [ [ -110.493, 72.621 ], [ -110.369, 72.621 ], [ -110.349, 72.607 ], [ -110.493, 72.621 ] ] ], [ [ [ -110.411, 72.642 ], [ -110.315, 72.655 ], [ -110.28, 72.648 ], [ -110.411, 72.642 ] ] ], [ [ [ -110.222, 72.646 ], [ -110.294, 72.676 ], [ -110.171, 72.689 ], [ -110.197, 72.727 ], [ -110.004, 72.71 ], [ -110.004, 72.627 ], [ -110.102, 72.663 ], [ -110.222, 72.646 ] ] ], [ [ [ -110.004, 72.755 ], [ -110.267, 72.743 ], [ -110.173, 72.791 ], [ -110.23, 72.824 ], [ -110.529, 72.849 ], [ -110.754, 72.985 ], [ -110.704, 73.009 ], [ -110.004, 72.985 ], [ -110.004, 72.755 ] ] ], [ [ [ -110.004, 74.853 ], [ -110.308, 74.852 ], [ -110.411, 74.828 ], [ -110.315, 74.807 ], [ -110.344, 74.797 ], [ -110.666, 74.791 ], [ -110.589, 74.725 ], [ -111.001, 74.616 ], [ -111.411, 74.57 ], [ -111.658, 74.501 ], [ -112.437, 74.414 ], [ -113.221, 74.405 ], [ -113.693, 74.444 ], [ -114.173, 74.567 ], [ -114.392, 74.639 ], [ -114.44, 74.684 ], [ -113.972, 74.808 ], [ -113.336, 74.862 ], [ -113.218, 74.846 ], [ -113.193, 74.862 ], [ -113.33, 74.883 ], [ -112.798, 74.985 ], [ -111.586, 75.006 ], [ -111.48, 75.047 ], [ -111.576, 75.06 ], [ -111.543, 75.073 ], [ -111.288, 75.088 ], [ -111.364, 75.108 ], [ -111.152, 75.138 ], [ -111.028, 75.177 ], [ -111.069, 75.191 ], [ -111.014, 75.218 ], [ -110.918, 75.232 ], [ -111.103, 75.273 ], [ -111.244, 75.267 ], [ -111.372, 75.187 ], [ -111.624, 75.163 ], [ -111.562, 75.15 ], [ -111.678, 75.15 ], [ -111.753, 75.191 ], [ -111.923, 75.136 ], [ -112.346, 75.122 ], [ -112.473, 75.15 ], [ -112.295, 75.205 ], [ -112.392, 75.211 ], [ -112.337, 75.226 ], [ -112.405, 75.246 ], [ -112.461, 75.223 ], [ -112.436, 75.187 ], [ -112.59, 75.183 ], [ -112.638, 75.208 ], [ -112.595, 75.25 ], [ -112.679, 75.28 ], [ -112.741, 75.205 ], [ -112.696, 75.18 ], [ -112.699, 75.142 ], [ -112.857, 75.11 ], [ -113.055, 75.097 ], [ -113.138, 75.15 ], [ -113.206, 75.088 ], [ -113.887, 75.058 ], [ -113.958, 75.074 ], [ -113.929, 75.144 ], [ -113.645, 75.191 ], [ -113.94, 75.183 ], [ -113.813, 75.324 ], [ -113.784, 75.34 ], [ -113.601, 75.365 ], [ -113.323, 75.417 ], [ -113.323, 75.424 ], [ -113.474, 75.438 ], [ -113.874, 75.374 ], [ -114.071, 75.475 ], [ -114.089, 75.409 ], [ -114.046, 75.366 ], [ -114.196, 75.225 ], [ -114.511, 75.317 ], [ -114.615, 75.283 ], [ -114.426, 75.258 ], [ -114.303, 75.182 ], [ -114.441, 75.068 ], [ -115.058, 74.967 ], [ -115.196, 75.002 ], [ -115.225, 75.069 ], [ -115.173, 75.1 ], [ -115.263, 75.183 ], [ -115.274, 75.149 ], [ -115.406, 75.103 ], [ -115.667, 75.149 ], [ -115.591, 75.116 ], [ -115.537, 75.04 ], [ -115.584, 74.995 ], [ -115.715, 74.97 ], [ -116.256, 75.06 ], [ -116.044, 75.129 ], [ -116.338, 75.116 ], [ -116.25, 75.162 ], [ -116.256, 75.211 ], [ -116.545, 75.185 ], [ -116.668, 75.127 ], [ -116.767, 75.122 ], [ -117.51, 75.201 ], [ -117.688, 75.26 ], [ -117.651, 75.306 ], [ -117.558, 75.314 ], [ -117.577, 75.337 ], [ -117.554, 75.358 ], [ -117.202, 75.481 ], [ -116.042, 75.485 ], [ -115.59, 75.588 ], [ -115.263, 75.602 ], [ -115.284, 75.627 ], [ -115.255, 75.649 ], [ -115.002, 75.698 ], [ -115.697, 75.646 ], [ -116.116, 75.578 ], [ -117.198, 75.576 ], [ -117.249, 75.609 ], [ -116.885, 75.789 ], [ -115.801, 75.834 ], [ -115.762, 75.862 ], [ -115.578, 75.834 ], [ -114.827, 75.879 ], [ -114.812, 75.902 ], [ -114.858, 75.911 ], [ -116.203, 75.868 ], [ -116.708, 75.9 ], [ -116.736, 75.937 ], [ -116.616, 75.976 ], [ -116.461, 75.978 ], [ -116.53, 76.013 ], [ -116.496, 76.027 ], [ -116.702, 76.04 ], [ -116.63, 76.12 ], [ -116.526, 76.16 ], [ -116.163, 76.204 ], [ -114.667, 76.164 ], [ -114.975, 76.177 ], [ -115.279, 76.237 ], [ -115.779, 76.237 ], [ -115.927, 76.287 ], [ -115.852, 76.322 ], [ -115.913, 76.349 ], [ -115.512, 76.456 ], [ -114.701, 76.52 ], [ -114.763, 76.492 ], [ -114.451, 76.501 ], [ -114.159, 76.459 ], [ -114.091, 76.39 ], [ -114.18, 76.356 ], [ -113.985, 76.256 ], [ -114.064, 76.219 ], [ -113.963, 76.191 ], [ -113.354, 76.266 ], [ -112.994, 76.273 ], [ -112.755, 76.205 ], [ -112.426, 76.171 ], [ -112.526, 76.121 ], [ -112.365, 76.034 ], [ -112.118, 76.012 ], [ -111.727, 75.917 ], [ -112.073, 75.876 ], [ -112.227, 75.815 ], [ -112.035, 75.842 ], [ -111.949, 75.807 ], [ -111.459, 75.842 ], [ -111.493, 75.815 ], [ -111.596, 75.815 ], [ -111.459, 75.789 ], [ -111.432, 75.766 ], [ -111.449, 75.742 ], [ -111.37, 75.733 ], [ -111.411, 75.678 ], [ -111.377, 75.653 ], [ -111.411, 75.616 ], [ -111.295, 75.574 ], [ -111.322, 75.548 ], [ -111.251, 75.522 ], [ -110.514, 75.573 ], [ -110.419, 75.54 ], [ -110.004, 75.545 ], [ -110.004, 74.853 ] ] ], [ [ [ -110.004, 75.911 ], [ -110.004, 75.879 ], [ -110.055, 75.896 ], [ -110.004, 75.911 ] ] ], [ [ [ -110.328, 76.341 ], [ -110.377, 76.363 ], [ -110.384, 76.431 ], [ -110.004, 76.486 ], [ -110.004, 76.226 ], [ -110.147, 76.276 ], [ -110.384, 76.301 ], [ -110.328, 76.341 ] ] ], [ [ [ -114.84, 76.809 ], [ -114.435, 76.882 ], [ -113.846, 76.899 ], [ -113.51, 76.836 ], [ -113.453, 76.774 ], [ -113.673, 76.704 ], [ -114.879, 76.767 ], [ -114.84, 76.809 ] ] ], [ [ [ -110.904, 77.853 ], [ -110.72, 77.766 ], [ -110.13, 77.781 ], [ -110.081, 77.753 ], [ -110.111, 77.692 ], [ -110.041, 77.644 ], [ -110.164, 77.6 ], [ -110.092, 77.582 ], [ -110.096, 77.555 ], [ -110.235, 77.504 ], [ -110.881, 77.412 ], [ -111.281, 77.431 ], [ -112.109, 77.326 ], [ -112.469, 77.371 ], [ -112.637, 77.464 ], [ -112.928, 77.465 ], [ -112.992, 77.511 ], [ -113.2, 77.528 ], [ -113.241, 77.582 ], [ -113.09, 77.623 ], [ -113.254, 77.672 ], [ -113.207, 77.694 ], [ -113.227, 77.734 ], [ -113.186, 77.74 ], [ -113.306, 77.777 ], [ -113.323, 77.808 ], [ -113.213, 77.891 ], [ -113.241, 77.905 ], [ -113.085, 77.923 ], [ -112.982, 77.898 ], [ -112.925, 77.93 ], [ -112.271, 78.015 ], [ -111.951, 78.021 ], [ -111.824, 78.053 ], [ -111.712, 78.029 ], [ -111.278, 78.09 ], [ -111.008, 78.097 ], [ -110.861, 78.069 ], [ -110.712, 78.104 ], [ -110.004, 78.099 ], [ -110.004, 77.931 ], [ -110.904, 77.853 ] ] ], [ [ [ -114.163, 77.707 ], [ -114.621, 77.757 ], [ -114.653, 77.768 ], [ -114.516, 77.76 ], [ -115.118, 77.96 ], [ -114.795, 77.983 ], [ -114.68, 78.034 ], [ -114.327, 78.081 ], [ -114.283, 78.062 ], [ -114.351, 78.035 ], [ -114.258, 77.989 ], [ -114.115, 78.0 ], [ -113.951, 77.919 ], [ -113.702, 77.89 ], [ -113.671, 77.846 ], [ -113.577, 77.815 ], [ -114.163, 77.707 ] ] ], [ [ [ -110.84, 78.315 ], [ -111.155, 78.391 ], [ -111.315, 78.37 ], [ -111.24, 78.336 ], [ -111.279, 78.322 ], [ -111.411, 78.33 ], [ -111.421, 78.277 ], [ -111.778, 78.27 ], [ -111.912, 78.336 ], [ -112.176, 78.377 ], [ -113.062, 78.274 ], [ -113.248, 78.285 ], [ -113.336, 78.336 ], [ -113.221, 78.364 ], [ -113.214, 78.407 ], [ -112.682, 78.498 ], [ -112.15, 78.557 ], [ -111.816, 78.549 ], [ -111.42, 78.607 ], [ -111.377, 78.624 ], [ -111.438, 78.644 ], [ -111.314, 78.648 ], [ -111.164, 78.699 ], [ -110.741, 78.758 ], [ -110.427, 78.766 ], [ -110.004, 78.687 ], [ -110.004, 78.329 ], [ -110.332, 78.286 ], [ -110.84, 78.315 ] ] ] ] } },
{ "type": "Feature", "properties": { "code": "CA-NU" }, "geometry": { "type": "MultiPolygon", "coordinates": [ [ [ [ -102.254, 67.73 ], [ -102.201, 67.7 ], [ -102.228, 67.735 ], [ -102.143, 67.772 ], [ -102.026, 67.75 ], [ -101.981, 67.792 ], [ -101.798, 67.708 ], [ -101.742, 67.728 ], [ -101.673, 67.694 ], [ -101.436, 67.688 ], [ -101.4, 67.694 ], [ -101.448, 67.734 ], [ -101.263, 67.722 ], [ -101.252, 67.77 ], [ -101.174, 67.755 ], [ -101.095, 67.787 ], [ -101.098, 67.749 ], [ -100.957, 67.749 ], [ -100.892, 67.771 ], [ -100.922, 67.803 ], [ -100.907, 67.829 ], [ -100.831, 67.796 ], [ -100.735, 67.817 ], [ -100.707, 67.851 ], [ -100.593, 67.847 ], [ -100.59, 67.796 ], [ -100.413, 67.851 ], [ -99.817, 67.801 ], [ -99.768, 67.826 ], [ -99.635, 67.793 ], [ -99.424, 67.794 ], [ -99.227, 67.715 ], [ -98.982, 67.722 ], [ -98.936, 67.697 ], [ -98.893, 67.752 ], [ -98.732, 67.754 ], [ -98.683, 67.813 ], [ -98.589, 67.783 ], [ -98.363, 67.795 ], [ -98.452, 67.87 ], [ -98.535, 67.873 ], [ -98.727, 67.958 ], [ -98.734, 68.071 ], [ -98.585, 68.096 ], [ -98.257, 67.926 ], [ -98.092, 67.76 ], [ -97.984, 67.75 ], [ -97.927, 67.697 ], [ -97.796, 67.685 ], [ -97.558, 67.595 ], [ -97.415, 67.611 ], [ -97.275, 67.667 ], [ -97.213, 67.625 ], [ -97.197, 67.664 ], [ -97.061, 67.68 ], [ -97.226, 67.715 ], [ -97.121, 67.793 ], [ -97.25, 67.925 ], [ -97.364, 67.877 ], [ -97.693, 68.023 ], [ -97.73, 67.973 ], [ -97.85, 67.974 ], [ -97.958, 67.929 ], [ -98.002, 67.959 ], [ -98.066, 67.899 ], [ -98.049, 67.838 ], [ -98.095, 67.837 ], [ -98.223, 67.934 ], [ -98.405, 68.009 ], [ -98.449, 68.071 ], [ -98.59, 68.153 ], [ -98.535, 68.14 ], [ -98.507, 68.181 ], [ -98.456, 68.184 ], [ -98.411, 68.082 ], [ -98.325, 68.128 ], [ -98.316, 68.167 ], [ -98.541, 68.236 ], [ -98.487, 68.25 ], [ -98.713, 68.379 ], [ -98.631, 68.382 ], [ -98.515, 68.332 ], [ -98.541, 68.365 ], [ -98.46, 68.365 ], [ -98.526, 68.425 ], [ -98.213, 68.304 ], [ -98.151, 68.335 ], [ -98.083, 68.324 ], [ -98.117, 68.355 ], [ -98.096, 68.367 ], [ -97.905, 68.345 ], [ -97.908, 68.392 ], [ -97.748, 68.369 ], [ -98.01, 68.499 ], [ -97.98, 68.547 ], [ -97.705, 68.528 ], [ -97.636, 68.455 ], [ -97.529, 68.421 ], [ -97.519, 68.452 ], [ -97.621, 68.462 ], [ -97.578, 68.5 ], [ -97.43, 68.506 ], [ -97.26, 68.469 ], [ -97.11, 68.393 ], [ -97.162, 68.378 ], [ -96.993, 68.338 ], [ -96.993, 68.297 ], [ -97.056, 68.307 ], [ -97.081, 68.266 ], [ -96.926, 68.243 ], [ -96.69, 68.286 ], [ -96.63, 68.25 ], [ -96.68, 68.239 ], [ -96.681, 68.211 ], [ -96.621, 68.186 ], [ -96.634, 68.214 ], [ -96.592, 68.254 ], [ -96.404, 68.318 ], [ -96.469, 68.286 ], [ -96.525, 68.192 ], [ -96.643, 68.14 ], [ -96.638, 68.113 ], [ -96.795, 68.072 ], [ -96.802, 68.027 ], [ -96.765, 68.017 ], [ -96.692, 68.016 ], [ -96.617, 68.068 ], [ -96.563, 68.04 ], [ -96.445, 68.05 ], [ -96.479, 68.091 ], [ -96.548, 68.085 ], [ -96.398, 68.171 ], [ -95.897, 68.297 ], [ -96.082, 68.146 ], [ -96.024, 68.116 ], [ -96.217, 67.81 ], [ -96.191, 67.737 ], [ -96.222, 67.699 ], [ -96.171, 67.7 ], [ -96.182, 67.643 ], [ -96.253, 67.63 ], [ -96.307, 67.696 ], [ -96.344, 67.689 ], [ -96.335, 67.612 ], [ -96.465, 67.55 ], [ -96.431, 67.543 ], [ -96.465, 67.478 ], [ -96.392, 67.496 ], [ -96.335, 67.444 ], [ -96.21, 67.426 ], [ -96.096, 67.467 ], [ -96.068, 67.441 ], [ -96.225, 67.322 ], [ -96.253, 67.248 ], [ -96.142, 67.263 ], [ -96.111, 67.222 ], [ -95.944, 67.296 ], [ -95.908, 67.287 ], [ -95.761, 67.371 ], [ -95.716, 67.376 ], [ -95.678, 67.335 ], [ -95.581, 67.385 ], [ -95.534, 67.358 ], [ -95.554, 67.324 ], [ -95.835, 67.166 ], [ -95.666, 67.224 ], [ -95.522, 67.22 ], [ -95.485, 67.201 ], [ -95.483, 67.141 ], [ -95.443, 67.152 ], [ -95.437, 67.201 ], [ -95.383, 67.16 ], [ -95.379, 67.108 ], [ -95.418, 67.07 ], [ -95.338, 67.042 ], [ -95.33, 67.01 ], [ -95.355, 66.964 ], [ -95.403, 66.974 ], [ -95.421, 66.949 ], [ -95.604, 66.947 ], [ -95.637, 66.968 ], [ -95.602, 66.988 ], [ -95.914, 66.948 ], [ -95.992, 67.009 ], [ -95.931, 67.07 ], [ -95.956, 67.075 ], [ -96.049, 67.017 ], [ -96.027, 66.974 ], [ -96.127, 66.957 ], [ -96.157, 66.968 ], [ -96.116, 66.988 ], [ -96.26, 66.991 ], [ -96.28, 67.07 ], [ -96.392, 67.093 ], [ -96.456, 67.06 ], [ -96.398, 66.995 ], [ -96.153, 66.901 ], [ -96.097, 66.831 ], [ -95.852, 66.758 ], [ -95.78, 66.662 ], [ -95.821, 66.591 ], [ -95.643, 66.669 ], [ -95.665, 66.741 ], [ -95.687, 66.688 ], [ -95.754, 66.683 ], [ -95.91, 66.819 ], [ -96.093, 66.92 ], [ -95.976, 66.954 ], [ -95.886, 66.93 ], [ -95.776, 66.937 ], [ -95.734, 66.903 ], [ -95.507, 66.903 ], [ -95.411, 66.933 ], [ -95.316, 66.9 ], [ -95.218, 66.974 ], [ -95.301, 67.009 ], [ -95.291, 67.031 ], [ -95.345, 67.074 ], [ -95.324, 67.117 ], [ -95.348, 67.153 ], [ -95.268, 67.211 ], [ -95.256, 67.262 ], [ -95.173, 67.279 ], [ -95.33, 67.343 ], [ -95.376, 67.447 ], [ -95.414, 67.457 ], [ -95.325, 67.511 ], [ -95.338, 67.552 ], [ -95.463, 67.639 ], [ -95.708, 67.733 ], [ -95.545, 67.808 ], [ -95.537, 67.887 ], [ -95.582, 67.9 ], [ -95.422, 68.02 ], [ -95.431, 68.057 ], [ -95.478, 68.063 ], [ -95.218, 68.078 ], [ -95.273, 68.037 ], [ -95.095, 68.091 ], [ -95.04, 68.055 ], [ -94.798, 68.038 ], [ -94.56, 68.163 ], [ -94.211, 68.269 ], [ -94.211, 68.364 ], [ -94.122, 68.422 ], [ -93.561, 68.558 ], [ -93.524, 68.607 ], [ -93.446, 68.615 ], [ -93.375, 68.639 ], [ -93.752, 68.612 ], [ -93.706, 68.665 ], [ -93.698, 68.749 ], [ -93.571, 68.844 ], [ -93.649, 68.899 ], [ -93.635, 68.962 ], [ -93.857, 68.963 ], [ -93.876, 68.975 ], [ -93.834, 69.009 ], [ -93.909, 68.996 ], [ -93.8, 69.065 ], [ -93.827, 69.069 ], [ -93.937, 69.03 ], [ -93.902, 69.03 ], [ -93.951, 68.996 ], [ -93.923, 68.982 ], [ -94.062, 68.903 ], [ -94.07, 68.875 ], [ -94.04, 68.866 ], [ -94.081, 68.852 ], [ -94.037, 68.839 ], [ -93.813, 68.899 ], [ -93.826, 68.879 ], [ -94.094, 68.763 ], [ -94.413, 68.723 ], [ -94.636, 68.756 ], [ -94.551, 68.891 ], [ -94.584, 68.903 ], [ -94.567, 68.936 ], [ -94.602, 68.968 ], [ -94.443, 68.944 ], [ -94.346, 69.026 ], [ -94.176, 69.05 ], [ -94.15, 69.065 ], [ -94.186, 69.086 ], [ -94.172, 69.108 ], [ -94.005, 69.16 ], [ -94.253, 69.127 ], [ -94.324, 69.156 ], [ -94.28, 69.229 ], [ -94.3, 69.249 ], [ -94.259, 69.277 ], [ -94.314, 69.298 ], [ -94.282, 69.322 ], [ -94.027, 69.366 ], [ -93.846, 69.35 ], [ -93.739, 69.409 ], [ -93.526, 69.441 ], [ -93.81, 69.311 ], [ -93.882, 69.249 ], [ -93.813, 69.27 ], [ -93.882, 69.229 ], [ -93.813, 69.222 ], [ -93.84, 69.169 ], [ -93.362, 69.373 ], [ -93.588, 69.366 ], [ -93.451, 69.49 ], [ -93.558, 69.531 ], [ -93.873, 69.487 ], [ -93.868, 69.454 ], [ -93.93, 69.435 ], [ -94.322, 69.453 ], [ -94.522, 69.576 ], [ -94.561, 69.641 ], [ -94.618, 69.638 ], [ -94.63, 69.688 ], [ -94.764, 69.662 ], [ -94.724, 69.619 ], [ -94.746, 69.594 ], [ -94.875, 69.572 ], [ -95.025, 69.627 ], [ -95.132, 69.621 ], [ -95.411, 69.686 ], [ -95.669, 69.788 ], [ -95.751, 69.785 ], [ -95.787, 69.743 ], [ -95.828, 69.77 ], [ -95.787, 69.791 ], [ -95.807, 69.803 ], [ -95.976, 69.786 ], [ -96.087, 69.846 ], [ -96.206, 69.866 ], [ -96.082, 69.88 ], [ -96.123, 69.901 ], [ -96.088, 69.914 ], [ -96.11, 69.957 ], [ -96.256, 69.97 ], [ -96.486, 70.097 ], [ -96.574, 70.234 ], [ -96.546, 70.341 ], [ -96.445, 70.408 ], [ -96.347, 70.414 ], [ -96.334, 70.487 ], [ -96.233, 70.571 ], [ -96.189, 70.532 ], [ -96.075, 70.593 ], [ -95.794, 70.538 ], [ -96.054, 70.607 ], [ -96.054, 70.644 ], [ -95.815, 70.716 ], [ -96.19, 70.625 ], [ -96.348, 70.665 ], [ -96.441, 70.739 ], [ -96.602, 70.791 ], [ -96.616, 70.826 ], [ -96.528, 70.932 ], [ -96.5, 71.045 ], [ -96.376, 71.094 ], [ -96.411, 71.12 ], [ -96.459, 71.086 ], [ -96.562, 71.127 ], [ -96.459, 71.171 ], [ -96.376, 71.161 ], [ -96.459, 71.195 ], [ -96.431, 71.264 ], [ -96.507, 71.278 ], [ -96.306, 71.303 ], [ -96.134, 71.414 ], [ -95.924, 71.404 ], [ -95.658, 71.291 ], [ -95.536, 71.296 ], [ -95.519, 71.326 ], [ -95.588, 71.36 ], [ -95.437, 71.38 ], [ -95.546, 71.428 ], [ -95.376, 71.511 ], [ -95.492, 71.487 ], [ -95.807, 71.511 ], [ -95.944, 71.552 ], [ -95.876, 71.593 ], [ -95.91, 71.607 ], [ -95.725, 71.634 ], [ -95.492, 71.723 ], [ -95.277, 71.724 ], [ -95.28, 71.778 ], [ -95.216, 71.83 ], [ -94.741, 71.829 ], [ -94.608, 71.868 ], [ -94.759, 71.84 ], [ -95.179, 71.847 ], [ -95.255, 71.879 ], [ -95.211, 71.929 ], [ -95.225, 71.95 ], [ -94.549, 72.002 ], [ -94.393, 71.939 ], [ -94.506, 71.902 ], [ -94.453, 71.886 ], [ -94.46, 71.857 ], [ -94.649, 71.82 ], [ -94.595, 71.743 ], [ -94.492, 71.826 ], [ -94.447, 71.791 ], [ -94.355, 71.799 ], [ -94.4, 71.757 ], [ -94.416, 71.665 ], [ -94.211, 71.792 ], [ -94.122, 71.76 ], [ -94.054, 71.789 ], [ -93.951, 71.751 ], [ -93.761, 71.779 ], [ -93.721, 71.765 ], [ -93.707, 71.716 ], [ -93.821, 71.655 ], [ -93.216, 71.469 ], [ -93.149, 71.383 ], [ -92.991, 71.357 ], [ -92.997, 71.319 ], [ -92.948, 71.295 ], [ -92.937, 71.223 ], [ -92.859, 71.159 ], [ -92.886, 71.071 ], [ -92.854, 71.045 ], [ -92.909, 70.928 ], [ -92.854, 70.86 ], [ -92.938, 70.846 ], [ -93.053, 70.881 ], [ -93.041, 70.862 ], [ -92.946, 70.817 ], [ -92.693, 70.775 ], [ -92.662, 70.736 ], [ -92.718, 70.723 ], [ -92.642, 70.709 ], [ -92.677, 70.681 ], [ -92.416, 70.668 ], [ -92.303, 70.634 ], [ -92.34, 70.599 ], [ -92.303, 70.573 ], [ -92.25, 70.625 ], [ -92.215, 70.616 ], [ -92.155, 70.579 ], [ -92.251, 70.579 ], [ -92.261, 70.549 ], [ -92.193, 70.51 ], [ -92.286, 70.49 ], [ -92.112, 70.473 ], [ -92.135, 70.435 ], [ -92.042, 70.421 ], [ -92.045, 70.394 ], [ -91.976, 70.367 ], [ -91.991, 70.325 ], [ -92.086, 70.305 ], [ -92.0, 70.303 ], [ -91.959, 70.258 ], [ -91.921, 70.299 ], [ -91.854, 70.305 ], [ -91.905, 70.34 ], [ -91.879, 70.365 ], [ -91.786, 70.336 ], [ -91.723, 70.356 ], [ -91.689, 70.318 ], [ -91.731, 70.305 ], [ -91.697, 70.202 ], [ -91.641, 70.234 ], [ -91.511, 70.161 ], [ -91.995, 70.123 ], [ -92.226, 70.188 ], [ -92.299, 70.257 ], [ -92.368, 70.236 ], [ -92.265, 70.207 ], [ -92.484, 70.181 ], [ -92.389, 70.147 ], [ -92.587, 70.079 ], [ -92.478, 70.046 ], [ -92.312, 70.094 ], [ -92.112, 70.089 ], [ -91.943, 70.024 ], [ -92.271, 69.907 ], [ -92.245, 69.894 ], [ -92.265, 69.875 ], [ -92.548, 69.817 ], [ -92.568, 69.765 ], [ -92.649, 69.794 ], [ -92.684, 69.757 ], [ -92.868, 69.702 ], [ -92.539, 69.709 ], [ -92.923, 69.674 ], [ -92.669, 69.654 ], [ -92.367, 69.709 ], [ -92.34, 69.695 ], [ -92.375, 69.668 ], [ -92.091, 69.626 ], [ -92.299, 69.647 ], [ -92.128, 69.558 ], [ -91.798, 69.49 ], [ -91.803, 69.513 ], [ -91.71, 69.544 ], [ -91.737, 69.551 ], [ -91.579, 69.585 ], [ -91.6, 69.613 ], [ -91.497, 69.661 ], [ -91.168, 69.656 ], [ -91.168, 69.633 ], [ -91.093, 69.641 ], [ -91.36, 69.553 ], [ -91.572, 69.523 ], [ -91.347, 69.523 ], [ -91.189, 69.564 ], [ -91.11, 69.513 ], [ -90.898, 69.537 ], [ -90.888, 69.49 ], [ -90.751, 69.49 ], [ -90.753, 69.519 ], [ -90.684, 69.539 ], [ -90.437, 69.493 ], [ -90.37, 69.445 ], [ -90.312, 69.454 ], [ -90.353, 69.437 ], [ -90.562, 69.428 ], [ -90.703, 69.454 ], [ -90.586, 69.421 ], [ -90.798, 69.366 ], [ -90.805, 69.256 ], [ -90.97, 69.27 ], [ -90.915, 69.304 ], [ -91.086, 69.27 ], [ -90.956, 69.359 ], [ -91.189, 69.29 ], [ -91.45, 69.359 ], [ -90.671, 69.088 ], [ -90.709, 69.007 ], [ -90.612, 68.987 ], [ -90.579, 68.948 ], [ -90.621, 68.916 ], [ -90.435, 68.879 ], [ -90.483, 68.852 ], [ -90.422, 68.845 ], [ -90.6, 68.804 ], [ -90.442, 68.831 ], [ -90.476, 68.796 ], [ -90.457, 68.777 ], [ -90.51, 68.784 ], [ -90.531, 68.742 ], [ -90.486, 68.701 ], [ -90.565, 68.626 ], [ -90.49, 68.592 ], [ -90.54, 68.572 ], [ -90.477, 68.534 ], [ -90.607, 68.444 ], [ -90.319, 68.379 ], [ -90.476, 68.338 ], [ -90.338, 68.352 ], [ -90.237, 68.232 ], [ -90.12, 68.263 ], [ -90.164, 68.315 ], [ -90.0, 68.379 ], [ -89.982, 68.428 ], [ -90.004, 68.434 ], [ -89.901, 68.461 ], [ -89.821, 68.545 ], [ -89.896, 68.55 ], [ -89.938, 68.588 ], [ -89.901, 68.66 ], [ -89.794, 68.715 ], [ -89.754, 68.677 ], [ -89.771, 68.626 ], [ -89.716, 68.646 ], [ -89.716, 68.79 ], [ -89.688, 68.817 ], [ -89.736, 68.831 ], [ -89.751, 68.948 ], [ -89.705, 69.02 ], [ -89.442, 69.154 ], [ -89.332, 69.249 ], [ -89.199, 69.278 ], [ -88.942, 69.234 ], [ -88.846, 69.14 ], [ -88.729, 69.084 ], [ -88.25, 68.932 ], [ -88.023, 68.809 ], [ -87.927, 68.687 ], [ -87.941, 68.588 ], [ -87.831, 68.469 ], [ -87.792, 68.331 ], [ -87.845, 68.256 ], [ -87.944, 68.201 ], [ -88.027, 68.238 ], [ -88.18, 68.245 ], [ -88.199, 68.383 ], [ -88.398, 68.291 ], [ -88.283, 68.126 ], [ -88.343, 68.075 ], [ -88.335, 68.046 ], [ -88.38, 68.03 ], [ -88.374, 67.976 ], [ -88.281, 67.811 ], [ -88.163, 67.736 ], [ -88.141, 67.671 ], [ -87.941, 67.605 ], [ -87.484, 67.363 ], [ -87.447, 67.264 ], [ -87.363, 67.267 ], [ -87.502, 67.194 ], [ -87.516, 67.119 ], [ -87.372, 67.18 ], [ -87.328, 67.173 ], [ -87.289, 67.098 ], [ -87.228, 67.228 ], [ -87.137, 67.229 ], [ -87.114, 67.179 ], [ -87.071, 67.263 ], [ -86.961, 67.255 ], [ -87.078, 67.358 ], [ -86.977, 67.323 ], [ -86.961, 67.367 ], [ -86.897, 67.401 ], [ -86.779, 67.419 ], [ -86.653, 67.364 ], [ -86.615, 67.414 ], [ -86.584, 67.349 ], [ -86.502, 67.379 ], [ -86.536, 67.447 ], [ -86.481, 67.459 ], [ -86.487, 67.552 ], [ -86.453, 67.606 ], [ -86.529, 67.687 ], [ -86.344, 67.845 ], [ -86.128, 67.958 ], [ -86.131, 68.016 ], [ -86.08, 67.982 ], [ -85.902, 68.054 ], [ -85.915, 68.111 ], [ -85.865, 68.13 ], [ -85.887, 68.193 ], [ -85.789, 68.222 ], [ -85.844, 68.245 ], [ -85.809, 68.297 ], [ -85.844, 68.324 ], [ -85.717, 68.398 ], [ -85.748, 68.437 ], [ -85.665, 68.454 ], [ -85.741, 68.479 ], [ -85.721, 68.551 ], [ -85.743, 68.625 ], [ -85.668, 68.727 ], [ -85.46, 68.756 ], [ -85.563, 68.784 ], [ -85.225, 68.721 ], [ -85.261, 68.749 ], [ -85.239, 68.766 ], [ -84.788, 68.736 ], [ -84.755, 68.763 ], [ -84.809, 68.814 ], [ -84.987, 68.811 ], [ -85.145, 68.835 ], [ -85.193, 68.869 ], [ -85.001, 68.886 ], [ -85.069, 68.907 ], [ -85.001, 68.924 ], [ -85.145, 68.948 ], [ -85.119, 68.964 ], [ -84.796, 68.937 ], [ -84.815, 68.966 ], [ -84.987, 69.009 ], [ -84.953, 69.019 ], [ -84.837, 69.009 ], [ -84.808, 69.035 ], [ -84.582, 68.997 ], [ -84.528, 69.024 ], [ -84.73, 69.036 ], [ -84.755, 69.085 ], [ -84.922, 69.081 ], [ -85.028, 69.119 ], [ -84.966, 69.14 ], [ -85.138, 69.127 ], [ -84.987, 69.174 ], [ -85.012, 69.18 ], [ -85.27, 69.138 ], [ -85.316, 69.154 ], [ -85.207, 69.188 ], [ -85.392, 69.215 ], [ -85.474, 69.277 ], [ -85.488, 69.326 ], [ -85.337, 69.318 ], [ -85.456, 69.348 ], [ -85.44, 69.366 ], [ -85.508, 69.408 ], [ -85.385, 69.419 ], [ -85.412, 69.448 ], [ -85.344, 69.441 ], [ -85.534, 69.463 ], [ -85.532, 69.526 ], [ -85.48, 69.564 ], [ -85.385, 69.564 ], [ -85.544, 69.654 ], [ -85.44, 69.712 ], [ -85.514, 69.77 ], [ -85.398, 69.785 ], [ -85.392, 69.756 ], [ -85.333, 69.791 ], [ -85.371, 69.825 ], [ -85.59, 69.832 ], [ -85.563, 69.858 ], [ -85.32, 69.847 ], [ -85.056, 69.777 ], [ -85.029, 69.806 ], [ -84.879, 69.819 ], [ -84.857, 69.832 ], [ -84.898, 69.853 ], [ -84.863, 69.862 ], [ -84.774, 69.839 ], [ -84.34, 69.86 ], [ -83.731, 69.709 ], [ -83.357, 69.682 ], [ -83.253, 69.709 ], [ -83.021, 69.682 ], [ -82.63, 69.703 ], [ -82.417, 69.647 ], [ -82.253, 69.641 ], [ -82.406, 69.618 ], [ -82.616, 69.647 ], [ -82.589, 69.633 ], [ -82.657, 69.619 ], [ -82.554, 69.6 ], [ -82.754, 69.578 ], [ -82.618, 69.57 ], [ -82.479, 69.503 ], [ -82.516, 69.494 ], [ -83.253, 69.558 ], [ -83.294, 69.54 ], [ -82.282, 69.419 ], [ -82.225, 69.394 ], [ -82.39, 69.4 ], [ -82.143, 69.298 ], [ -82.253, 69.29 ], [ -82.23, 69.276 ], [ -82.294, 69.256 ], [ -82.27, 69.238 ], [ -82.027, 69.249 ], [ -82.047, 69.27 ], [ -81.992, 69.278 ], [ -81.753, 69.268 ], [ -81.345, 69.195 ], [ -81.273, 69.092 ], [ -81.389, 69.095 ], [ -81.58, 68.993 ], [ -81.684, 68.994 ], [ -81.729, 68.945 ], [ -82.062, 68.879 ], [ -81.703, 68.908 ], [ -81.589, 68.873 ], [ -81.562, 68.832 ], [ -81.396, 68.873 ], [ -81.233, 68.774 ], [ -81.259, 68.756 ], [ -81.267, 68.639 ], [ -81.65, 68.508 ], [ -81.815, 68.53 ], [ -81.796, 68.504 ], [ -81.826, 68.471 ], [ -81.954, 68.431 ], [ -82.017, 68.434 ], [ -82.089, 68.51 ], [ -82.274, 68.537 ], [ -82.177, 68.488 ], [ -82.266, 68.458 ], [ -82.612, 68.53 ], [ -82.636, 68.497 ], [ -82.497, 68.464 ], [ -82.651, 68.434 ], [ -82.619, 68.407 ], [ -82.504, 68.41 ], [ -82.349, 68.338 ], [ -82.507, 68.318 ], [ -82.442, 68.284 ], [ -82.273, 68.292 ], [ -82.267, 68.242 ], [ -82.345, 68.176 ], [ -82.315, 68.147 ], [ -82.175, 68.125 ], [ -82.044, 68.217 ], [ -81.994, 68.215 ], [ -82.018, 68.13 ], [ -82.123, 68.112 ], [ -82.082, 68.082 ], [ -82.178, 68.009 ], [ -82.102, 67.91 ], [ -81.828, 67.807 ], [ -81.818, 67.773 ], [ -81.643, 67.687 ], [ -81.457, 67.628 ], [ -81.238, 67.461 ], [ -81.314, 67.372 ], [ -81.41, 67.098 ], [ -81.491, 67.061 ], [ -81.503, 67.001 ], [ -81.955, 66.977 ], [ -82.034, 66.927 ], [ -82.013, 66.906 ], [ -82.092, 66.858 ], [ -82.082, 66.834 ], [ -82.176, 66.781 ], [ -82.157, 66.714 ], [ -82.373, 66.728 ], [ -82.382, 66.696 ], [ -82.554, 66.625 ], [ -82.591, 66.571 ], [ -82.999, 66.555 ], [ -83.027, 66.495 ], [ -83.369, 66.35 ], [ -83.589, 66.357 ], [ -83.569, 66.371 ], [ -83.658, 66.419 ], [ -83.639, 66.436 ], [ -83.529, 66.397 ], [ -83.678, 66.525 ], [ -83.981, 66.592 ], [ -83.973, 66.618 ], [ -84.014, 66.632 ], [ -84.005, 66.697 ], [ -83.932, 66.707 ], [ -83.896, 66.647 ], [ -83.857, 66.687 ], [ -83.959, 66.748 ], [ -83.885, 66.817 ], [ -83.918, 66.886 ], [ -83.943, 66.827 ], [ -84.048, 66.79 ], [ -84.029, 66.784 ], [ -84.104, 66.748 ], [ -84.098, 66.719 ], [ -84.138, 66.712 ], [ -84.303, 66.741 ], [ -84.268, 66.782 ], [ -84.304, 66.801 ], [ -84.412, 66.807 ], [ -84.439, 66.831 ], [ -84.24, 66.838 ], [ -84.411, 66.886 ], [ -84.408, 66.935 ], [ -84.583, 66.982 ], [ -84.371, 66.974 ], [ -84.91, 67.062 ], [ -84.939, 67.037 ], [ -84.843, 67.015 ], [ -84.885, 66.995 ], [ -84.736, 67.008 ], [ -84.637, 66.982 ], [ -85.005, 66.968 ], [ -85.213, 66.919 ], [ -85.145, 66.906 ], [ -85.227, 66.886 ], [ -85.215, 66.868 ], [ -85.128, 66.838 ], [ -84.958, 66.864 ], [ -84.911, 66.901 ], [ -85.001, 66.919 ], [ -84.975, 66.929 ], [ -84.891, 66.919 ], [ -84.767, 66.956 ], [ -84.603, 66.94 ], [ -84.591, 66.905 ], [ -84.747, 66.9 ], [ -84.508, 66.823 ], [ -84.693, 66.845 ], [ -84.65, 66.824 ], [ -84.322, 66.776 ], [ -84.452, 66.721 ], [ -84.315, 66.68 ], [ -84.145, 66.687 ], [ -84.211, 66.595 ], [ -83.932, 66.46 ], [ -83.877, 66.414 ], [ -83.863, 66.317 ], [ -83.784, 66.301 ], [ -83.762, 66.255 ], [ -83.685, 66.214 ], [ -83.807, 66.163 ], [ -83.857, 66.159 ], [ -83.791, 66.214 ], [ -83.971, 66.204 ], [ -84.131, 66.264 ], [ -84.178, 66.319 ], [ -84.371, 66.284 ], [ -84.424, 66.361 ], [ -84.537, 66.405 ], [ -84.637, 66.344 ], [ -84.378, 66.173 ], [ -84.48, 66.166 ], [ -84.871, 66.268 ], [ -84.984, 66.254 ], [ -85.083, 66.287 ], [ -85.118, 66.33 ], [ -85.179, 66.268 ], [ -85.242, 66.27 ], [ -85.28, 66.361 ], [ -85.313, 66.372 ], [ -85.322, 66.48 ], [ -85.416, 66.567 ], [ -85.465, 66.574 ], [ -85.783, 66.5 ], [ -86.139, 66.501 ], [ -86.344, 66.556 ], [ -86.393, 66.515 ], [ -86.598, 66.556 ], [ -86.577, 66.536 ], [ -86.62, 66.507 ], [ -86.783, 66.522 ], [ -86.632, 66.44 ], [ -86.808, 66.446 ], [ -86.621, 66.314 ], [ -86.326, 66.286 ], [ -85.892, 66.193 ], [ -85.857, 66.163 ], [ -85.975, 66.098 ], [ -85.974, 66.036 ], [ -86.194, 65.984 ], [ -86.227, 65.933 ], [ -86.426, 65.898 ], [ -86.495, 65.816 ], [ -86.454, 65.782 ], [ -86.465, 65.743 ], [ -86.55, 65.672 ], [ -86.664, 65.658 ], [ -86.826, 65.562 ], [ -86.988, 65.535 ], [ -87.015, 65.487 ], [ -87.114, 65.46 ], [ -87.064, 65.419 ], [ -87.079, 65.402 ], [ -87.381, 65.33 ], [ -87.927, 65.333 ], [ -88.064, 65.359 ], [ -88.222, 65.412 ], [ -88.462, 65.554 ], [ -88.831, 65.645 ], [ -88.414, 65.632 ], [ -89.109, 65.728 ], [ -89.16, 65.777 ], [ -89.408, 65.867 ], [ -89.51, 65.861 ], [ -89.537, 65.898 ], [ -89.688, 65.947 ], [ -90.004, 65.947 ], [ -89.767, 65.893 ], [ -89.73, 65.859 ], [ -89.771, 65.823 ], [ -90.044, 65.892 ], [ -90.229, 65.859 ], [ -90.435, 65.885 ], [ -90.217, 65.907 ], [ -90.237, 65.927 ], [ -90.401, 65.905 ], [ -91.31, 65.976 ], [ -91.497, 65.947 ], [ -91.032, 65.808 ], [ -91.004, 65.816 ], [ -91.127, 65.905 ], [ -91.108, 65.923 ], [ -90.53, 65.882 ], [ -89.958, 65.794 ], [ -89.468, 65.606 ], [ -89.394, 65.501 ], [ -89.184, 65.439 ], [ -89.04, 65.328 ], [ -88.934, 65.343 ], [ -88.077, 65.268 ], [ -87.941, 65.288 ], [ -87.751, 65.268 ], [ -87.711, 65.301 ], [ -87.373, 65.275 ], [ -87.047, 65.238 ], [ -87.057, 65.206 ], [ -86.938, 65.142 ], [ -86.995, 65.104 ], [ -86.974, 65.058 ], [ -87.111, 65.001 ], [ -87.077, 64.973 ], [ -87.169, 64.94 ], [ -87.275, 64.85 ], [ -87.3, 64.764 ], [ -87.445, 64.708 ], [ -87.496, 64.743 ], [ -87.529, 64.713 ], [ -87.514, 64.634 ], [ -87.578, 64.57 ], [ -87.81, 64.516 ], [ -87.9, 64.333 ], [ -88.042, 64.257 ], [ -88.051, 64.237 ], [ -87.982, 64.192 ], [ -88.113, 64.141 ], [ -88.222, 64.144 ], [ -88.735, 63.972 ], [ -88.904, 64.008 ], [ -89.003, 63.993 ], [ -89.148, 64.056 ], [ -89.252, 64.159 ], [ -89.291, 64.137 ], [ -89.09, 63.962 ], [ -89.023, 63.953 ], [ -89.049, 63.946 ], [ -89.147, 63.953 ], [ -89.126, 63.966 ], [ -89.286, 64.016 ], [ -89.25, 63.966 ], [ -89.379, 64.041 ], [ -89.439, 64.024 ], [ -89.546, 64.08 ], [ -89.558, 64.007 ], [ -89.483, 63.953 ], [ -89.694, 64.078 ], [ -89.722, 64.076 ], [ -89.707, 64.032 ], [ -89.826, 64.11 ], [ -89.736, 64.148 ], [ -89.786, 64.25 ], [ -89.806, 64.201 ], [ -89.887, 64.206 ], [ -89.826, 64.177 ], [ -89.832, 64.141 ], [ -89.97, 64.168 ], [ -90.127, 64.13 ], [ -90.041, 64.1 ], [ -90.024, 64.124 ], [ -89.932, 64.117 ], [ -89.914, 64.103 ], [ -89.944, 64.069 ], [ -89.853, 64.028 ], [ -89.914, 64.001 ], [ -89.839, 63.988 ], [ -89.813, 63.946 ], [ -89.959, 63.918 ], [ -89.996, 63.932 ], [ -89.952, 63.964 ], [ -89.995, 63.99 ], [ -90.092, 63.953 ], [ -90.168, 64.007 ], [ -90.278, 64.007 ], [ -90.086, 63.925 ], [ -90.127, 63.918 ], [ -89.966, 63.813 ], [ -89.974, 63.779 ], [ -90.12, 63.781 ], [ -90.062, 63.743 ], [ -90.137, 63.699 ], [ -90.168, 63.658 ], [ -90.147, 63.63 ], [ -90.221, 63.613 ], [ -90.284, 63.623 ], [ -90.222, 63.637 ], [ -90.27, 63.651 ], [ -90.447, 63.621 ], [ -90.49, 63.637 ], [ -90.456, 63.651 ], [ -90.545, 63.665 ], [ -90.483, 63.671 ], [ -90.648, 63.706 ], [ -90.642, 63.684 ], [ -90.703, 63.665 ], [ -90.589, 63.678 ], [ -90.545, 63.61 ], [ -90.91, 63.569 ], [ -91.392, 63.667 ], [ -91.391, 63.691 ], [ -91.333, 63.678 ], [ -91.508, 63.731 ], [ -91.673, 63.722 ], [ -91.655, 63.747 ], [ -91.701, 63.78 ], [ -91.749, 63.748 ], [ -91.899, 63.746 ], [ -91.991, 63.781 ], [ -91.888, 63.809 ], [ -91.998, 63.819 ], [ -92.064, 63.749 ], [ -92.374, 63.779 ], [ -92.506, 63.831 ], [ -92.751, 63.863 ], [ -92.786, 63.901 ], [ -92.916, 63.904 ], [ -92.957, 63.938 ], [ -93.068, 63.932 ], [ -93.448, 64.023 ], [ -93.625, 64.107 ], [ -93.635, 64.165 ], [ -93.78, 64.192 ], [ -93.556, 64.034 ], [ -93.601, 64.014 ], [ -93.546, 64.001 ], [ -93.766, 63.993 ], [ -93.772, 63.959 ], [ -93.711, 63.959 ], [ -93.647, 63.881 ], [ -93.369, 63.817 ], [ -93.334, 63.815 ], [ -93.382, 63.846 ], [ -93.217, 63.843 ], [ -93.351, 63.869 ], [ -93.451, 63.932 ], [ -93.423, 63.938 ], [ -93.457, 63.959 ], [ -93.401, 63.977 ], [ -93.104, 63.881 ], [ -92.766, 63.832 ], [ -92.635, 63.784 ], [ -92.499, 63.821 ], [ -92.436, 63.795 ], [ -92.412, 63.747 ], [ -92.251, 63.747 ], [ -92.1, 63.699 ], [ -92.209, 63.667 ], [ -92.169, 63.644 ], [ -92.277, 63.622 ], [ -92.323, 63.651 ], [ -92.384, 63.596 ], [ -92.546, 63.555 ], [ -92.467, 63.528 ], [ -92.334, 63.575 ], [ -92.23, 63.541 ], [ -92.181, 63.622 ], [ -91.778, 63.714 ], [ -91.62, 63.651 ], [ -91.598, 63.585 ], [ -91.4, 63.531 ], [ -91.391, 63.488 ], [ -91.168, 63.493 ], [ -91.079, 63.453 ], [ -91.017, 63.471 ], [ -90.785, 63.398 ], [ -90.976, 63.424 ], [ -90.689, 63.357 ], [ -90.751, 63.321 ], [ -90.695, 63.275 ], [ -90.719, 63.261 ], [ -90.687, 63.224 ], [ -90.696, 63.186 ], [ -90.73, 63.185 ], [ -90.675, 63.165 ], [ -90.695, 63.137 ], [ -90.654, 63.089 ], [ -90.689, 63.082 ], [ -90.626, 63.061 ], [ -90.754, 63.0 ], [ -90.723, 62.973 ], [ -90.784, 62.945 ], [ -91.031, 62.951 ], [ -91.312, 62.831 ], [ -91.422, 62.822 ], [ -91.354, 62.801 ], [ -91.394, 62.787 ], [ -92.135, 62.877 ], [ -92.099, 62.804 ], [ -92.333, 62.845 ], [ -92.453, 62.825 ], [ -92.454, 62.794 ], [ -92.357, 62.732 ], [ -92.224, 62.692 ], [ -92.278, 62.679 ], [ -91.968, 62.655 ], [ -91.888, 62.62 ], [ -91.943, 62.541 ], [ -91.983, 62.532 ], [ -92.176, 62.547 ], [ -92.142, 62.582 ], [ -92.183, 62.613 ], [ -92.279, 62.596 ], [ -92.245, 62.575 ], [ -92.261, 62.563 ], [ -92.429, 62.541 ], [ -92.477, 62.555 ], [ -92.457, 62.588 ], [ -92.479, 62.599 ], [ -92.518, 62.576 ], [ -92.619, 62.623 ], [ -92.539, 62.534 ], [ -92.559, 62.493 ], [ -92.501, 62.513 ], [ -92.546, 62.478 ], [ -92.532, 62.445 ], [ -92.705, 62.469 ], [ -92.717, 62.397 ], [ -92.683, 62.377 ], [ -92.827, 62.356 ], [ -92.62, 62.323 ], [ -92.59, 62.294 ], [ -92.636, 62.26 ], [ -92.471, 62.15 ], [ -92.597, 62.161 ], [ -92.621, 62.212 ], [ -92.69, 62.232 ], [ -92.744, 62.294 ], [ -93.252, 62.37 ], [ -92.813, 62.255 ], [ -92.765, 62.218 ], [ -92.806, 62.178 ], [ -92.997, 62.204 ], [ -92.971, 62.184 ], [ -93.115, 62.16 ], [ -93.128, 62.13 ], [ -93.084, 62.117 ], [ -92.93, 62.117 ], [ -93.005, 62.068 ], [ -93.066, 62.081 ], [ -93.076, 62.041 ], [ -93.161, 62.048 ], [ -93.17, 61.986 ], [ -93.285, 62.05 ], [ -93.334, 62.054 ], [ -93.293, 62.02 ], [ -93.416, 62.034 ], [ -93.217, 61.958 ], [ -93.389, 61.951 ], [ -93.279, 61.897 ], [ -93.617, 61.952 ], [ -93.492, 61.889 ], [ -93.614, 61.861 ], [ -93.348, 61.821 ], [ -93.437, 61.807 ], [ -93.252, 61.788 ], [ -93.265, 61.744 ], [ -93.472, 61.767 ], [ -93.422, 61.731 ], [ -93.313, 61.732 ], [ -93.519, 61.683 ], [ -93.786, 61.554 ], [ -93.834, 61.575 ], [ -93.985, 61.458 ], [ -93.937, 61.41 ], [ -93.971, 61.403 ], [ -93.858, 61.386 ], [ -93.834, 61.328 ], [ -93.951, 61.301 ], [ -94.115, 61.328 ], [ -93.999, 61.225 ], [ -94.101, 61.163 ], [ -94.04, 61.163 ], [ -94.055, 61.108 ], [ -93.986, 61.101 ], [ -94.127, 61.067 ], [ -94.242, 60.903 ], [ -94.352, 60.858 ], [ -94.41, 60.764 ], [ -94.397, 60.727 ], [ -94.492, 60.649 ], [ -94.52, 60.547 ], [ -94.572, 60.528 ], [ -94.688, 60.553 ], [ -94.739, 60.539 ], [ -94.642, 60.512 ], [ -94.668, 60.494 ], [ -94.801, 60.498 ], [ -94.68, 60.475 ], [ -94.616, 60.392 ], [ -94.712, 60.266 ], [ -94.682, 60.197 ], [ -94.718, 60.15 ], [ -94.704, 60.094 ], [ -94.803, 60.0 ], [ -102.002, 60.0 ], [ -101.999, 64.227 ], [ -108.973, 64.778 ], [ -109.215, 64.812 ], [ -109.516, 64.902 ], [ -110.669, 65.496 ], [ -112.504, 65.501 ], [ -120.67, 67.997 ], [ -120.681, 69.557 ], [ -120.086, 69.364 ], [ -118.666, 69.225 ], [ -118.477, 69.129 ], [ -118.041, 69.025 ], [ -117.371, 68.951 ], [ -117.165, 68.894 ], [ -116.981, 68.907 ], [ -116.962, 68.914 ], [ -117.01, 68.94 ], [ -116.974, 68.946 ], [ -116.847, 68.888 ], [ -116.468, 68.864 ], [ -116.386, 68.885 ], [ -116.208, 68.831 ], [ -115.971, 68.809 ], [ -115.941, 68.818 ], [ -116.099, 68.856 ], [ -116.126, 68.879 ], [ -116.085, 68.886 ], [ -116.318, 68.968 ], [ -116.16, 68.984 ], [ -115.879, 68.927 ], [ -115.77, 68.94 ], [ -115.941, 69.003 ], [ -115.567, 68.972 ], [ -115.114, 68.856 ], [ -114.988, 68.867 ], [ -114.742, 68.755 ], [ -114.523, 68.717 ], [ -114.44, 68.687 ], [ -114.468, 68.667 ], [ -114.401, 68.617 ], [ -114.201, 68.572 ], [ -114.08, 68.494 ], [ -114.057, 68.441 ], [ -114.112, 68.44 ], [ -114.111, 68.413 ], [ -114.005, 68.4 ], [ -113.967, 68.441 ], [ -113.905, 68.4 ], [ -114.057, 68.304 ], [ -114.015, 68.253 ], [ -114.035, 68.241 ], [ -114.837, 68.263 ], [ -114.942, 68.291 ], [ -114.969, 68.283 ], [ -114.755, 68.194 ], [ -114.896, 68.151 ], [ -115.242, 68.187 ], [ -115.18, 68.142 ], [ -115.249, 68.043 ], [ -115.112, 68.016 ], [ -115.543, 67.923 ], [ -115.518, 67.895 ], [ -115.256, 67.886 ], [ -115.283, 67.872 ], [ -115.118, 67.804 ], [ -114.789, 67.817 ], [ -114.599, 67.775 ], [ -114.535, 67.797 ], [ -114.33, 67.728 ], [ -114.172, 67.742 ], [ -113.859, 67.696 ], [ -112.421, 67.682 ], [ -112.355, 67.694 ], [ -112.371, 67.735 ], [ -112.328, 67.746 ], [ -112.028, 67.749 ], [ -111.98, 67.694 ], [ -111.885, 67.685 ], [ -111.932, 67.749 ], [ -111.546, 67.721 ], [ -111.576, 67.749 ], [ -111.535, 67.769 ], [ -111.425, 67.74 ], [ -111.292, 67.826 ], [ -111.167, 67.846 ], [ -111.153, 67.831 ], [ -111.212, 67.79 ], [ -111.171, 67.783 ], [ -111.212, 67.762 ], [ -111.088, 67.791 ], [ -111.019, 67.768 ], [ -110.74, 67.865 ], [ -110.328, 67.948 ], [ -110.343, 67.968 ], [ -110.158, 67.918 ], [ -110.13, 67.927 ], [ -110.203, 67.974 ], [ -110.178, 67.999 ], [ -110.06, 68.005 ], [ -109.971, 67.967 ], [ -109.999, 67.886 ], [ -109.967, 67.834 ], [ -109.911, 67.859 ], [ -109.952, 67.886 ], [ -109.832, 67.874 ], [ -109.698, 67.81 ], [ -109.746, 67.776 ], [ -109.623, 67.742 ], [ -109.743, 67.745 ], [ -109.717, 67.719 ], [ -109.518, 67.691 ], [ -109.496, 67.741 ], [ -109.406, 67.77 ], [ -109.382, 67.756 ], [ -109.404, 67.742 ], [ -109.312, 67.723 ], [ -109.067, 67.72 ], [ -109.006, 67.674 ], [ -108.985, 67.59 ], [ -108.929, 67.532 ], [ -109.023, 67.488 ], [ -109.013, 67.461 ], [ -108.866, 67.415 ], [ -108.824, 67.357 ], [ -108.757, 67.415 ], [ -108.731, 67.616 ], [ -108.64, 67.629 ], [ -108.581, 67.608 ], [ -108.52, 67.495 ], [ -108.51, 67.392 ], [ -108.471, 67.351 ], [ -108.431, 67.369 ], [ -108.444, 67.434 ], [ -108.37, 67.448 ], [ -107.993, 67.282 ], [ -107.882, 67.155 ], [ -107.916, 67.139 ], [ -107.885, 67.048 ], [ -108.139, 67.08 ], [ -108.215, 67.027 ], [ -108.622, 67.153 ], [ -108.518, 67.037 ], [ -108.465, 67.075 ], [ -108.34, 66.99 ], [ -108.119, 66.939 ], [ -108.136, 66.86 ], [ -108.232, 66.851 ], [ -107.995, 66.832 ], [ -107.937, 66.782 ], [ -107.951, 66.735 ], [ -107.889, 66.67 ], [ -107.858, 66.724 ], [ -107.889, 66.762 ], [ -107.858, 66.76 ], [ -107.69, 66.646 ], [ -107.725, 66.632 ], [ -107.635, 66.57 ], [ -107.566, 66.531 ], [ -107.521, 66.553 ], [ -107.433, 66.455 ], [ -107.242, 66.349 ], [ -107.202, 66.378 ], [ -107.564, 66.595 ], [ -107.659, 66.708 ], [ -107.8, 66.769 ], [ -107.69, 66.769 ], [ -107.766, 66.996 ], [ -107.608, 66.974 ], [ -107.666, 67.063 ], [ -107.643, 67.077 ], [ -107.524, 67.02 ], [ -107.484, 66.919 ], [ -107.697, 66.954 ], [ -107.616, 66.885 ], [ -107.533, 66.878 ], [ -107.563, 66.84 ], [ -107.409, 66.817 ], [ -107.484, 66.886 ], [ -107.396, 66.892 ], [ -107.441, 66.963 ], [ -107.401, 66.974 ], [ -107.088, 66.831 ], [ -107.267, 66.989 ], [ -107.403, 67.041 ], [ -107.246, 67.084 ], [ -107.203, 67.125 ], [ -107.39, 67.149 ], [ -107.527, 67.212 ], [ -107.589, 67.31 ], [ -107.716, 67.405 ], [ -107.697, 67.426 ], [ -107.635, 67.406 ], [ -107.586, 67.501 ], [ -108.006, 67.71 ], [ -108.013, 67.759 ], [ -107.942, 67.854 ], [ -107.7, 67.903 ], [ -107.659, 67.947 ], [ -107.91, 67.995 ], [ -107.88, 68.093 ], [ -107.697, 68.078 ], [ -107.814, 68.057 ], [ -107.738, 68.043 ], [ -107.834, 68.009 ], [ -107.774, 67.989 ], [ -107.682, 68.049 ], [ -107.373, 68.047 ], [ -107.147, 68.132 ], [ -107.108, 68.126 ], [ -107.135, 68.091 ], [ -106.953, 68.1 ], [ -106.97, 68.112 ], [ -106.926, 68.126 ], [ -106.758, 68.105 ], [ -106.746, 68.14 ], [ -106.813, 68.208 ], [ -106.682, 68.228 ], [ -106.7, 68.198 ], [ -106.645, 68.173 ], [ -106.631, 68.25 ], [ -106.496, 68.203 ], [ -106.443, 68.153 ], [ -106.347, 68.187 ], [ -106.484, 68.229 ], [ -106.426, 68.304 ], [ -106.471, 68.332 ], [ -106.446, 68.351 ], [ -106.251, 68.393 ], [ -106.122, 68.366 ], [ -105.991, 68.396 ], [ -105.971, 68.428 ], [ -105.874, 68.41 ], [ -105.818, 68.455 ], [ -105.799, 68.428 ], [ -105.727, 68.427 ], [ -105.698, 68.489 ], [ -105.779, 68.551 ], [ -105.648, 68.639 ], [ -105.791, 68.612 ], [ -105.941, 68.64 ], [ -106.553, 68.516 ], [ -106.422, 68.516 ], [ -106.539, 68.508 ], [ -106.56, 68.489 ], [ -106.51, 68.459 ], [ -106.532, 68.448 ], [ -106.635, 68.469 ], [ -106.593, 68.427 ], [ -106.488, 68.407 ], [ -106.556, 68.359 ], [ -106.528, 68.301 ], [ -106.553, 68.297 ], [ -106.652, 68.351 ], [ -106.717, 68.351 ], [ -106.787, 68.415 ], [ -106.81, 68.371 ], [ -107.026, 68.365 ], [ -107.155, 68.27 ], [ -107.274, 68.269 ], [ -107.336, 68.319 ], [ -107.509, 68.324 ], [ -107.547, 68.352 ], [ -107.827, 68.345 ], [ -107.889, 68.269 ], [ -107.615, 68.167 ], [ -107.844, 68.181 ], [ -107.925, 68.148 ], [ -108.149, 68.173 ], [ -108.389, 68.111 ], [ -108.434, 68.156 ], [ -108.378, 68.166 ], [ -108.382, 68.14 ], [ -108.354, 68.14 ], [ -108.328, 68.205 ], [ -108.362, 68.236 ], [ -108.41, 68.181 ], [ -108.458, 68.187 ], [ -108.402, 68.269 ], [ -108.417, 68.304 ], [ -108.732, 68.235 ], [ -108.807, 68.263 ], [ -108.744, 68.306 ], [ -108.749, 68.345 ], [ -108.595, 68.399 ], [ -108.347, 68.6 ], [ -107.293, 68.701 ], [ -106.911, 68.8 ], [ -106.666, 68.816 ], [ -106.197, 68.944 ], [ -105.796, 68.883 ], [ -105.47, 68.722 ], [ -105.539, 68.65 ], [ -105.409, 68.531 ], [ -105.326, 68.516 ], [ -105.324, 68.482 ], [ -105.437, 68.49 ], [ -105.536, 68.45 ], [ -105.544, 68.414 ], [ -105.333, 68.413 ], [ -105.354, 68.379 ], [ -105.323, 68.354 ], [ -105.039, 68.259 ], [ -104.997, 68.277 ], [ -105.086, 68.31 ], [ -104.953, 68.307 ], [ -104.894, 68.351 ], [ -104.842, 68.292 ], [ -104.945, 68.261 ], [ -104.935, 68.236 ], [ -104.82, 68.265 ], [ -104.602, 68.235 ], [ -104.676, 68.14 ], [ -104.617, 68.14 ], [ -104.592, 68.083 ], [ -104.507, 68.071 ], [ -104.484, 68.034 ], [ -104.317, 68.057 ], [ -104.148, 68.024 ], [ -103.99, 68.049 ], [ -103.793, 68.026 ], [ -103.709, 68.071 ], [ -103.558, 68.063 ], [ -103.528, 68.133 ], [ -103.415, 68.169 ], [ -103.339, 68.112 ], [ -103.38, 68.078 ], [ -103.364, 68.011 ], [ -103.083, 67.927 ], [ -102.948, 67.927 ], [ -102.763, 67.815 ], [ -102.451, 67.782 ], [ -102.306, 67.723 ], [ -102.254, 67.73 ] ] ], [ [ [ -107.854, 66.886 ], [ -107.951, 66.858 ], [ -107.812, 67.015 ], [ -107.797, 66.974 ], [ -107.854, 66.886 ] ] ], [ [ [ -107.937, 66.954 ], [ -108.049, 66.91 ], [ -108.115, 67.037 ], [ -107.994, 66.956 ], [ -107.937, 66.954 ] ] ], [ [ [ -107.567, 67.104 ], [ -107.624, 67.205 ], [ -107.32, 67.104 ], [ -107.517, 67.082 ], [ -107.567, 67.104 ] ] ], [ [ [ -108.149, 67.413 ], [ -108.04, 67.392 ], [ -108.032, 67.413 ], [ -108.081, 67.426 ], [ -107.951, 67.475 ], [ -107.972, 67.481 ], [ -107.882, 67.467 ], [ -107.889, 67.406 ], [ -107.937, 67.358 ], [ -107.908, 67.331 ], [ -107.93, 67.31 ], [ -108.006, 67.372 ], [ -108.149, 67.413 ] ] ], [ [ [ -108.453, 67.489 ], [ -108.492, 67.564 ], [ -108.288, 67.548 ], [ -108.314, 67.488 ], [ -108.382, 67.467 ], [ -108.453, 67.489 ] ] ], [ [ [ -108.004, 67.661 ], [ -107.935, 67.537 ], [ -108.07, 67.539 ], [ -108.035, 67.504 ], [ -108.106, 67.468 ], [ -108.138, 67.551 ], [ -108.073, 67.564 ], [ -108.129, 67.598 ], [ -108.112, 67.676 ], [ -108.004, 67.661 ] ] ], [ [ [ -109.136, 67.768 ], [ -109.212, 67.79 ], [ -109.071, 67.811 ], [ -109.04, 67.79 ], [ -109.136, 67.768 ] ] ], [ [ [ -114.008, 67.872 ], [ -114.296, 67.9 ], [ -113.927, 67.879 ], [ -114.008, 67.872 ] ] ], [ [ [ -110.808, 67.961 ], [ -110.879, 67.893 ], [ -111.089, 67.865 ], [ -110.808, 67.961 ] ] ], [ [ [ -113.604, 67.906 ], [ -113.422, 67.907 ], [ -113.399, 67.914 ], [ -113.446, 67.927 ], [ -113.341, 67.939 ], [ -113.248, 67.92 ], [ -113.528, 67.895 ], [ -113.604, 67.906 ] ] ], [ [ [ -108.259, 67.893 ], [ -108.177, 67.961 ], [ -108.104, 67.979 ], [ -108.054, 67.955 ], [ -108.092, 67.885 ], [ -108.259, 67.893 ] ] ], [ [ [ -109.198, 67.995 ], [ -109.047, 67.955 ], [ -109.075, 67.975 ], [ -108.935, 67.971 ], [ -108.886, 67.955 ], [ -108.911, 67.92 ], [ -108.873, 67.901 ], [ -108.941, 67.876 ], [ -109.139, 67.933 ], [ -109.198, 67.995 ] ] ], [ [ [ -112.761, 67.964 ], [ -113.121, 67.915 ], [ -113.155, 67.922 ], [ -112.761, 67.964 ] ] ], [ [ [ -109.548, 68.057 ], [ -109.485, 68.044 ], [ -109.507, 68.085 ], [ -109.451, 68.098 ], [ -109.308, 68.008 ], [ -109.318, 67.985 ], [ -109.383, 67.989 ], [ -109.548, 68.057 ] ] ], [ [ [ -109.96, 68.08 ], [ -110.232, 68.039 ], [ -110.259, 68.043 ], [ -109.876, 68.132 ], [ -109.96, 68.08 ] ] ], [ [ [ -112.904, 68.16 ], [ -112.855, 68.176 ], [ -112.718, 68.156 ], [ -112.79, 68.13 ], [ -112.904, 68.16 ] ] ], [ [ [ -109.568, 68.25 ], [ -109.782, 68.143 ], [ -109.856, 68.16 ], [ -109.568, 68.25 ] ] ], [ [ [ -111.63, 68.27 ], [ -111.677, 68.225 ], [ -111.769, 68.23 ], [ -111.781, 68.256 ], [ -111.713, 68.304 ], [ -111.5, 68.304 ], [ -111.63, 68.27 ] ] ], [ [ [ -104.529, 68.403 ], [ -104.901, 68.458 ], [ -105.086, 68.551 ], [ -104.889, 68.587 ], [ -104.681, 68.579 ], [ -104.479, 68.513 ], [ -104.429, 68.445 ], [ -104.529, 68.403 ] ] ], [ [ [ -110.699, 68.489 ], [ -111.095, 68.48 ], [ -110.836, 68.551 ], [ -110.699, 68.489 ] ] ], [ [ [ -110.76, 68.566 ], [ -110.63, 68.579 ], [ -110.644, 68.551 ], [ -110.521, 68.551 ], [ -110.614, 68.523 ], [ -110.76, 68.566 ] ] ], [ [ [ -113.967, 68.612 ], [ -113.835, 68.614 ], [ -113.762, 68.598 ], [ -113.796, 68.582 ], [ -113.967, 68.612 ] ] ], [ [ [ -114.193, 68.681 ], [ -114.072, 68.645 ], [ -114.048, 68.627 ], [ -114.193, 68.681 ] ] ], [ [ [ -101.703, 68.644 ], [ -101.825, 68.653 ], [ -101.799, 68.627 ], [ -101.866, 68.572 ], [ -102.352, 68.687 ], [ -102.073, 68.761 ], [ -102.025, 68.824 ], [ -101.98, 68.826 ], [ -101.708, 68.788 ], [ -101.68, 68.674 ], [ -101.703, 68.644 ] ] ], [ [ [ -114.351, 68.873 ], [ -114.474, 68.893 ], [ -114.33, 68.886 ], [ -114.351, 68.873 ] ] ], [ [ [ -101.551, 69.113 ], [ -101.701, 69.099 ], [ -101.605, 69.151 ], [ -101.722, 69.181 ], [ -101.689, 69.211 ], [ -101.564, 69.22 ], [ -101.505, 69.176 ], [ -101.551, 69.113 ] ] ], [ [ [ -100.959, 69.472 ], [ -101.061, 69.46 ], [ -101.098, 69.408 ], [ -101.199, 69.406 ], [ -101.243, 69.374 ], [ -101.283, 69.386 ], [ -101.242, 69.421 ], [ -101.304, 69.448 ], [ -101.235, 69.444 ], [ -101.187, 69.482 ], [ -101.381, 69.538 ], [ -101.311, 69.583 ], [ -101.237, 69.548 ], [ -101.173, 69.572 ], [ -100.959, 69.472 ] ] ], [ [ [ -102.156, 69.735 ], [ -102.119, 69.671 ], [ -102.159, 69.654 ], [ -102.236, 69.685 ], [ -102.226, 69.726 ], [ -102.156, 69.735 ] ] ], [ [ [ -109.856, 72.703 ], [ -109.773, 72.717 ], [ -110.004, 72.755 ], [ -110.004, 72.985 ], [ -109.905, 72.971 ], [ -109.855, 72.922 ], [ -109.623, 72.916 ], [ -109.752, 72.881 ], [ -109.376, 72.771 ], [ -109.404, 72.752 ], [ -109.183, 72.767 ], [ -109.116, 72.745 ], [ -109.164, 72.724 ], [ -108.946, 72.674 ], [ -109.034, 72.648 ], [ -109.047, 72.573 ], [ -108.842, 72.573 ], [ -108.889, 72.594 ], [ -108.868, 72.606 ], [ -108.633, 72.566 ], [ -108.59, 72.504 ], [ -108.663, 72.361 ], [ -108.534, 72.202 ], [ -108.54, 72.149 ], [ -108.402, 72.149 ], [ -108.438, 72.134 ], [ -108.396, 72.086 ], [ -108.417, 71.99 ], [ -108.293, 71.976 ], [ -108.341, 71.936 ], [ -108.192, 71.963 ], [ -108.221, 71.912 ], [ -108.294, 71.881 ], [ -108.246, 71.833 ], [ -108.287, 71.799 ], [ -108.17, 71.754 ], [ -108.246, 71.723 ], [ -108.047, 71.717 ], [ -107.992, 71.683 ], [ -107.985, 71.635 ], [ -107.833, 71.608 ], [ -107.725, 71.635 ], [ -107.833, 71.679 ], [ -107.801, 71.734 ], [ -107.668, 71.708 ], [ -107.564, 71.775 ], [ -107.252, 71.806 ], [ -107.472, 71.87 ], [ -107.252, 71.902 ], [ -107.417, 71.929 ], [ -107.423, 71.977 ], [ -107.605, 72.011 ], [ -107.656, 72.073 ], [ -107.615, 72.097 ], [ -107.663, 72.121 ], [ -107.635, 72.128 ], [ -107.779, 72.141 ], [ -107.795, 72.251 ], [ -107.865, 72.296 ], [ -107.718, 72.303 ], [ -107.848, 72.36 ], [ -107.807, 72.388 ], [ -107.872, 72.435 ], [ -107.786, 72.463 ], [ -107.985, 72.518 ], [ -107.875, 72.525 ], [ -107.875, 72.573 ], [ -108.013, 72.621 ], [ -107.958, 72.642 ], [ -108.013, 72.664 ], [ -108.006, 72.703 ], [ -108.084, 72.76 ], [ -108.056, 72.776 ], [ -108.142, 72.888 ], [ -108.105, 72.912 ], [ -108.168, 72.958 ], [ -108.136, 72.985 ], [ -108.235, 73.043 ], [ -108.157, 73.052 ], [ -108.298, 73.134 ], [ -108.165, 73.206 ], [ -107.868, 73.19 ], [ -108.07, 73.244 ], [ -108.157, 73.306 ], [ -108.013, 73.313 ], [ -108.088, 73.354 ], [ -107.662, 73.328 ], [ -107.073, 73.178 ], [ -107.011, 73.197 ], [ -107.129, 73.244 ], [ -107.088, 73.286 ], [ -106.873, 73.316 ], [ -106.777, 73.297 ], [ -106.676, 73.23 ], [ -106.505, 73.234 ], [ -106.471, 73.19 ], [ -106.234, 73.087 ], [ -106.008, 73.049 ], [ -105.85, 73.06 ], [ -105.819, 73.005 ], [ -105.607, 72.95 ], [ -105.641, 72.936 ], [ -105.525, 72.881 ], [ -105.559, 72.861 ], [ -105.367, 72.792 ], [ -105.401, 72.771 ], [ -105.319, 72.738 ], [ -105.381, 72.73 ], [ -105.511, 72.779 ], [ -105.429, 72.73 ], [ -105.457, 72.703 ], [ -105.29, 72.654 ], [ -105.347, 72.621 ], [ -105.319, 72.559 ], [ -105.231, 72.545 ], [ -105.248, 72.501 ], [ -105.196, 72.484 ], [ -105.211, 72.453 ], [ -105.305, 72.457 ], [ -104.966, 72.194 ], [ -104.963, 72.162 ], [ -105.039, 72.114 ], [ -105.025, 72.073 ], [ -104.949, 72.059 ], [ -104.886, 72.001 ], [ -104.815, 71.862 ], [ -104.67, 71.824 ], [ -104.365, 71.577 ], [ -104.408, 71.511 ], [ -104.319, 71.47 ], [ -104.345, 71.422 ], [ -104.281, 71.35 ], [ -104.487, 71.348 ], [ -104.441, 71.249 ], [ -104.477, 71.198 ], [ -104.648, 71.12 ], [ -104.591, 71.073 ], [ -104.203, 70.955 ], [ -104.105, 70.898 ], [ -103.998, 70.762 ], [ -103.843, 70.743 ], [ -103.572, 70.606 ], [ -103.308, 70.598 ], [ -103.139, 70.511 ], [ -102.928, 70.499 ], [ -102.946, 70.532 ], [ -103.125, 70.576 ], [ -103.161, 70.661 ], [ -103.087, 70.677 ], [ -102.86, 70.597 ], [ -102.851, 70.516 ], [ -102.409, 70.426 ], [ -102.192, 70.333 ], [ -102.126, 70.345 ], [ -101.92, 70.264 ], [ -101.852, 70.262 ], [ -101.79, 70.306 ], [ -101.595, 70.277 ], [ -101.647, 70.204 ], [ -101.529, 70.113 ], [ -101.401, 70.134 ], [ -101.374, 70.177 ], [ -101.239, 70.138 ], [ -101.143, 70.16 ], [ -101.126, 70.195 ], [ -101.022, 70.186 ], [ -100.976, 70.147 ], [ -100.996, 70.088 ], [ -100.927, 70.017 ], [ -100.959, 69.925 ], [ -100.886, 69.887 ], [ -100.878, 69.783 ], [ -100.947, 69.743 ], [ -100.92, 69.72 ], [ -100.964, 69.664 ], [ -101.092, 69.661 ], [ -101.153, 69.692 ], [ -101.295, 69.67 ], [ -101.43, 69.767 ], [ -101.472, 69.832 ], [ -101.426, 69.901 ], [ -101.457, 69.906 ], [ -101.673, 69.647 ], [ -101.707, 69.691 ], [ -101.851, 69.747 ], [ -101.937, 69.74 ], [ -102.047, 69.855 ], [ -102.165, 69.836 ], [ -102.179, 69.902 ], [ -102.225, 69.92 ], [ -102.253, 69.913 ], [ -102.236, 69.853 ], [ -102.346, 69.832 ], [ -102.297, 69.798 ], [ -102.336, 69.767 ], [ -102.374, 69.764 ], [ -102.395, 69.818 ], [ -102.412, 69.779 ], [ -102.482, 69.79 ], [ -102.582, 69.743 ], [ -102.673, 69.769 ], [ -102.578, 69.698 ], [ -102.487, 69.691 ], [ -102.51, 69.564 ], [ -102.57, 69.549 ], [ -102.818, 69.539 ], [ -103.157, 69.617 ], [ -103.298, 69.695 ], [ -103.49, 69.695 ], [ -103.51, 69.619 ], [ -103.221, 69.555 ], [ -103.126, 69.44 ], [ -103.085, 69.523 ], [ -103.017, 69.482 ], [ -102.989, 69.421 ], [ -103.037, 69.366 ], [ -103.024, 69.28 ], [ -103.208, 69.201 ], [ -103.198, 69.12 ], [ -103.046, 69.202 ], [ -102.843, 69.385 ], [ -102.547, 69.414 ], [ -102.464, 69.481 ], [ -102.283, 69.504 ], [ -102.055, 69.484 ], [ -101.939, 69.421 ], [ -102.039, 69.357 ], [ -102.173, 69.353 ], [ -102.173, 69.318 ], [ -102.11, 69.333 ], [ -102.038, 69.288 ], [ -102.091, 69.24 ], [ -102.211, 69.279 ], [ -102.236, 69.263 ], [ -102.222, 69.229 ], [ -102.09, 69.182 ], [ -102.022, 69.243 ], [ -101.927, 69.262 ], [ -101.772, 69.194 ], [ -101.756, 69.16 ], [ -101.866, 69.044 ], [ -101.811, 69.006 ], [ -101.847, 68.988 ], [ -101.965, 68.97 ], [ -102.057, 69.003 ], [ -102.167, 68.953 ], [ -102.407, 68.955 ], [ -102.396, 68.917 ], [ -102.523, 68.866 ], [ -102.749, 68.899 ], [ -102.714, 68.84 ], [ -102.966, 68.799 ], [ -103.164, 68.843 ], [ -103.331, 68.831 ], [ -103.353, 68.79 ], [ -103.415, 68.783 ], [ -103.568, 68.831 ], [ -104.1, 68.858 ], [ -104.223, 68.893 ], [ -104.264, 68.948 ], [ -104.305, 68.94 ], [ -104.27, 68.907 ], [ -104.447, 68.942 ], [ -104.53, 68.875 ], [ -104.594, 68.864 ], [ -105.123, 68.896 ], [ -105.278, 68.955 ], [ -105.147, 69.002 ], [ -105.065, 68.987 ], [ -105.031, 69.003 ], [ -105.052, 69.017 ], [ -104.917, 69.048 ], [ -104.918, 69.075 ], [ -105.081, 69.106 ], [ -105.127, 69.092 ], [ -105.039, 69.065 ], [ -105.458, 69.101 ], [ -105.548, 69.154 ], [ -105.886, 69.176 ], [ -105.984, 69.147 ], [ -106.204, 69.15 ], [ -106.412, 69.188 ], [ -106.402, 69.237 ], [ -106.274, 69.288 ], [ -106.318, 69.401 ], [ -106.584, 69.504 ], [ -106.741, 69.445 ], [ -106.751, 69.38 ], [ -106.963, 69.363 ], [ -106.993, 69.327 ], [ -106.926, 69.239 ], [ -106.937, 69.216 ], [ -107.026, 69.198 ], [ -107.027, 69.152 ], [ -107.108, 69.164 ], [ -107.169, 69.137 ], [ -107.335, 69.026 ], [ -107.941, 68.941 ], [ -108.539, 68.947 ], [ -108.567, 68.934 ], [ -108.533, 68.907 ], [ -108.565, 68.876 ], [ -109.029, 68.727 ], [ -109.625, 68.642 ], [ -110.229, 68.628 ], [ -110.376, 68.576 ], [ -110.569, 68.619 ], [ -110.98, 68.548 ], [ -111.042, 68.564 ], [ -110.845, 68.595 ], [ -111.418, 68.579 ], [ -111.205, 68.551 ], [ -111.251, 68.52 ], [ -111.531, 68.544 ], [ -112.297, 68.526 ], [ -112.602, 68.508 ], [ -112.749, 68.463 ], [ -113.244, 68.454 ], [ -113.298, 68.491 ], [ -113.039, 68.495 ], [ -113.103, 68.537 ], [ -113.35, 68.592 ], [ -113.444, 68.647 ], [ -113.452, 68.702 ], [ -113.668, 68.815 ], [ -113.619, 68.845 ], [ -113.672, 68.91 ], [ -113.572, 68.965 ], [ -113.57, 69.03 ], [ -113.638, 69.03 ], [ -113.55, 69.044 ], [ -113.652, 69.088 ], [ -113.673, 69.133 ], [ -113.638, 69.14 ], [ -113.701, 69.164 ], [ -113.693, 69.195 ], [ -113.509, 69.174 ], [ -113.541, 69.191 ], [ -114.255, 69.284 ], [ -114.856, 69.253 ], [ -115.006, 69.285 ], [ -115.189, 69.243 ], [ -115.975, 69.3 ], [ -116.528, 69.414 ], [ -116.633, 69.462 ], [ -116.558, 69.496 ], [ -116.62, 69.572 ], [ -116.763, 69.578 ], [ -116.708, 69.551 ], [ -116.733, 69.544 ], [ -116.906, 69.593 ], [ -116.928, 69.606 ], [ -116.856, 69.648 ], [ -116.635, 69.63 ], [ -117.144, 69.888 ], [ -117.124, 70.001 ], [ -112.899, 70.0 ], [ -112.875, 69.832 ], [ -112.65, 69.833 ], [ -112.647, 69.856 ], [ -112.395, 69.875 ], [ -112.659, 69.902 ], [ -112.5, 69.911 ], [ -112.5, 70.0 ], [ -110.0, 70.0 ], [ -110.004, 72.458 ], [ -109.78, 72.436 ], [ -110.004, 72.497 ], [ -110.004, 72.524 ], [ -109.886, 72.492 ], [ -109.788, 72.504 ], [ -110.004, 72.627 ], [ -110.004, 72.71 ], [ -109.82, 72.672 ], [ -109.856, 72.703 ] ] ], [ [ [ -104.49, 73.532 ], [ -104.579, 73.45 ], [ -104.552, 73.426 ], [ -104.586, 73.385 ], [ -104.573, 73.332 ], [ -104.75, 73.217 ], [ -104.737, 73.19 ], [ -104.762, 73.173 ], [ -104.99, 73.08 ], [ -104.981, 73.036 ], [ -105.016, 73.014 ], [ -105.231, 72.936 ], [ -105.36, 72.95 ], [ -105.203, 72.867 ], [ -105.285, 72.851 ], [ -105.388, 72.867 ], [ -105.486, 72.956 ], [ -105.916, 73.142 ], [ -105.894, 73.162 ], [ -106.108, 73.197 ], [ -106.046, 73.224 ], [ -106.196, 73.286 ], [ -106.121, 73.293 ], [ -106.509, 73.414 ], [ -107.039, 73.484 ], [ -106.6, 73.711 ], [ -105.381, 73.771 ], [ -105.103, 73.745 ], [ -104.825, 73.638 ], [ -104.56, 73.595 ], [ -104.49, 73.532 ] ] ], [ [ [ -107.58, 73.601 ], [ -107.994, 73.547 ], [ -108.088, 73.591 ], [ -107.849, 73.633 ], [ -107.58, 73.601 ] ] ], [ [ [ -104.229, 75.019 ], [ -104.596, 75.049 ], [ -104.93, 75.141 ], [ -104.689, 75.267 ], [ -104.771, 75.28 ], [ -104.702, 75.333 ], [ -104.403, 75.433 ], [ -104.131, 75.436 ], [ -103.821, 75.367 ], [ -103.745, 75.288 ], [ -103.747, 75.239 ], [ -103.586, 75.177 ], [ -103.867, 75.064 ], [ -104.229, 75.019 ] ] ], [ [ [ -109.425, 76.031 ], [ -109.273, 76.054 ], [ -109.39, 76.068 ], [ -109.308, 76.103 ], [ -109.542, 76.189 ], [ -109.7, 76.195 ], [ -109.725, 76.205 ], [ -109.695, 76.225 ], [ -109.832, 76.241 ], [ -109.904, 76.232 ], [ -109.893, 76.197 ], [ -110.004, 76.226 ], [ -110.004, 76.486 ], [ -109.808, 76.492 ], [ -109.705, 76.527 ], [ -109.849, 76.541 ], [ -109.76, 76.575 ], [ -109.78, 76.596 ], [ -109.651, 76.589 ], [ -109.664, 76.616 ], [ -109.554, 76.63 ], [ -109.552, 76.675 ], [ -109.494, 76.723 ], [ -109.335, 76.76 ], [ -109.325, 76.789 ], [ -109.184, 76.822 ], [ -108.901, 76.816 ], [ -108.759, 76.863 ], [ -108.649, 76.815 ], [ -108.69, 76.771 ], [ -108.532, 76.767 ], [ -108.451, 76.733 ], [ -108.469, 76.686 ], [ -108.577, 76.646 ], [ -108.732, 76.643 ], [ -108.687, 76.602 ], [ -108.539, 76.562 ], [ -108.629, 76.52 ], [ -108.526, 76.514 ], [ -108.591, 76.482 ], [ -108.485, 76.459 ], [ -108.616, 76.423 ], [ -108.319, 76.396 ], [ -108.081, 76.287 ], [ -108.232, 76.253 ], [ -108.088, 76.225 ], [ -108.12, 76.21 ], [ -108.378, 76.174 ], [ -108.458, 76.103 ], [ -108.382, 76.088 ], [ -108.499, 76.04 ], [ -107.889, 76.068 ], [ -107.731, 76.039 ], [ -107.64, 75.989 ], [ -107.793, 75.931 ], [ -107.738, 75.917 ], [ -107.897, 75.901 ], [ -108.047, 75.807 ], [ -108.026, 75.787 ], [ -107.921, 75.791 ], [ -107.721, 75.886 ], [ -107.367, 75.919 ], [ -107.076, 75.899 ], [ -107.046, 75.889 ], [ -107.108, 75.842 ], [ -106.957, 75.794 ], [ -107.033, 75.774 ], [ -106.95, 75.753 ], [ -106.962, 75.71 ], [ -106.881, 75.649 ], [ -106.909, 75.698 ], [ -106.861, 75.76 ], [ -106.882, 75.766 ], [ -106.615, 75.801 ], [ -106.886, 75.838 ], [ -106.875, 75.965 ], [ -106.632, 76.059 ], [ -106.34, 76.062 ], [ -105.76, 75.99 ], [ -105.607, 75.937 ], [ -105.467, 75.858 ], [ -105.422, 75.746 ], [ -105.463, 75.733 ], [ -105.39, 75.653 ], [ -105.518, 75.554 ], [ -105.751, 75.492 ], [ -105.593, 75.465 ], [ -105.709, 75.42 ], [ -105.661, 75.355 ], [ -105.885, 75.267 ], [ -105.939, 75.215 ], [ -105.84, 75.183 ], [ -106.074, 75.105 ], [ -106.009, 75.057 ], [ -106.76, 75.003 ], [ -107.005, 74.924 ], [ -107.231, 74.92 ], [ -107.686, 74.982 ], [ -107.725, 75.023 ], [ -107.69, 75.04 ], [ -107.693, 75.076 ], [ -107.772, 75.101 ], [ -107.744, 75.053 ], [ -107.774, 75.034 ], [ -107.991, 75.013 ], [ -107.947, 74.972 ], [ -108.019, 74.951 ], [ -107.944, 74.937 ], [ -108.417, 74.917 ], [ -108.807, 74.985 ], [ -108.512, 74.978 ], [ -108.597, 75.038 ], [ -108.824, 75.072 ], [ -108.944, 75.047 ], [ -108.972, 75.019 ], [ -108.937, 75.006 ], [ -109.357, 74.947 ], [ -109.41, 74.91 ], [ -109.39, 74.903 ], [ -109.532, 74.867 ], [ -110.004, 74.853 ], [ -110.004, 75.545 ], [ -108.937, 75.477 ], [ -108.896, 75.492 ], [ -108.927, 75.53 ], [ -109.034, 75.554 ], [ -108.855, 75.561 ], [ -108.896, 75.589 ], [ -108.835, 75.623 ], [ -108.937, 75.678 ], [ -108.828, 75.691 ], [ -108.858, 75.7 ], [ -109.464, 75.794 ], [ -109.404, 75.801 ], [ -109.692, 75.807 ], [ -109.629, 75.834 ], [ -109.705, 75.848 ], [ -109.657, 75.87 ], [ -109.701, 75.88 ], [ -109.893, 75.852 ], [ -110.004, 75.879 ], [ -109.976, 75.92 ], [ -109.686, 75.948 ], [ -109.39, 76.021 ], [ -109.425, 76.031 ] ] ], [ [ [ -103.311, 75.807 ], [ -103.051, 75.834 ], [ -103.137, 75.851 ], [ -103.045, 75.906 ], [ -102.49, 75.969 ], [ -102.215, 75.993 ], [ -101.981, 75.952 ], [ -102.389, 75.89 ], [ -102.505, 75.799 ], [ -102.605, 75.773 ], [ -103.387, 75.766 ], [ -103.249, 75.807 ], [ -103.311, 75.807 ] ] ], [ [ [ -103.889, 75.899 ], [ -103.976, 75.944 ], [ -103.498, 75.982 ], [ -103.113, 76.05 ], [ -102.444, 76.09 ], [ -102.319, 76.044 ], [ -102.356, 76.013 ], [ -103.692, 75.889 ], [ -103.889, 75.899 ] ] ], [ [ [ -104.395, 76.081 ], [ -104.478, 76.147 ], [ -104.312, 76.212 ], [ -102.727, 76.316 ], [ -102.542, 76.231 ], [ -102.585, 76.184 ], [ -102.531, 76.157 ], [ -102.626, 76.157 ], [ -102.838, 76.081 ], [ -103.236, 76.047 ], [ -103.811, 76.034 ], [ -104.395, 76.081 ] ] ], [ [ [ -104.572, 76.492 ], [ -104.593, 76.52 ], [ -104.566, 76.527 ], [ -104.668, 76.555 ], [ -104.641, 76.582 ], [ -104.681, 76.602 ], [ -104.352, 76.663 ], [ -104.025, 76.67 ], [ -103.925, 76.64 ], [ -104.058, 76.568 ], [ -103.883, 76.578 ], [ -103.796, 76.623 ], [ -103.558, 76.568 ], [ -103.58, 76.527 ], [ -103.249, 76.507 ], [ -103.234, 76.474 ], [ -103.07, 76.465 ], [ -103.01, 76.423 ], [ -103.336, 76.332 ], [ -104.378, 76.325 ], [ -104.408, 76.335 ], [ -104.333, 76.369 ], [ -104.462, 76.397 ], [ -104.404, 76.421 ], [ -104.398, 76.469 ], [ -104.464, 76.499 ], [ -104.572, 76.492 ] ] ], [ [ [ -101.192, 76.656 ], [ -100.972, 76.736 ], [ -100.629, 76.76 ], [ -100.248, 76.739 ], [ -101.338, 76.561 ], [ -101.687, 76.589 ], [ -101.192, 76.656 ] ] ], [ [ [ -104.915, 77.154 ], [ -105.225, 77.164 ], [ -105.264, 77.178 ], [ -105.244, 77.206 ], [ -105.395, 77.219 ], [ -105.319, 77.226 ], [ -105.47, 77.274 ], [ -105.408, 77.287 ], [ -105.566, 77.322 ], [ -105.544, 77.371 ], [ -105.661, 77.384 ], [ -105.628, 77.404 ], [ -105.689, 77.425 ], [ -105.66, 77.441 ], [ -105.765, 77.466 ], [ -105.682, 77.516 ], [ -105.861, 77.548 ], [ -105.821, 77.568 ], [ -105.844, 77.62 ], [ -106.094, 77.73 ], [ -105.909, 77.768 ], [ -105.503, 77.721 ], [ -104.996, 77.537 ], [ -104.952, 77.487 ], [ -105.006, 77.461 ], [ -105.016, 77.415 ], [ -104.749, 77.418 ], [ -104.421, 77.308 ], [ -104.476, 77.287 ], [ -104.397, 77.273 ], [ -104.371, 77.235 ], [ -104.45, 77.152 ], [ -104.514, 77.141 ], [ -104.791, 77.11 ], [ -104.915, 77.154 ] ] ], [ [ [ -102.517, 77.795 ], [ -102.501, 77.819 ], [ -102.531, 77.836 ], [ -102.495, 77.865 ], [ -102.398, 77.889 ], [ -101.725, 77.906 ], [ -101.214, 77.841 ], [ -100.932, 77.745 ], [ -101.558, 77.731 ], [ -101.791, 77.679 ], [ -102.449, 77.733 ], [ -102.413, 77.76 ], [ -102.517, 77.795 ] ] ], [ [ [ -109.686, 77.971 ], [ -110.004, 77.931 ], [ -110.004, 78.099 ], [ -109.697, 78.097 ], [ -109.582, 78.054 ], [ -109.686, 77.971 ] ] ], [ [ [ -102.778, 78.215 ], [ -103.087, 78.122 ], [ -103.234, 78.128 ], [ -103.284, 78.161 ], [ -103.024, 78.27 ], [ -102.799, 78.257 ], [ -102.778, 78.215 ] ] ], [ [ [ -110.004, 78.687 ], [ -109.407, 78.559 ], [ -109.32, 78.496 ], [ -109.266, 78.494 ], [ -109.26, 78.459 ], [ -109.334, 78.428 ], [ -109.314, 78.411 ], [ -109.356, 78.391 ], [ -109.325, 78.374 ], [ -109.409, 78.31 ], [ -109.823, 78.295 ], [ -110.004, 78.329 ], [ -110.004, 78.687 ] ] ], [ [ [ -105.532, 79.249 ], [ -105.437, 79.275 ], [ -105.426, 79.296 ], [ -105.484, 79.302 ], [ -105.408, 79.334 ], [ -105.157, 79.3 ], [ -103.722, 79.363 ], [ -103.372, 79.301 ], [ -103.121, 79.291 ], [ -102.879, 79.233 ], [ -102.928, 79.213 ], [ -102.894, 79.172 ], [ -102.619, 79.097 ], [ -102.665, 78.986 ], [ -102.776, 78.946 ], [ -102.572, 78.946 ], [ -102.626, 78.905 ], [ -102.599, 78.878 ], [ -102.403, 78.935 ], [ -102.38, 78.967 ], [ -102.421, 79.014 ], [ -101.91, 79.091 ], [ -101.648, 79.081 ], [ -101.305, 78.977 ], [ -101.134, 78.978 ], [ -100.988, 78.932 ], [ -101.208, 78.822 ], [ -101.185, 78.807 ], [ -100.906, 78.774 ], [ -100.35, 78.824 ], [ -100.274, 78.772 ], [ -99.892, 78.699 ], [ -100.063, 78.638 ], [ -99.558, 78.599 ], [ -99.528, 78.583 ], [ -99.652, 78.542 ], [ -99.597, 78.535 ], [ -99.678, 78.484 ], [ -99.872, 78.439 ], [ -99.748, 78.381 ], [ -99.803, 78.308 ], [ -99.534, 78.288 ], [ -99.433, 78.213 ], [ -98.946, 78.069 ], [ -98.97, 78.004 ], [ -99.104, 77.966 ], [ -99.029, 77.883 ], [ -99.182, 77.844 ], [ -99.797, 77.819 ], [ -99.939, 77.783 ], [ -100.61, 77.864 ], [ -100.616, 77.901 ], [ -100.831, 78.015 ], [ -100.828, 78.055 ], [ -100.762, 78.083 ], [ -101.002, 78.138 ], [ -101.06, 78.206 ], [ -101.263, 78.186 ], [ -101.498, 78.238 ], [ -102.161, 78.288 ], [ -102.593, 78.244 ], [ -102.802, 78.288 ], [ -102.797, 78.329 ], [ -102.667, 78.364 ], [ -102.744, 78.381 ], [ -103.659, 78.321 ], [ -103.914, 78.274 ], [ -103.905, 78.253 ], [ -103.947, 78.243 ], [ -104.466, 78.275 ], [ -104.82, 78.362 ], [ -104.99, 78.439 ], [ -105.046, 78.505 ], [ -104.819, 78.578 ], [ -104.641, 78.583 ], [ -103.54, 78.5 ], [ -103.454, 78.54 ], [ -103.494, 78.566 ], [ -103.38, 78.59 ], [ -103.439, 78.625 ], [ -104.045, 78.631 ], [ -103.91, 78.669 ], [ -103.483, 78.672 ], [ -103.531, 78.706 ], [ -103.318, 78.737 ], [ -103.498, 78.788 ], [ -103.582, 78.747 ], [ -103.616, 78.773 ], [ -103.818, 78.74 ], [ -103.695, 78.796 ], [ -103.721, 78.806 ], [ -103.889, 78.81 ], [ -103.894, 78.781 ], [ -103.992, 78.757 ], [ -104.188, 78.777 ], [ -104.223, 78.788 ], [ -103.832, 78.905 ], [ -104.026, 78.944 ], [ -104.078, 78.986 ], [ -104.247, 78.997 ], [ -104.299, 78.959 ], [ -104.456, 78.957 ], [ -104.579, 78.863 ], [ -104.785, 78.809 ], [ -105.006, 78.807 ], [ -105.032, 78.826 ], [ -105.01, 78.845 ], [ -104.874, 78.891 ], [ -104.679, 79.011 ], [ -104.953, 79.054 ], [ -105.402, 79.013 ], [ -105.563, 79.026 ], [ -105.607, 79.055 ], [ -105.628, 79.165 ], [ -105.532, 79.249 ] ] ], [ [ [ -93.088, 61.835 ], [ -93.148, 61.883 ], [ -93.216, 61.882 ], [ -93.225, 61.906 ], [ -93.066, 61.938 ], [ -92.964, 61.889 ], [ -93.088, 61.835 ] ] ], [ [ [ -92.851, 61.948 ], [ -92.772, 61.935 ], [ -92.875, 61.939 ], [ -92.851, 61.948 ] ] ], [ [ [ -92.653, 62.027 ], [ -92.689, 62.042 ], [ -92.701, 62.075 ], [ -92.642, 62.061 ], [ -92.653, 62.027 ] ] ], [ [ [ -92.142, 62.404 ], [ -92.354, 62.362 ], [ -92.279, 62.39 ], [ -92.3, 62.404 ], [ -92.375, 62.396 ], [ -92.323, 62.42 ], [ -92.142, 62.404 ] ] ], [ [ [ -92.402, 62.411 ], [ -92.539, 62.383 ], [ -92.599, 62.4 ], [ -92.529, 62.433 ], [ -92.402, 62.411 ] ] ], [ [ [ -91.689, 62.671 ], [ -91.593, 62.651 ], [ -91.575, 62.624 ], [ -91.689, 62.671 ] ] ], [ [ [ -91.148, 62.664 ], [ -91.271, 62.692 ], [ -90.984, 62.664 ], [ -91.148, 62.664 ] ] ], [ [ [ -90.72, 63.451 ], [ -90.757, 63.5 ], [ -90.6, 63.467 ], [ -90.643, 63.443 ], [ -90.72, 63.451 ] ] ], [ [ [ -90.812, 63.5 ], [ -90.97, 63.555 ], [ -90.764, 63.527 ], [ -90.798, 63.549 ], [ -90.761, 63.554 ], [ -90.675, 63.521 ], [ -90.812, 63.5 ] ] ], [ [ [ -91.415, 63.568 ], [ -91.539, 63.617 ], [ -91.299, 63.568 ], [ -91.415, 63.568 ] ] ], [ [ [ -92.997, 63.913 ], [ -92.962, 63.879 ], [ -93.094, 63.911 ], [ -92.997, 63.913 ] ] ], [ [ [ -97.333, 67.695 ], [ -97.518, 67.624 ], [ -97.551, 67.645 ], [ -97.528, 67.68 ], [ -97.562, 67.694 ], [ -97.461, 67.696 ], [ -97.367, 67.738 ], [ -97.333, 67.695 ] ] ], [ [ [ -99.01, 67.99 ], [ -99.052, 68.033 ], [ -99.083, 68.057 ], [ -98.967, 68.071 ], [ -98.974, 68.016 ], [ -98.932, 68.003 ], [ -99.01, 67.99 ] ] ], [ [ [ -100.091, 68.291 ], [ -100.234, 68.324 ], [ -100.156, 68.338 ], [ -100.119, 68.379 ], [ -100.078, 68.363 ], [ -100.091, 68.291 ] ] ], [ [ [ -100.221, 68.77 ], [ -100.418, 68.719 ], [ -100.495, 68.763 ], [ -100.447, 68.777 ], [ -100.488, 68.8 ], [ -100.603, 68.756 ], [ -100.63, 68.875 ], [ -100.58, 68.948 ], [ -100.631, 68.996 ], [ -100.538, 69.042 ], [ -100.404, 69.03 ], [ -100.229, 68.929 ], [ -100.125, 68.907 ], [ -100.18, 68.893 ], [ -100.171, 68.865 ], [ -100.207, 68.852 ], [ -100.178, 68.803 ], [ -100.221, 68.77 ] ] ], [ [ [ -100.022, 68.94 ], [ -100.198, 68.982 ], [ -100.249, 69.022 ], [ -100.25, 69.069 ], [ -100.139, 69.147 ], [ -100.051, 69.107 ], [ -99.986, 69.03 ], [ -100.022, 68.94 ] ] ], [ [ [ -95.215, 68.862 ], [ -95.53, 68.678 ], [ -95.568, 68.681 ], [ -95.548, 68.729 ], [ -95.595, 68.756 ], [ -95.796, 68.737 ], [ -95.793, 68.699 ], [ -95.854, 68.669 ], [ -95.842, 68.62 ], [ -96.0, 68.626 ], [ -96.296, 68.48 ], [ -96.52, 68.448 ], [ -96.943, 68.527 ], [ -97.102, 68.59 ], [ -97.144, 68.592 ], [ -97.096, 68.539 ], [ -97.159, 68.518 ], [ -97.464, 68.535 ], [ -97.789, 68.66 ], [ -98.042, 68.701 ], [ -98.119, 68.675 ], [ -98.29, 68.758 ], [ -98.255, 68.826 ], [ -98.364, 68.858 ], [ -98.425, 68.849 ], [ -98.411, 68.77 ], [ -98.522, 68.75 ], [ -98.584, 68.794 ], [ -98.718, 68.791 ], [ -98.863, 68.834 ], [ -98.874, 68.874 ], [ -98.82, 68.928 ], [ -98.97, 68.955 ], [ -99.019, 68.909 ], [ -99.127, 68.921 ], [ -99.042, 68.866 ], [ -99.192, 68.83 ], [ -99.441, 68.899 ], [ -99.463, 68.951 ], [ -99.597, 69.027 ], [ -99.461, 69.135 ], [ -99.293, 69.161 ], [ -99.007, 69.139 ], [ -98.925, 69.178 ], [ -98.713, 69.202 ], [ -98.71, 69.256 ], [ -98.653, 69.301 ], [ -98.555, 69.277 ], [ -98.41, 69.308 ], [ -98.411, 69.353 ], [ -98.611, 69.449 ], [ -98.576, 69.481 ], [ -98.419, 69.476 ], [ -98.591, 69.52 ], [ -98.596, 69.558 ], [ -98.549, 69.585 ], [ -98.369, 69.568 ], [ -98.277, 69.499 ], [ -98.109, 69.466 ], [ -98.095, 69.427 ], [ -98.024, 69.435 ], [ -98.001, 69.448 ], [ -98.37, 69.606 ], [ -98.284, 69.757 ], [ -98.117, 69.811 ], [ -98.021, 69.885 ], [ -97.925, 69.896 ], [ -97.707, 69.853 ], [ -97.676, 69.809 ], [ -97.475, 69.777 ], [ -97.342, 69.709 ], [ -97.493, 69.674 ], [ -97.391, 69.6 ], [ -97.284, 69.697 ], [ -96.893, 69.498 ], [ -96.534, 69.428 ], [ -96.22, 69.314 ], [ -96.171, 69.263 ], [ -96.253, 69.16 ], [ -96.217, 69.119 ], [ -96.226, 69.054 ], [ -96.123, 69.033 ], [ -96.157, 69.085 ], [ -96.155, 69.164 ], [ -96.048, 69.23 ], [ -95.925, 69.085 ], [ -95.975, 69.04 ], [ -95.855, 68.969 ], [ -95.828, 68.876 ], [ -95.707, 68.884 ], [ -95.629, 68.831 ], [ -95.353, 68.904 ], [ -95.215, 68.862 ] ] ], [ [ [ -90.467, 69.227 ], [ -90.591, 69.2 ], [ -90.62, 69.256 ], [ -90.685, 69.229 ], [ -90.648, 69.263 ], [ -90.695, 69.284 ], [ -90.654, 69.311 ], [ -90.682, 69.311 ], [ -90.656, 69.35 ], [ -90.777, 69.277 ], [ -90.777, 69.329 ], [ -90.737, 69.365 ], [ -90.619, 69.376 ], [ -90.471, 69.279 ], [ -90.497, 69.243 ], [ -90.467, 69.227 ] ] ], [ [ [ -90.408, 69.277 ], [ -90.403, 69.3 ], [ -90.51, 69.331 ], [ -90.507, 69.367 ], [ -90.302, 69.435 ], [ -90.239, 69.395 ], [ -90.25, 69.428 ], [ -90.202, 69.448 ], [ -90.196, 69.386 ], [ -90.147, 69.373 ], [ -90.328, 69.239 ], [ -90.408, 69.277 ] ] ], [ [ [ -96.74, 69.585 ], [ -96.384, 69.563 ], [ -96.322, 69.531 ], [ -96.169, 69.571 ], [ -96.101, 69.467 ], [ -96.151, 69.428 ], [ -96.143, 69.353 ], [ -96.232, 69.363 ], [ -96.385, 69.45 ], [ -96.612, 69.503 ], [ -96.74, 69.585 ] ] ], [ [ [ -95.994, 69.499 ], [ -95.952, 69.517 ], [ -95.912, 69.6 ], [ -95.777, 69.636 ], [ -95.618, 69.617 ], [ -95.369, 69.496 ], [ -95.413, 69.386 ], [ -95.515, 69.335 ], [ -95.712, 69.322 ], [ -95.746, 69.339 ], [ -95.712, 69.345 ], [ -95.719, 69.386 ], [ -95.655, 69.409 ], [ -95.695, 69.541 ], [ -95.835, 69.558 ], [ -95.78, 69.469 ], [ -95.885, 69.344 ], [ -95.992, 69.359 ], [ -95.992, 69.394 ], [ -95.944, 69.421 ], [ -95.999, 69.449 ], [ -95.994, 69.499 ] ] ], [ [ [ -91.534, 69.731 ], [ -91.737, 69.798 ], [ -91.409, 69.88 ], [ -91.504, 69.819 ], [ -91.463, 69.777 ], [ -91.534, 69.731 ] ] ], [ [ [ -91.84, 69.825 ], [ -91.867, 69.845 ], [ -91.802, 69.878 ], [ -91.641, 69.86 ], [ -91.84, 69.825 ] ] ], [ [ [ -97.329, 69.935 ], [ -97.356, 69.907 ], [ -97.226, 69.88 ], [ -97.275, 69.859 ], [ -97.466, 69.901 ], [ -97.493, 69.932 ], [ -97.434, 69.966 ], [ -97.329, 69.935 ] ] ], [ [ [ -100.763, 70.263 ], [ -100.794, 70.256 ], [ -100.872, 70.298 ], [ -100.851, 70.325 ], [ -100.76, 70.323 ], [ -100.763, 70.263 ] ] ], [ [ [ -100.656, 70.552 ], [ -100.715, 70.681 ], [ -100.58, 70.661 ], [ -100.486, 70.682 ], [ -100.344, 70.61 ], [ -100.194, 70.579 ], [ -100.392, 70.585 ], [ -100.289, 70.538 ], [ -100.229, 70.465 ], [ -100.262, 70.456 ], [ -100.656, 70.552 ] ] ], [ [ [ -95.318, 71.742 ], [ -95.492, 71.743 ], [ -95.362, 71.792 ], [ -95.445, 71.799 ], [ -95.452, 71.826 ], [ -95.259, 71.833 ], [ -95.318, 71.742 ] ] ], [ [ [ -96.306, 72.437 ], [ -96.664, 72.318 ], [ -96.877, 72.326 ], [ -96.582, 72.285 ], [ -96.555, 72.264 ], [ -96.616, 72.251 ], [ -96.534, 72.244 ], [ -96.485, 72.128 ], [ -96.5, 72.093 ], [ -96.869, 72.045 ], [ -96.493, 72.028 ], [ -96.541, 71.955 ], [ -96.626, 71.963 ], [ -96.767, 71.922 ], [ -96.501, 71.931 ], [ -96.589, 71.821 ], [ -96.738, 71.799 ], [ -96.738, 71.829 ], [ -96.678, 71.84 ], [ -96.74, 71.852 ], [ -96.829, 71.813 ], [ -96.962, 71.807 ], [ -97.083, 71.703 ], [ -97.212, 71.666 ], [ -97.461, 71.617 ], [ -97.685, 71.618 ], [ -97.764, 71.646 ], [ -98.253, 71.67 ], [ -98.359, 71.734 ], [ -98.319, 71.812 ], [ -98.213, 71.881 ], [ -98.295, 71.902 ], [ -98.26, 71.868 ], [ -98.343, 71.861 ], [ -98.5, 71.723 ], [ -98.398, 71.708 ], [ -98.375, 71.652 ], [ -98.042, 71.531 ], [ -98.215, 71.409 ], [ -98.541, 71.292 ], [ -98.73, 71.272 ], [ -98.968, 71.383 ], [ -99.235, 71.35 ], [ -99.316, 71.477 ], [ -99.412, 71.545 ], [ -99.374, 71.561 ], [ -99.385, 71.586 ], [ -99.562, 71.62 ], [ -99.693, 71.767 ], [ -99.82, 71.806 ], [ -99.864, 71.859 ], [ -100.119, 71.894 ], [ -100.447, 72.059 ], [ -100.42, 72.093 ], [ -100.498, 72.097 ], [ -100.515, 72.121 ], [ -100.488, 72.128 ], [ -100.637, 72.186 ], [ -100.896, 72.209 ], [ -100.968, 72.175 ], [ -101.057, 72.237 ], [ -101.023, 72.257 ], [ -101.084, 72.264 ], [ -101.036, 72.278 ], [ -101.216, 72.335 ], [ -101.356, 72.306 ], [ -101.403, 72.279 ], [ -101.4, 72.251 ], [ -101.449, 72.242 ], [ -101.602, 72.311 ], [ -101.782, 72.309 ], [ -101.893, 72.36 ], [ -101.873, 72.381 ], [ -101.893, 72.395 ], [ -101.776, 72.395 ], [ -101.92, 72.408 ], [ -101.961, 72.47 ], [ -101.906, 72.47 ], [ -101.934, 72.487 ], [ -102.393, 72.58 ], [ -102.614, 72.661 ], [ -102.742, 72.73 ], [ -102.715, 72.752 ], [ -102.75, 72.764 ], [ -102.756, 72.812 ], [ -102.602, 72.912 ], [ -102.568, 72.995 ], [ -102.485, 73.041 ], [ -102.283, 73.087 ], [ -101.948, 73.093 ], [ -101.981, 73.066 ], [ -101.763, 73.019 ], [ -101.79, 72.985 ], [ -101.735, 72.971 ], [ -101.817, 72.971 ], [ -101.739, 72.928 ], [ -101.629, 72.892 ], [ -101.598, 72.922 ], [ -101.568, 72.927 ], [ -101.544, 72.922 ], [ -101.598, 72.908 ], [ -101.522, 72.881 ], [ -101.469, 72.806 ], [ -101.277, 72.779 ], [ -101.311, 72.748 ], [ -101.413, 72.752 ], [ -101.334, 72.725 ], [ -100.947, 72.689 ], [ -100.81, 72.724 ], [ -100.872, 72.738 ], [ -100.836, 72.764 ], [ -100.448, 72.738 ], [ -100.317, 72.806 ], [ -100.333, 72.85 ], [ -100.42, 72.875 ], [ -100.397, 72.903 ], [ -100.447, 72.922 ], [ -100.392, 72.95 ], [ -100.502, 72.964 ], [ -100.447, 73.005 ], [ -100.467, 73.019 ], [ -100.351, 73.052 ], [ -100.31, 73.033 ], [ -100.406, 73.019 ], [ -100.381, 73.01 ], [ -100.417, 72.978 ], [ -100.312, 72.938 ], [ -100.269, 72.96 ], [ -100.265, 72.923 ], [ -100.33, 72.908 ], [ -100.305, 72.875 ], [ -100.072, 72.889 ], [ -100.088, 72.919 ], [ -100.035, 72.944 ], [ -100.18, 72.991 ], [ -100.111, 72.998 ], [ -100.111, 73.033 ], [ -100.152, 73.033 ], [ -100.132, 73.046 ], [ -100.228, 73.052 ], [ -100.173, 73.08 ], [ -100.323, 73.101 ], [ -100.228, 73.134 ], [ -100.53, 73.093 ], [ -100.519, 73.116 ], [ -100.611, 73.148 ], [ -100.467, 73.203 ], [ -100.556, 73.231 ], [ -100.351, 73.293 ], [ -100.2, 73.24 ], [ -100.104, 73.244 ], [ -100.139, 73.224 ], [ -100.039, 73.194 ], [ -99.769, 73.211 ], [ -100.054, 73.245 ], [ -100.363, 73.4 ], [ -100.406, 73.368 ], [ -100.337, 73.326 ], [ -100.858, 73.263 ], [ -101.032, 73.302 ], [ -101.029, 73.326 ], [ -101.289, 73.36 ], [ -101.315, 73.4 ], [ -101.563, 73.45 ], [ -101.626, 73.491 ], [ -101.532, 73.496 ], [ -101.437, 73.553 ], [ -101.269, 73.56 ], [ -101.23, 73.606 ], [ -100.919, 73.603 ], [ -100.769, 73.546 ], [ -100.654, 73.461 ], [ -100.42, 73.419 ], [ -100.604, 73.499 ], [ -100.543, 73.567 ], [ -100.549, 73.601 ], [ -100.875, 73.619 ], [ -100.913, 73.635 ], [ -100.858, 73.669 ], [ -101.048, 73.683 ], [ -101.016, 73.717 ], [ -101.119, 73.724 ], [ -100.981, 73.773 ], [ -101.029, 73.779 ], [ -101.005, 73.802 ], [ -100.886, 73.832 ], [ -100.758, 73.814 ], [ -100.641, 73.854 ], [ -100.415, 73.844 ], [ -100.07, 73.773 ], [ -100.023, 73.738 ], [ -100.029, 73.766 ], [ -99.861, 73.844 ], [ -99.846, 73.888 ], [ -100.086, 73.832 ], [ -100.303, 73.861 ], [ -100.249, 73.909 ], [ -100.116, 73.94 ], [ -99.803, 73.937 ], [ -99.837, 73.902 ], [ -99.789, 73.868 ], [ -99.393, 73.8 ], [ -99.218, 73.739 ], [ -99.248, 73.697 ], [ -99.18, 73.691 ], [ -99.129, 73.752 ], [ -98.839, 73.762 ], [ -98.789, 73.738 ], [ -98.679, 73.777 ], [ -98.097, 73.818 ], [ -97.977, 73.849 ], [ -97.905, 73.902 ], [ -97.774, 73.919 ], [ -97.733, 73.909 ], [ -97.836, 73.868 ], [ -97.613, 73.895 ], [ -97.194, 73.847 ], [ -96.956, 73.737 ], [ -96.938, 73.687 ], [ -96.995, 73.626 ], [ -97.22, 73.556 ], [ -97.449, 73.585 ], [ -97.432, 73.532 ], [ -97.644, 73.54 ], [ -97.669, 73.482 ], [ -97.632, 73.46 ], [ -97.445, 73.503 ], [ -97.348, 73.47 ], [ -97.22, 73.477 ], [ -97.165, 73.45 ], [ -97.254, 73.436 ], [ -97.15, 73.395 ], [ -97.194, 73.351 ], [ -97.295, 73.366 ], [ -97.733, 73.306 ], [ -98.349, 73.044 ], [ -98.494, 73.018 ], [ -98.515, 73.005 ], [ -98.455, 72.996 ], [ -98.473, 72.964 ], [ -98.432, 72.943 ], [ -98.446, 72.873 ], [ -98.418, 72.861 ], [ -98.395, 72.905 ], [ -98.268, 72.977 ], [ -97.985, 73.044 ], [ -97.661, 73.037 ], [ -97.256, 72.962 ], [ -97.226, 72.936 ], [ -97.274, 72.879 ], [ -97.419, 72.861 ], [ -97.219, 72.84 ], [ -97.165, 72.785 ], [ -97.091, 72.783 ], [ -97.026, 72.729 ], [ -97.185, 72.669 ], [ -97.194, 72.615 ], [ -97.069, 72.614 ], [ -96.932, 72.676 ], [ -96.538, 72.752 ], [ -96.514, 72.724 ], [ -96.589, 72.697 ], [ -96.452, 72.642 ], [ -96.449, 72.596 ], [ -96.404, 72.566 ], [ -96.439, 72.539 ], [ -96.379, 72.54 ], [ -96.306, 72.437 ] ] ], [ [ [ -96.851, 72.86 ], [ -96.692, 72.889 ], [ -96.726, 72.834 ], [ -96.651, 72.779 ], [ -96.772, 72.724 ], [ -96.951, 72.741 ], [ -97.014, 72.779 ], [ -96.851, 72.86 ] ] ], [ [ [ -95.75, 72.803 ], [ -95.856, 72.861 ], [ -95.78, 72.88 ], [ -95.712, 72.834 ], [ -95.75, 72.803 ] ] ], [ [ [ -96.857, 73.194 ], [ -96.726, 73.162 ], [ -96.759, 73.115 ], [ -96.651, 73.142 ], [ -96.568, 73.052 ], [ -96.71, 72.942 ], [ -96.973, 72.93 ], [ -97.1, 72.992 ], [ -97.141, 73.059 ], [ -97.136, 73.095 ], [ -97.044, 73.156 ], [ -96.857, 73.194 ] ] ], [ [ [ -90.264, 73.845 ], [ -90.379, 73.858 ], [ -90.373, 73.792 ], [ -90.786, 73.557 ], [ -90.983, 73.56 ], [ -90.921, 73.498 ], [ -91.176, 73.354 ], [ -91.258, 73.272 ], [ -91.634, 73.231 ], [ -91.376, 73.203 ], [ -91.858, 72.848 ], [ -92.096, 72.746 ], [ -92.385, 72.71 ], [ -93.211, 72.786 ], [ -93.301, 72.818 ], [ -94.321, 72.765 ], [ -94.314, 72.717 ], [ -94.186, 72.737 ], [ -93.876, 72.71 ], [ -93.787, 72.741 ], [ -93.817, 72.645 ], [ -93.628, 72.601 ], [ -93.464, 72.463 ], [ -93.623, 72.358 ], [ -93.811, 72.316 ], [ -94.027, 72.155 ], [ -94.088, 72.064 ], [ -94.234, 72.032 ], [ -94.129, 72.025 ], [ -94.027, 72.066 ], [ -94.074, 72.025 ], [ -94.033, 72.004 ], [ -94.06, 71.984 ], [ -94.345, 72.026 ], [ -95.145, 71.966 ], [ -95.173, 71.973 ], [ -95.109, 71.998 ], [ -95.211, 71.994 ], [ -95.187, 72.069 ], [ -95.089, 72.1 ], [ -95.201, 72.111 ], [ -94.79, 72.16 ], [ -95.177, 72.155 ], [ -95.214, 72.205 ], [ -95.164, 72.354 ], [ -95.235, 72.44 ], [ -95.143, 72.436 ], [ -95.198, 72.457 ], [ -95.136, 72.463 ], [ -95.215, 72.532 ], [ -95.314, 72.545 ], [ -95.349, 72.594 ], [ -95.314, 72.607 ], [ -95.363, 72.64 ], [ -95.593, 72.699 ], [ -95.59, 72.743 ], [ -95.513, 72.738 ], [ -95.564, 72.786 ], [ -95.669, 72.802 ], [ -95.663, 72.885 ], [ -95.623, 72.93 ], [ -95.717, 72.997 ], [ -95.65, 73.039 ], [ -95.691, 73.087 ], [ -95.652, 73.119 ], [ -95.513, 73.134 ], [ -95.582, 73.162 ], [ -95.589, 73.23 ], [ -95.561, 73.238 ], [ -95.59, 73.247 ], [ -95.592, 73.303 ], [ -95.65, 73.334 ], [ -95.602, 73.389 ], [ -95.685, 73.463 ], [ -95.636, 73.528 ], [ -95.705, 73.56 ], [ -95.643, 73.567 ], [ -95.67, 73.587 ], [ -95.633, 73.595 ], [ -95.54, 73.581 ], [ -95.725, 73.642 ], [ -95.685, 73.668 ], [ -95.719, 73.691 ], [ -95.656, 73.704 ], [ -95.684, 73.717 ], [ -95.662, 73.731 ], [ -95.412, 73.776 ], [ -95.246, 73.76 ], [ -95.021, 73.671 ], [ -94.622, 73.656 ], [ -94.91, 73.71 ], [ -95.116, 73.814 ], [ -94.958, 73.841 ], [ -95.048, 73.861 ], [ -95.155, 73.827 ], [ -95.331, 73.917 ], [ -95.313, 73.974 ], [ -95.249, 74.01 ], [ -94.859, 74.057 ], [ -94.721, 74.101 ], [ -93.919, 74.14 ], [ -93.757, 74.077 ], [ -93.725, 74.088 ], [ -93.766, 74.136 ], [ -93.73, 74.161 ], [ -93.273, 74.178 ], [ -92.8, 74.132 ], [ -92.747, 74.085 ], [ -92.643, 74.103 ], [ -92.43, 74.062 ], [ -92.271, 73.992 ], [ -92.334, 73.943 ], [ -92.131, 73.951 ], [ -92.107, 73.992 ], [ -91.815, 74.029 ], [ -91.572, 74.033 ], [ -90.994, 74.006 ], [ -90.196, 73.902 ], [ -90.264, 73.845 ] ] ], [ [ [ -98.987, 73.961 ], [ -99.022, 73.985 ], [ -98.173, 74.098 ], [ -97.725, 74.122 ], [ -97.643, 74.072 ], [ -97.808, 73.978 ], [ -98.143, 73.878 ], [ -98.651, 73.835 ], [ -98.718, 73.865 ], [ -98.749, 73.836 ], [ -98.72, 73.827 ], [ -98.763, 73.817 ], [ -99.143, 73.822 ], [ -99.172, 73.834 ], [ -98.819, 73.838 ], [ -99.355, 73.866 ], [ -99.44, 73.909 ], [ -98.987, 73.961 ] ] ], [ [ [ -97.795, 74.492 ], [ -97.458, 74.631 ], [ -97.26, 74.598 ], [ -97.377, 74.512 ], [ -97.636, 74.46 ], [ -97.795, 74.492 ] ] ], [ [ [ -95.87, 74.581 ], [ -95.733, 74.587 ], [ -95.752, 74.614 ], [ -95.712, 74.632 ], [ -95.563, 74.643 ], [ -95.424, 74.616 ], [ -95.256, 74.519 ], [ -95.35, 74.496 ], [ -95.718, 74.533 ], [ -95.87, 74.581 ] ] ], [ [ [ -93.443, 74.769 ], [ -93.567, 74.745 ], [ -93.457, 74.718 ], [ -93.608, 74.654 ], [ -94.724, 74.632 ], [ -94.829, 74.685 ], [ -94.921, 74.664 ], [ -95.067, 74.682 ], [ -95.089, 74.69 ], [ -95.054, 74.731 ], [ -95.305, 74.805 ], [ -95.442, 74.773 ], [ -95.465, 74.78 ], [ -95.383, 74.807 ], [ -95.46, 74.804 ], [ -95.48, 74.781 ], [ -95.452, 74.745 ], [ -95.511, 74.744 ], [ -95.547, 74.773 ], [ -95.492, 74.8 ], [ -95.515, 74.814 ], [ -95.676, 74.819 ], [ -95.719, 74.847 ], [ -95.739, 74.821 ], [ -95.898, 74.826 ], [ -95.925, 74.834 ], [ -95.87, 74.855 ], [ -96.137, 74.937 ], [ -96.033, 74.951 ], [ -96.055, 74.973 ], [ -96.143, 74.958 ], [ -96.065, 75.024 ], [ -96.151, 75.019 ], [ -96.206, 74.931 ], [ -96.267, 74.91 ], [ -96.404, 74.937 ], [ -96.398, 74.985 ], [ -96.332, 74.978 ], [ -96.329, 75.004 ], [ -96.616, 74.992 ], [ -96.598, 75.076 ], [ -96.469, 75.194 ], [ -96.388, 75.18 ], [ -96.37, 75.198 ], [ -96.404, 75.211 ], [ -96.354, 75.225 ], [ -95.986, 75.252 ], [ -96.094, 75.261 ], [ -95.904, 75.293 ], [ -96.171, 75.287 ], [ -96.171, 75.307 ], [ -96.027, 75.328 ], [ -95.921, 75.39 ], [ -95.89, 75.369 ], [ -95.938, 75.348 ], [ -95.78, 75.383 ], [ -96.039, 75.405 ], [ -96.178, 75.383 ], [ -96.156, 75.408 ], [ -95.986, 75.438 ], [ -95.705, 75.403 ], [ -95.68, 75.414 ], [ -95.842, 75.465 ], [ -95.591, 75.549 ], [ -95.373, 75.555 ], [ -95.312, 75.601 ], [ -95.151, 75.593 ], [ -94.9, 75.645 ], [ -94.394, 75.604 ], [ -93.987, 75.439 ], [ -93.677, 75.362 ], [ -93.649, 75.328 ], [ -93.8, 75.307 ], [ -93.499, 75.268 ], [ -93.58, 75.205 ], [ -93.462, 75.135 ], [ -93.512, 75.095 ], [ -93.492, 75.074 ], [ -93.642, 75.04 ], [ -93.535, 75.045 ], [ -93.431, 74.967 ], [ -93.409, 74.889 ], [ -93.443, 74.769 ] ] ], [ [ [ -96.623, 75.403 ], [ -96.873, 75.357 ], [ -96.987, 75.397 ], [ -96.947, 75.414 ], [ -97.055, 75.499 ], [ -96.436, 75.588 ], [ -96.424, 75.636 ], [ -96.375, 75.66 ], [ -96.027, 75.609 ], [ -95.91, 75.561 ], [ -96.206, 75.458 ], [ -96.409, 75.522 ], [ -96.415, 75.551 ], [ -96.365, 75.576 ], [ -96.424, 75.581 ], [ -96.552, 75.517 ], [ -96.503, 75.462 ], [ -96.676, 75.437 ], [ -96.705, 75.424 ], [ -96.623, 75.403 ] ] ], [ [ [ -97.498, 75.446 ], [ -97.479, 75.492 ], [ -97.724, 75.572 ], [ -97.856, 75.548 ], [ -97.761, 75.5 ], [ -97.747, 75.475 ], [ -97.774, 75.46 ], [ -97.924, 75.52 ], [ -98.042, 75.485 ], [ -97.946, 75.471 ], [ -98.055, 75.458 ], [ -98.02, 75.449 ], [ -97.774, 75.424 ], [ -98.035, 75.416 ], [ -98.062, 75.403 ], [ -97.88, 75.374 ], [ -98.123, 75.369 ], [ -98.165, 75.334 ], [ -98.076, 75.328 ], [ -98.131, 75.314 ], [ -98.117, 75.298 ], [ -98.057, 75.287 ], [ -97.931, 75.34 ], [ -97.891, 75.328 ], [ -98.001, 75.28 ], [ -97.911, 75.267 ], [ -97.898, 75.305 ], [ -97.733, 75.211 ], [ -97.802, 75.198 ], [ -97.569, 75.15 ], [ -97.813, 75.113 ], [ -98.013, 75.16 ], [ -98.021, 75.211 ], [ -98.103, 75.226 ], [ -98.08, 75.208 ], [ -98.151, 75.17 ], [ -97.973, 75.112 ], [ -97.944, 75.053 ], [ -97.976, 75.014 ], [ -98.75, 74.988 ], [ -98.789, 74.999 ], [ -98.747, 75.013 ], [ -98.857, 75.019 ], [ -98.837, 75.054 ], [ -98.9, 75.067 ], [ -98.967, 75.047 ], [ -98.954, 75.009 ], [ -99.406, 74.999 ], [ -99.281, 75.11 ], [ -99.306, 75.131 ], [ -99.501, 75.032 ], [ -99.426, 74.992 ], [ -99.645, 74.976 ], [ -100.369, 75.023 ], [ -100.398, 75.059 ], [ -100.388, 75.121 ], [ -100.433, 75.15 ], [ -100.399, 75.163 ], [ -100.549, 75.205 ], [ -100.416, 75.235 ], [ -99.987, 75.239 ], [ -100.406, 75.273 ], [ -100.248, 75.314 ], [ -100.503, 75.293 ], [ -100.782, 75.355 ], [ -100.427, 75.383 ], [ -100.721, 75.438 ], [ -100.041, 75.457 ], [ -100.009, 75.471 ], [ -100.31, 75.479 ], [ -100.039, 75.48 ], [ -99.954, 75.499 ], [ -100.283, 75.527 ], [ -99.83, 75.548 ], [ -100.042, 75.561 ], [ -99.666, 75.616 ], [ -99.864, 75.616 ], [ -99.81, 75.636 ], [ -99.823, 75.656 ], [ -98.894, 75.7 ], [ -100.223, 75.667 ], [ -101.361, 75.578 ], [ -101.449, 75.608 ], [ -102.4, 75.54 ], [ -102.633, 75.498 ], [ -102.686, 75.537 ], [ -102.776, 75.545 ], [ -102.729, 75.574 ], [ -102.882, 75.618 ], [ -102.821, 75.637 ], [ -102.633, 75.616 ], [ -102.702, 75.636 ], [ -102.667, 75.65 ], [ -102.688, 75.678 ], [ -102.531, 75.698 ], [ -102.585, 75.711 ], [ -102.562, 75.726 ], [ -102.247, 75.724 ], [ -102.106, 75.698 ], [ -102.009, 75.705 ], [ -102.236, 75.746 ], [ -102.091, 75.787 ], [ -102.119, 75.8 ], [ -102.326, 75.784 ], [ -102.374, 75.81 ], [ -102.262, 75.87 ], [ -101.833, 75.906 ], [ -101.454, 75.815 ], [ -101.475, 75.774 ], [ -101.446, 75.764 ], [ -101.276, 75.746 ], [ -100.913, 75.815 ], [ -101.359, 75.78 ], [ -101.327, 75.818 ], [ -101.372, 75.852 ], [ -101.551, 75.87 ], [ -101.589, 75.925 ], [ -101.304, 76.021 ], [ -101.71, 75.99 ], [ -101.844, 76.027 ], [ -101.903, 76.106 ], [ -101.742, 76.184 ], [ -101.385, 76.253 ], [ -101.787, 76.219 ], [ -102.168, 76.239 ], [ -102.058, 76.28 ], [ -102.195, 76.294 ], [ -102.052, 76.323 ], [ -102.099, 76.349 ], [ -101.955, 76.369 ], [ -102.058, 76.397 ], [ -102.035, 76.413 ], [ -101.811, 76.459 ], [ -101.322, 76.415 ], [ -101.057, 76.328 ], [ -101.132, 76.245 ], [ -100.846, 76.211 ], [ -100.625, 76.123 ], [ -100.741, 76.096 ], [ -100.42, 76.123 ], [ -100.625, 76.081 ], [ -100.354, 76.066 ], [ -100.168, 75.963 ], [ -100.07, 75.952 ], [ -100.152, 75.917 ], [ -100.0, 75.927 ], [ -99.947, 75.875 ], [ -99.44, 75.972 ], [ -99.864, 75.937 ], [ -99.902, 75.955 ], [ -99.872, 75.978 ], [ -99.891, 75.989 ], [ -100.035, 76.013 ], [ -99.994, 76.04 ], [ -100.06, 76.043 ], [ -100.117, 76.104 ], [ -100.221, 76.136 ], [ -100.084, 76.161 ], [ -99.684, 76.124 ], [ -99.419, 76.164 ], [ -99.7, 76.141 ], [ -99.994, 76.205 ], [ -100.169, 76.19 ], [ -100.479, 76.234 ], [ -100.511, 76.25 ], [ -100.445, 76.284 ], [ -100.077, 76.273 ], [ -100.214, 76.308 ], [ -100.178, 76.318 ], [ -100.063, 76.287 ], [ -99.844, 76.287 ], [ -99.997, 76.299 ], [ -100.022, 76.308 ], [ -99.927, 76.322 ], [ -100.18, 76.363 ], [ -100.139, 76.383 ], [ -100.675, 76.381 ], [ -100.988, 76.507 ], [ -100.732, 76.532 ], [ -100.7, 76.541 ], [ -100.728, 76.561 ], [ -100.333, 76.645 ], [ -99.851, 76.61 ], [ -99.641, 76.637 ], [ -99.549, 76.61 ], [ -99.687, 76.602 ], [ -99.523, 76.591 ], [ -99.291, 76.503 ], [ -99.164, 76.513 ], [ -99.139, 76.5 ], [ -99.257, 76.469 ], [ -99.07, 76.404 ], [ -99.139, 76.455 ], [ -98.979, 76.473 ], [ -98.851, 76.438 ], [ -98.892, 76.451 ], [ -98.857, 76.466 ], [ -98.878, 76.479 ], [ -99.056, 76.541 ], [ -99.029, 76.602 ], [ -98.834, 76.623 ], [ -98.752, 76.582 ], [ -98.734, 76.616 ], [ -98.548, 76.615 ], [ -98.487, 76.657 ], [ -98.777, 76.651 ], [ -98.857, 76.678 ], [ -98.455, 76.682 ], [ -98.408, 76.668 ], [ -98.422, 76.625 ], [ -98.151, 76.589 ], [ -98.405, 76.596 ], [ -98.368, 76.571 ], [ -97.665, 76.486 ], [ -97.699, 76.466 ], [ -97.668, 76.42 ], [ -97.733, 76.396 ], [ -97.789, 76.322 ], [ -97.507, 76.191 ], [ -97.501, 76.144 ], [ -97.582, 76.089 ], [ -97.655, 75.982 ], [ -97.57, 75.865 ], [ -97.668, 75.802 ], [ -97.939, 75.746 ], [ -97.378, 75.68 ], [ -97.425, 75.53 ], [ -97.409, 75.472 ], [ -97.281, 75.403 ], [ -97.498, 75.446 ] ] ], [ [ [ -94.423, 75.873 ], [ -94.295, 75.776 ], [ -94.744, 75.762 ], [ -94.823, 75.81 ], [ -94.828, 75.889 ], [ -94.91, 75.937 ], [ -94.532, 75.998 ], [ -94.458, 75.966 ], [ -94.423, 75.873 ] ] ], [ [ [ -90.094, 77.204 ], [ -90.405, 77.203 ], [ -90.388, 77.233 ], [ -90.924, 77.307 ], [ -91.102, 77.362 ], [ -91.2, 77.408 ], [ -91.168, 77.453 ], [ -91.209, 77.575 ], [ -91.169, 77.617 ], [ -90.882, 77.658 ], [ -90.304, 77.629 ], [ -89.776, 77.486 ], [ -89.716, 77.459 ], [ -89.695, 77.39 ], [ -89.716, 77.37 ], [ -89.645, 77.343 ], [ -89.791, 77.271 ], [ -90.094, 77.204 ] ] ], [ [ [ -93.478, 77.559 ], [ -93.506, 77.507 ], [ -93.478, 77.488 ], [ -93.546, 77.445 ], [ -93.958, 77.438 ], [ -94.331, 77.477 ], [ -95.988, 77.479 ], [ -96.329, 77.61 ], [ -96.275, 77.622 ], [ -96.288, 77.658 ], [ -96.257, 77.657 ], [ -96.235, 77.706 ], [ -95.506, 77.811 ], [ -95.444, 77.811 ], [ -95.402, 77.747 ], [ -95.355, 77.74 ], [ -95.294, 77.769 ], [ -95.2, 77.746 ], [ -94.948, 77.791 ], [ -94.063, 77.773 ], [ -93.94, 77.737 ], [ -93.608, 77.781 ], [ -93.238, 77.733 ], [ -93.101, 77.664 ], [ -93.375, 77.634 ], [ -93.409, 77.61 ], [ -93.375, 77.589 ], [ -93.478, 77.559 ] ] ], [ [ [ -97.093, 77.806 ], [ -97.124, 77.877 ], [ -96.993, 77.925 ], [ -97.774, 78.042 ], [ -97.651, 78.056 ], [ -97.685, 78.076 ], [ -97.657, 78.097 ], [ -96.938, 78.081 ], [ -96.856, 78.109 ], [ -96.904, 78.123 ], [ -96.869, 78.137 ], [ -97.394, 78.213 ], [ -97.92, 78.22 ], [ -97.922, 78.244 ], [ -97.767, 78.247 ], [ -98.068, 78.308 ], [ -98.014, 78.336 ], [ -98.09, 78.37 ], [ -98.035, 78.399 ], [ -98.217, 78.415 ], [ -98.407, 78.488 ], [ -98.403, 78.513 ], [ -98.323, 78.521 ], [ -98.34, 78.544 ], [ -98.025, 78.553 ], [ -98.316, 78.646 ], [ -98.316, 78.706 ], [ -98.37, 78.727 ], [ -98.316, 78.747 ], [ -98.362, 78.766 ], [ -98.149, 78.819 ], [ -97.451, 78.797 ], [ -96.894, 78.703 ], [ -96.543, 78.686 ], [ -96.314, 78.621 ], [ -96.157, 78.62 ], [ -96.274, 78.535 ], [ -95.907, 78.487 ], [ -95.7, 78.526 ], [ -95.461, 78.511 ], [ -95.119, 78.455 ], [ -94.828, 78.364 ], [ -95.403, 78.233 ], [ -95.109, 78.192 ], [ -94.889, 78.109 ], [ -94.924, 78.087 ], [ -94.889, 78.062 ], [ -95.061, 77.973 ], [ -95.377, 77.973 ], [ -95.809, 77.903 ], [ -96.366, 77.863 ], [ -96.496, 77.906 ], [ -96.74, 77.87 ], [ -96.618, 77.852 ], [ -96.493, 77.877 ], [ -96.575, 77.857 ], [ -96.525, 77.846 ], [ -96.727, 77.837 ], [ -96.861, 77.789 ], [ -97.093, 77.806 ] ] ], [ [ [ -96.748, 80.14 ], [ -96.364, 80.142 ], [ -96.019, 80.072 ], [ -95.678, 80.049 ], [ -94.846, 80.045 ], [ -94.382, 79.988 ], [ -94.807, 80.097 ], [ -94.546, 80.158 ], [ -94.087, 80.18 ], [ -94.586, 80.226 ], [ -94.96, 80.142 ], [ -95.402, 80.127 ], [ -95.698, 80.18 ], [ -95.232, 80.241 ], [ -95.612, 80.248 ], [ -95.969, 80.201 ], [ -96.568, 80.276 ], [ -96.465, 80.323 ], [ -96.685, 80.344 ], [ -96.632, 80.364 ], [ -96.248, 80.337 ], [ -96.219, 80.344 ], [ -96.28, 80.364 ], [ -95.949, 80.392 ], [ -95.437, 80.344 ], [ -95.484, 80.39 ], [ -96.102, 80.495 ], [ -95.904, 80.543 ], [ -96.027, 80.584 ], [ -94.982, 80.604 ], [ -94.576, 80.555 ], [ -93.987, 80.558 ], [ -93.935, 80.522 ], [ -93.786, 80.529 ], [ -94.005, 80.591 ], [ -94.543, 80.608 ], [ -94.677, 80.666 ], [ -94.62, 80.693 ], [ -94.074, 80.707 ], [ -94.129, 80.728 ], [ -94.695, 80.734 ], [ -95.04, 80.783 ], [ -94.856, 80.81 ], [ -94.887, 80.82 ], [ -95.139, 80.797 ], [ -95.534, 80.824 ], [ -95.15, 80.886 ], [ -95.485, 80.906 ], [ -95.299, 80.948 ], [ -95.232, 81.015 ], [ -94.903, 81.064 ], [ -94.474, 81.022 ], [ -94.513, 80.988 ], [ -94.447, 80.968 ], [ -94.279, 81.018 ], [ -93.937, 81.023 ], [ -94.074, 81.043 ], [ -94.039, 81.052 ], [ -93.909, 81.043 ], [ -94.36, 81.105 ], [ -94.302, 81.123 ], [ -93.492, 81.07 ], [ -93.519, 81.091 ], [ -93.156, 81.098 ], [ -93.183, 81.105 ], [ -93.122, 81.118 ], [ -93.183, 81.133 ], [ -93.1, 81.156 ], [ -93.144, 81.191 ], [ -93.252, 81.2 ], [ -93.217, 81.215 ], [ -93.921, 81.21 ], [ -94.396, 81.262 ], [ -94.245, 81.329 ], [ -94.28, 81.344 ], [ -94.188, 81.367 ], [ -93.664, 81.339 ], [ -93.567, 81.303 ], [ -93.485, 81.335 ], [ -93.548, 81.385 ], [ -93.258, 81.373 ], [ -92.237, 81.256 ], [ -91.798, 81.159 ], [ -91.847, 81.125 ], [ -91.785, 81.091 ], [ -91.915, 81.077 ], [ -91.525, 80.978 ], [ -91.511, 80.937 ], [ -91.168, 80.824 ], [ -91.089, 80.749 ], [ -90.71, 80.703 ], [ -90.593, 80.653 ], [ -90.766, 80.576 ], [ -90.731, 80.567 ], [ -90.007, 80.542 ], [ -89.774, 80.464 ], [ -89.74, 80.471 ], [ -89.832, 80.529 ], [ -89.325, 80.537 ], [ -89.058, 80.468 ], [ -89.257, 80.399 ], [ -89.078, 80.399 ], [ -89.13, 80.356 ], [ -89.106, 80.344 ], [ -89.256, 80.29 ], [ -89.04, 80.194 ], [ -88.538, 80.099 ], [ -88.414, 80.111 ], [ -88.482, 80.145 ], [ -88.146, 80.103 ], [ -88.427, 80.193 ], [ -88.255, 80.187 ], [ -88.31, 80.212 ], [ -88.509, 80.221 ], [ -88.709, 80.29 ], [ -88.658, 80.322 ], [ -88.681, 80.378 ], [ -88.644, 80.397 ], [ -88.469, 80.44 ], [ -87.701, 80.413 ], [ -87.622, 80.347 ], [ -87.568, 80.183 ], [ -88.064, 80.125 ], [ -87.899, 80.059 ], [ -87.239, 80.07 ], [ -87.169, 80.008 ], [ -87.008, 79.953 ], [ -87.488, 79.837 ], [ -86.962, 79.909 ], [ -87.065, 79.795 ], [ -87.057, 79.738 ], [ -87.136, 79.649 ], [ -87.411, 79.59 ], [ -87.461, 79.536 ], [ -87.281, 79.512 ], [ -87.159, 79.577 ], [ -86.991, 79.603 ], [ -86.845, 79.593 ], [ -86.821, 79.547 ], [ -86.694, 79.569 ], [ -86.817, 79.617 ], [ -86.719, 79.642 ], [ -86.309, 79.648 ], [ -86.042, 79.569 ], [ -86.138, 79.522 ], [ -86.028, 79.481 ], [ -86.166, 79.46 ], [ -86.068, 79.436 ], [ -85.894, 79.499 ], [ -85.862, 79.593 ], [ -85.699, 79.618 ], [ -85.564, 79.58 ], [ -85.394, 79.453 ], [ -85.056, 79.357 ], [ -84.913, 79.271 ], [ -85.51, 79.166 ], [ -86.504, 79.069 ], [ -86.563, 79.049 ], [ -86.598, 78.98 ], [ -86.747, 78.959 ], [ -86.968, 79.064 ], [ -87.001, 78.99 ], [ -86.94, 78.919 ], [ -87.31, 78.809 ], [ -87.537, 78.672 ], [ -87.649, 78.643 ], [ -87.888, 78.706 ], [ -87.998, 78.811 ], [ -87.956, 78.906 ], [ -87.985, 78.964 ], [ -87.797, 79.008 ], [ -87.838, 79.028 ], [ -87.728, 79.083 ], [ -87.805, 79.079 ], [ -87.929, 79.009 ], [ -88.174, 78.996 ], [ -88.217, 78.953 ], [ -88.187, 78.905 ], [ -88.229, 78.805 ], [ -88.136, 78.687 ], [ -88.358, 78.658 ], [ -88.022, 78.655 ], [ -87.907, 78.596 ], [ -87.91, 78.552 ], [ -88.042, 78.479 ], [ -88.229, 78.464 ], [ -88.558, 78.61 ], [ -88.805, 78.61 ], [ -88.764, 78.598 ], [ -88.756, 78.549 ], [ -88.54, 78.417 ], [ -88.674, 78.323 ], [ -88.737, 78.216 ], [ -88.811, 78.165 ], [ -89.05, 78.182 ], [ -90.006, 78.614 ], [ -90.067, 78.606 ], [ -90.099, 78.562 ], [ -89.989, 78.449 ], [ -89.787, 78.398 ], [ -89.455, 78.164 ], [ -89.575, 78.154 ], [ -89.695, 78.225 ], [ -89.901, 78.221 ], [ -90.046, 78.305 ], [ -90.332, 78.336 ], [ -90.751, 78.323 ], [ -90.325, 78.274 ], [ -90.373, 78.241 ], [ -90.276, 78.186 ], [ -90.353, 78.145 ], [ -91.604, 78.191 ], [ -91.86, 78.244 ], [ -92.025, 78.211 ], [ -92.201, 78.283 ], [ -92.327, 78.289 ], [ -92.176, 78.315 ], [ -92.22, 78.332 ], [ -92.503, 78.313 ], [ -92.614, 78.336 ], [ -92.624, 78.365 ], [ -92.87, 78.405 ], [ -92.991, 78.466 ], [ -92.882, 78.507 ], [ -92.491, 78.515 ], [ -92.567, 78.521 ], [ -92.543, 78.527 ], [ -91.844, 78.55 ], [ -91.654, 78.53 ], [ -91.649, 78.565 ], [ -92.811, 78.638 ], [ -93.282, 78.595 ], [ -93.472, 78.652 ], [ -93.348, 78.678 ], [ -93.374, 78.688 ], [ -93.539, 78.678 ], [ -93.813, 78.768 ], [ -93.566, 78.786 ], [ -93.163, 78.74 ], [ -93.038, 78.768 ], [ -93.547, 78.839 ], [ -93.875, 78.834 ], [ -94.294, 78.987 ], [ -93.609, 79.057 ], [ -93.433, 79.156 ], [ -93.33, 79.171 ], [ -92.84, 79.145 ], [ -91.881, 79.164 ], [ -90.366, 79.248 ], [ -91.044, 79.252 ], [ -92.086, 79.206 ], [ -92.627, 79.245 ], [ -92.696, 79.267 ], [ -92.564, 79.31 ], [ -91.915, 79.302 ], [ -91.17, 79.354 ], [ -91.121, 79.392 ], [ -91.83, 79.343 ], [ -92.495, 79.365 ], [ -92.58, 79.385 ], [ -92.23, 79.433 ], [ -92.287, 79.458 ], [ -92.606, 79.451 ], [ -92.924, 79.416 ], [ -93.087, 79.487 ], [ -93.147, 79.466 ], [ -93.005, 79.392 ], [ -93.389, 79.343 ], [ -93.234, 79.418 ], [ -93.321, 79.452 ], [ -93.495, 79.36 ], [ -93.654, 79.367 ], [ -93.684, 79.343 ], [ -93.629, 79.323 ], [ -93.93, 79.259 ], [ -94.211, 79.275 ], [ -94.144, 79.337 ], [ -93.841, 79.399 ], [ -94.48, 79.427 ], [ -94.513, 79.42 ], [ -94.498, 79.385 ], [ -94.388, 79.371 ], [ -95.002, 79.267 ], [ -95.211, 79.281 ], [ -95.239, 79.289 ], [ -95.191, 79.316 ], [ -95.321, 79.337 ], [ -95.164, 79.35 ], [ -95.29, 79.362 ], [ -95.308, 79.392 ], [ -95.28, 79.405 ], [ -95.386, 79.4 ], [ -95.39, 79.377 ], [ -95.755, 79.406 ], [ -95.78, 79.433 ], [ -95.67, 79.447 ], [ -95.78, 79.481 ], [ -95.705, 79.508 ], [ -95.739, 79.542 ], [ -94.728, 79.611 ], [ -94.341, 79.686 ], [ -94.362, 79.734 ], [ -94.3, 79.775 ], [ -94.371, 79.785 ], [ -94.77, 79.682 ], [ -95.193, 79.647 ], [ -95.854, 79.652 ], [ -96.238, 79.743 ], [ -96.285, 79.806 ], [ -96.493, 79.837 ], [ -96.39, 79.864 ], [ -96.589, 79.857 ], [ -96.616, 79.885 ], [ -96.561, 79.905 ], [ -96.406, 79.913 ], [ -96.377, 79.905 ], [ -96.39, 79.885 ], [ -96.137, 79.912 ], [ -96.596, 79.96 ], [ -96.678, 80.015 ], [ -96.39, 80.049 ], [ -96.721, 80.054 ], [ -96.802, 80.097 ], [ -96.748, 80.14 ] ] ], [ [ [ -100.194, 80.032 ], [ -99.779, 80.151 ], [ -99.423, 80.111 ], [ -99.063, 80.125 ], [ -98.874, 80.084 ], [ -98.851, 80.07 ], [ -98.878, 80.056 ], [ -98.706, 79.967 ], [ -98.775, 79.905 ], [ -98.696, 79.868 ], [ -98.651, 79.792 ], [ -98.84, 79.67 ], [ -98.959, 79.728 ], [ -99.33, 79.768 ], [ -99.303, 79.789 ], [ -99.337, 79.809 ], [ -99.296, 79.816 ], [ -99.312, 79.848 ], [ -99.584, 79.899 ], [ -100.07, 79.878 ], [ -100.18, 79.912 ], [ -100.137, 79.966 ], [ -100.194, 80.032 ] ] ], [ [ [ -96.056, 80.694 ], [ -95.164, 80.7 ], [ -94.971, 80.639 ], [ -95.187, 80.613 ], [ -95.629, 80.657 ], [ -96.151, 80.666 ], [ -96.056, 80.694 ] ] ], [ [ [ -80.718, 52.695 ], [ -81.952, 52.974 ], [ -82.063, 53.023 ], [ -81.944, 53.144 ], [ -81.858, 53.185 ], [ -81.424, 53.229 ], [ -81.123, 53.202 ], [ -80.78, 52.949 ], [ -80.678, 52.78 ], [ -80.67, 52.742 ], [ -80.718, 52.695 ] ] ], [ [ [ -79.834, 53.087 ], [ -79.93, 53.094 ], [ -79.917, 53.17 ], [ -79.855, 53.169 ], [ -79.799, 53.122 ], [ -79.834, 53.087 ] ] ], [ [ [ -80.071, 53.319 ], [ -80.071, 53.355 ], [ -79.944, 53.372 ], [ -79.957, 53.323 ], [ -79.917, 53.297 ], [ -79.984, 53.265 ], [ -80.071, 53.319 ] ] ], [ [ [ -79.93, 53.941 ], [ -79.862, 53.92 ], [ -79.862, 53.913 ], [ -79.93, 53.941 ] ] ], [ [ [ -81.089, 54.359 ], [ -81.108, 54.343 ], [ -81.102, 54.374 ], [ -81.089, 54.359 ] ] ], [ [ [ -80.102, 56.198 ], [ -80.031, 56.32 ], [ -79.872, 56.336 ], [ -79.867, 56.385 ], [ -79.674, 56.385 ], [ -79.546, 56.53 ], [ -79.593, 56.43 ], [ -79.716, 56.309 ], [ -80.033, 56.19 ], [ -80.102, 56.198 ] ] ], [ [ [ -79.824, 56.848 ], [ -79.888, 56.749 ], [ -79.939, 56.76 ], [ -79.944, 56.84 ], [ -79.906, 56.867 ], [ -79.824, 56.848 ] ] ], [ [ [ -79.819, 56.942 ], [ -79.756, 56.916 ], [ -79.731, 56.802 ], [ -79.791, 56.796 ], [ -79.812, 56.897 ], [ -79.903, 56.894 ], [ -79.819, 56.942 ] ] ], [ [ [ -79.851, 57.487 ], [ -79.785, 57.538 ], [ -79.828, 57.529 ], [ -79.807, 57.569 ], [ -79.728, 57.617 ], [ -79.696, 57.529 ], [ -79.723, 57.502 ], [ -79.78, 57.511 ], [ -79.793, 57.429 ], [ -79.851, 57.487 ] ] ], [ [ [ -80.57, 59.106 ], [ -80.539, 59.095 ], [ -80.583, 59.098 ], [ -80.57, 59.106 ] ] ], [ [ [ -80.471, 59.491 ], [ -80.527, 59.375 ], [ -80.542, 59.371 ], [ -80.519, 59.444 ], [ -80.553, 59.45 ], [ -80.471, 59.491 ] ] ], [ [ [ -80.552, 59.649 ], [ -80.581, 59.669 ], [ -80.51, 59.692 ], [ -80.552, 59.649 ] ] ], [ [ [ -80.149, 59.71 ], [ -80.256, 59.627 ], [ -80.342, 59.62 ], [ -80.3, 59.677 ], [ -80.245, 59.677 ], [ -80.232, 59.731 ], [ -80.149, 59.71 ] ] ], [ [ [ -80.37, 59.709 ], [ -80.43, 59.653 ], [ -80.444, 59.648 ], [ -80.422, 59.695 ], [ -80.37, 59.709 ] ] ], [ [ [ -80.073, 59.802 ], [ -80.18, 59.749 ], [ -80.129, 59.827 ], [ -80.043, 59.878 ], [ -79.882, 59.861 ], [ -80.019, 59.772 ], [ -80.094, 59.758 ], [ -80.073, 59.802 ] ] ], [ [ [ -79.315, 62.091 ], [ -79.326, 61.988 ], [ -79.386, 62.002 ], [ -79.518, 61.848 ], [ -79.563, 61.742 ], [ -79.759, 61.582 ], [ -79.854, 61.582 ], [ -79.96, 61.69 ], [ -80.204, 61.79 ], [ -80.286, 61.93 ], [ -80.215, 62.138 ], [ -80.158, 62.199 ], [ -79.989, 62.308 ], [ -79.935, 62.378 ], [ -79.831, 62.411 ], [ -79.724, 62.403 ], [ -79.704, 62.377 ], [ -79.559, 62.42 ], [ -79.44, 62.38 ], [ -79.266, 62.25 ], [ -79.27, 62.145 ], [ -79.315, 62.091 ] ] ], [ [ [ -81.862, 62.925 ], [ -81.965, 62.801 ], [ -81.924, 62.746 ], [ -81.957, 62.698 ], [ -82.345, 62.564 ], [ -82.425, 62.472 ], [ -83.066, 62.187 ], [ -83.135, 62.177 ], [ -83.281, 62.253 ], [ -83.418, 62.239 ], [ -83.705, 62.144 ], [ -83.725, 62.286 ], [ -83.94, 62.424 ], [ -83.907, 62.491 ], [ -83.713, 62.568 ], [ -83.566, 62.682 ], [ -83.52, 62.826 ], [ -83.296, 62.931 ], [ -83.06, 62.842 ], [ -82.695, 62.945 ], [ -82.42, 62.928 ], [ -82.257, 62.996 ], [ -81.897, 62.945 ], [ -81.862, 62.925 ] ] ], [ [ [ -81.399, 64.203 ], [ -81.469, 64.192 ], [ -81.539, 64.206 ], [ -81.442, 64.238 ], [ -81.394, 64.23 ], [ -81.399, 64.203 ] ] ], [ [ [ -80.466, 63.727 ], [ -80.845, 63.534 ], [ -80.918, 63.53 ], [ -80.934, 63.48 ], [ -81.019, 63.45 ], [ -82.075, 63.692 ], [ -82.358, 63.66 ], [ -82.49, 63.688 ], [ -82.493, 63.72 ], [ -82.552, 63.743 ], [ -82.518, 63.797 ], [ -82.376, 63.828 ], [ -82.356, 63.897 ], [ -82.391, 63.924 ], [ -82.534, 63.973 ], [ -82.869, 63.987 ], [ -83.059, 63.954 ], [ -83.13, 63.979 ], [ -83.138, 64.007 ], [ -82.966, 64.137 ], [ -83.014, 64.192 ], [ -83.084, 64.19 ], [ -83.204, 64.122 ], [ -83.302, 64.141 ], [ -83.539, 64.111 ], [ -83.685, 64.014 ], [ -83.605, 63.93 ], [ -83.651, 63.869 ], [ -83.596, 63.822 ], [ -83.634, 63.771 ], [ -83.784, 63.769 ], [ -84.089, 63.61 ], [ -84.284, 63.627 ], [ -84.405, 63.555 ], [ -84.48, 63.393 ], [ -84.59, 63.315 ], [ -85.096, 63.157 ], [ -85.455, 63.122 ], [ -85.585, 63.173 ], [ -85.64, 63.251 ], [ -85.652, 63.439 ], [ -85.604, 63.521 ], [ -85.63, 63.574 ], [ -85.59, 63.613 ], [ -85.617, 63.675 ], [ -85.706, 63.699 ], [ -85.714, 63.774 ], [ -85.82, 63.706 ], [ -86.214, 63.651 ], [ -86.632, 63.665 ], [ -86.868, 63.562 ], [ -87.124, 63.564 ], [ -87.175, 63.585 ], [ -87.224, 63.66 ], [ -87.177, 63.73 ], [ -86.896, 63.93 ], [ -86.193, 64.103 ], [ -86.196, 64.165 ], [ -86.299, 64.219 ], [ -86.296, 64.268 ], [ -86.365, 64.309 ], [ -86.375, 64.375 ], [ -86.344, 64.411 ], [ -86.406, 64.439 ], [ -86.383, 64.546 ], [ -86.419, 64.597 ], [ -86.238, 64.813 ], [ -86.173, 64.83 ], [ -86.214, 64.891 ], [ -86.159, 64.939 ], [ -86.228, 65.004 ], [ -86.138, 65.114 ], [ -86.174, 65.287 ], [ -86.097, 65.357 ], [ -86.152, 65.396 ], [ -86.083, 65.562 ], [ -86.028, 65.606 ], [ -86.028, 65.665 ], [ -85.939, 65.763 ], [ -85.61, 65.911 ], [ -85.487, 65.924 ], [ -85.462, 65.881 ], [ -85.506, 65.839 ], [ -85.488, 65.797 ], [ -85.37, 65.84 ], [ -85.172, 65.789 ], [ -85.153, 65.737 ], [ -85.184, 65.726 ], [ -85.052, 65.614 ], [ -85.316, 65.541 ], [ -85.008, 65.416 ], [ -85.019, 65.352 ], [ -84.931, 65.264 ], [ -84.932, 65.218 ], [ -84.788, 65.241 ], [ -84.745, 65.352 ], [ -84.577, 65.489 ], [ -84.45, 65.462 ], [ -84.439, 65.414 ], [ -84.364, 65.385 ], [ -84.16, 65.347 ], [ -84.23, 65.268 ], [ -84.069, 65.2 ], [ -83.398, 65.137 ], [ -83.336, 65.076 ], [ -83.34, 65.036 ], [ -83.208, 64.948 ], [ -82.884, 64.88 ], [ -82.715, 64.781 ], [ -82.538, 64.744 ], [ -82.337, 64.762 ], [ -82.205, 64.72 ], [ -82.218, 64.691 ], [ -82.098, 64.687 ], [ -81.771, 64.512 ], [ -81.753, 64.384 ], [ -81.775, 64.309 ], [ -81.608, 64.21 ], [ -81.607, 64.134 ], [ -81.95, 64.068 ], [ -81.992, 63.999 ], [ -81.457, 64.038 ], [ -81.43, 64.055 ], [ -81.451, 64.082 ], [ -81.399, 64.102 ], [ -81.41, 64.082 ], [ -80.931, 63.993 ], [ -80.904, 64.011 ], [ -80.979, 64.069 ], [ -80.931, 64.103 ], [ -80.951, 64.13 ], [ -80.889, 64.123 ], [ -80.697, 64.016 ], [ -80.544, 63.985 ], [ -80.522, 63.97 ], [ -80.549, 63.933 ], [ -80.497, 63.918 ], [ -80.577, 63.898 ], [ -80.705, 63.918 ], [ -80.675, 63.894 ], [ -80.204, 63.815 ], [ -80.17, 63.774 ], [ -80.466, 63.727 ] ] ], [ [ [ -88.969, 65.388 ], [ -89.087, 65.392 ], [ -89.104, 65.409 ], [ -88.969, 65.388 ] ] ], [ [ [ -88.489, 65.481 ], [ -88.431, 65.487 ], [ -88.371, 65.462 ], [ -88.459, 65.456 ], [ -88.489, 65.481 ] ] ], [ [ [ -84.883, 65.954 ], [ -84.715, 65.835 ], [ -84.574, 65.636 ], [ -84.713, 65.555 ], [ -84.841, 65.588 ], [ -84.876, 65.67 ], [ -85.113, 65.762 ], [ -85.146, 65.906 ], [ -85.186, 65.947 ], [ -85.156, 66.011 ], [ -85.063, 66.029 ], [ -84.93, 66.015 ], [ -84.857, 65.967 ], [ -84.883, 65.954 ] ] ], [ [ [ -83.291, 65.847 ], [ -83.503, 65.81 ], [ -83.583, 65.862 ], [ -83.369, 65.871 ], [ -83.291, 65.847 ] ] ], [ [ [ -84.458, 66.146 ], [ -84.069, 66.063 ], [ -84.021, 66.088 ], [ -84.001, 66.036 ], [ -83.743, 65.958 ], [ -83.682, 65.882 ], [ -83.802, 65.823 ], [ -83.542, 65.748 ], [ -83.531, 65.713 ], [ -83.291, 65.728 ], [ -83.212, 65.706 ], [ -83.258, 65.69 ], [ -83.255, 65.657 ], [ -83.367, 65.619 ], [ -83.623, 65.665 ], [ -83.583, 65.706 ], [ -83.649, 65.69 ], [ -83.624, 65.651 ], [ -83.761, 65.673 ], [ -83.839, 65.652 ], [ -83.849, 65.676 ], [ -83.802, 65.686 ], [ -83.786, 65.728 ], [ -83.685, 65.755 ], [ -83.829, 65.755 ], [ -83.781, 65.782 ], [ -83.802, 65.794 ], [ -83.959, 65.741 ], [ -84.143, 65.767 ], [ -84.104, 65.816 ], [ -84.125, 65.907 ], [ -84.187, 65.929 ], [ -84.195, 65.972 ], [ -84.397, 66.013 ], [ -84.474, 66.076 ], [ -84.458, 66.146 ] ] ], [ [ [ -83.62, 66.041 ], [ -83.57, 66.084 ], [ -83.559, 66.046 ], [ -83.62, 66.041 ] ] ], [ [ [ -85.098, 66.074 ], [ -85.022, 66.083 ], [ -84.997, 66.057 ], [ -85.092, 66.051 ], [ -85.098, 66.074 ] ] ], [ [ [ -83.648, 66.071 ], [ -83.649, 66.123 ], [ -83.572, 66.106 ], [ -83.648, 66.071 ] ] ], [ [ [ -83.287, 66.33 ], [ -83.137, 66.309 ], [ -83.178, 66.289 ], [ -82.904, 66.268 ], [ -83.007, 66.199 ], [ -83.078, 66.198 ], [ -83.293, 66.268 ], [ -83.287, 66.33 ] ] ], [ [ [ -85.982, 66.464 ], [ -85.911, 66.462 ], [ -85.896, 66.454 ], [ -85.962, 66.44 ], [ -85.982, 66.464 ] ] ], [ [ [ -86.435, 68.098 ], [ -86.372, 67.937 ], [ -86.465, 67.792 ], [ -86.598, 67.728 ], [ -86.886, 67.823 ], [ -86.954, 67.925 ], [ -86.849, 67.966 ], [ -86.848, 68.022 ], [ -86.987, 68.084 ], [ -86.898, 68.138 ], [ -86.895, 68.195 ], [ -86.687, 68.31 ], [ -86.408, 68.208 ], [ -86.435, 68.098 ] ] ], [ [ [ -82.349, 68.365 ], [ -82.177, 68.385 ], [ -82.112, 68.352 ], [ -82.0, 68.351 ], [ -82.081, 68.307 ], [ -82.349, 68.365 ] ] ], [ [ [ -90.138, 69.05 ], [ -90.161, 69.078 ], [ -90.254, 69.082 ], [ -90.276, 69.13 ], [ -90.155, 69.14 ], [ -90.182, 69.119 ], [ -90.147, 69.106 ], [ -90.138, 69.05 ] ] ], [ [ [ -81.692, 69.384 ], [ -81.782, 69.387 ], [ -81.767, 69.365 ], [ -81.83, 69.344 ], [ -81.903, 69.394 ], [ -81.839, 69.434 ], [ -81.549, 69.415 ], [ -81.506, 69.407 ], [ -81.486, 69.347 ], [ -81.672, 69.354 ], [ -81.692, 69.384 ] ] ], [ [ [ -80.201, 69.428 ], [ -80.124, 69.393 ], [ -80.071, 69.384 ], [ -80.131, 69.363 ], [ -80.208, 69.408 ], [ -80.201, 69.428 ] ] ], [ [ [ -79.999, 69.5 ], [ -80.231, 69.541 ], [ -80.21, 69.619 ], [ -80.238, 69.626 ], [ -80.334, 69.558 ], [ -80.352, 69.616 ], [ -80.497, 69.668 ], [ -80.761, 69.668 ], [ -80.814, 69.695 ], [ -80.718, 69.756 ], [ -80.494, 69.728 ], [ -80.403, 69.67 ], [ -80.424, 69.702 ], [ -80.376, 69.715 ], [ -80.461, 69.734 ], [ -80.501, 69.787 ], [ -80.206, 69.801 ], [ -80.123, 69.76 ], [ -80.15, 69.723 ], [ -80.065, 69.754 ], [ -79.974, 69.731 ], [ -79.768, 69.754 ], [ -79.756, 69.787 ], [ -79.672, 69.82 ], [ -79.455, 69.801 ], [ -79.408, 69.779 ], [ -79.416, 69.743 ], [ -79.327, 69.709 ], [ -79.613, 69.62 ], [ -79.918, 69.605 ], [ -80.053, 69.649 ], [ -80.062, 69.619 ], [ -79.936, 69.537 ], [ -79.999, 69.5 ] ] ], [ [ [ -83.528, 69.791 ], [ -83.701, 69.769 ], [ -83.658, 69.729 ], [ -83.701, 69.723 ], [ -83.917, 69.794 ], [ -83.856, 69.832 ], [ -83.528, 69.791 ] ] ], [ [ [ -82.648, 69.826 ], [ -82.506, 69.791 ], [ -82.492, 69.763 ], [ -82.559, 69.743 ], [ -82.855, 69.794 ], [ -82.648, 69.826 ] ] ], [ [ [ -87.279, 70.068 ], [ -87.379, 70.106 ], [ -87.098, 70.127 ], [ -87.146, 70.14 ], [ -87.117, 70.161 ], [ -86.803, 70.092 ], [ -86.651, 70.121 ], [ -86.46, 70.017 ], [ -86.504, 69.986 ], [ -86.777, 69.971 ], [ -87.006, 70.016 ], [ -87.084, 69.989 ], [ -87.265, 70.031 ], [ -87.279, 70.068 ] ] ], [ [ [ -79.875, 74.817 ], [ -80.158, 74.859 ], [ -80.146, 74.92 ], [ -80.197, 74.943 ], [ -80.19, 74.896 ], [ -80.262, 74.879 ], [ -80.313, 74.942 ], [ -80.411, 74.902 ], [ -80.101, 74.828 ], [ -80.123, 74.814 ], [ -80.101, 74.794 ], [ -80.245, 74.759 ], [ -80.129, 74.718 ], [ -80.205, 74.697 ], [ -80.177, 74.663 ], [ -80.197, 74.643 ], [ -80.156, 74.637 ], [ -80.232, 74.602 ], [ -80.218, 74.587 ], [ -80.542, 74.564 ], [ -81.115, 74.579 ], [ -81.789, 74.458 ], [ -82.422, 74.518 ], [ -82.383, 74.546 ], [ -82.421, 74.573 ], [ -82.606, 74.512 ], [ -82.92, 74.551 ], [ -83.117, 74.669 ], [ -83.118, 74.737 ], [ -83.038, 74.776 ], [ -83.078, 74.816 ], [ -83.359, 74.856 ], [ -83.492, 74.909 ], [ -83.562, 74.892 ], [ -83.502, 74.83 ], [ -83.322, 74.762 ], [ -83.446, 74.663 ], [ -83.494, 74.578 ], [ -83.62, 74.546 ], [ -84.044, 74.543 ], [ -84.258, 74.506 ], [ -84.915, 74.512 ], [ -84.987, 74.574 ], [ -84.994, 74.649 ], [ -84.957, 74.681 ], [ -85.008, 74.704 ], [ -85.002, 74.683 ], [ -85.076, 74.643 ], [ -85.035, 74.539 ], [ -85.185, 74.493 ], [ -85.357, 74.506 ], [ -85.48, 74.674 ], [ -85.534, 74.69 ], [ -85.555, 74.663 ], [ -85.482, 74.545 ], [ -85.604, 74.498 ], [ -86.125, 74.484 ], [ -86.08, 74.55 ], [ -86.179, 74.594 ], [ -86.154, 74.608 ], [ -86.179, 74.622 ], [ -86.238, 74.601 ], [ -86.224, 74.555 ], [ -86.251, 74.528 ], [ -86.38, 74.487 ], [ -86.661, 74.538 ], [ -86.757, 74.587 ], [ -86.749, 74.615 ], [ -86.803, 74.622 ], [ -86.801, 74.549 ], [ -86.604, 74.471 ], [ -86.911, 74.465 ], [ -87.014, 74.514 ], [ -87.05, 74.477 ], [ -87.259, 74.468 ], [ -87.335, 74.483 ], [ -87.373, 74.526 ], [ -87.296, 74.546 ], [ -87.644, 74.458 ], [ -87.738, 74.475 ], [ -87.756, 74.52 ], [ -87.877, 74.482 ], [ -88.06, 74.477 ], [ -88.149, 74.512 ], [ -88.242, 74.481 ], [ -88.518, 74.501 ], [ -88.564, 74.573 ], [ -88.434, 74.701 ], [ -88.408, 74.753 ], [ -88.434, 74.766 ], [ -88.297, 74.78 ], [ -88.489, 74.794 ], [ -88.448, 74.834 ], [ -88.539, 74.904 ], [ -88.579, 74.896 ], [ -88.555, 74.841 ], [ -88.619, 74.821 ], [ -88.626, 74.855 ], [ -88.661, 74.852 ], [ -88.753, 74.776 ], [ -88.765, 74.716 ], [ -88.848, 74.665 ], [ -88.891, 74.675 ], [ -88.921, 74.786 ], [ -89.099, 74.841 ], [ -89.01, 74.786 ], [ -89.06, 74.722 ], [ -89.27, 74.759 ], [ -89.099, 74.687 ], [ -89.147, 74.608 ], [ -89.382, 74.588 ], [ -89.434, 74.553 ], [ -89.919, 74.527 ], [ -90.009, 74.591 ], [ -90.111, 74.555 ], [ -90.373, 74.602 ], [ -90.312, 74.629 ], [ -90.564, 74.609 ], [ -90.73, 74.663 ], [ -90.764, 74.718 ], [ -90.723, 74.738 ], [ -90.846, 74.725 ], [ -90.906, 74.687 ], [ -91.025, 74.704 ], [ -90.757, 74.834 ], [ -90.757, 74.883 ], [ -90.787, 74.89 ], [ -91.099, 74.753 ], [ -91.23, 74.738 ], [ -91.099, 74.629 ], [ -91.286, 74.636 ], [ -91.295, 74.705 ], [ -91.33, 74.721 ], [ -91.374, 74.704 ], [ -91.339, 74.689 ], [ -91.368, 74.649 ], [ -91.513, 74.645 ], [ -91.689, 74.684 ], [ -91.621, 74.712 ], [ -91.666, 74.727 ], [ -91.881, 74.712 ], [ -91.806, 74.738 ], [ -92.063, 74.803 ], [ -92.014, 74.855 ], [ -92.012, 74.91 ], [ -92.079, 74.937 ], [ -92.061, 74.963 ], [ -92.224, 75.032 ], [ -92.202, 75.067 ], [ -92.23, 75.074 ], [ -92.012, 75.101 ], [ -92.114, 75.136 ], [ -92.056, 75.153 ], [ -92.282, 75.141 ], [ -92.504, 75.218 ], [ -92.457, 75.252 ], [ -92.471, 75.293 ], [ -92.429, 75.342 ], [ -92.327, 75.376 ], [ -92.463, 75.376 ], [ -92.381, 75.456 ], [ -92.196, 75.557 ], [ -92.004, 75.602 ], [ -92.079, 75.629 ], [ -92.012, 75.664 ], [ -92.176, 75.753 ], [ -92.105, 75.815 ], [ -92.127, 75.874 ], [ -92.413, 75.926 ], [ -92.62, 76.015 ], [ -92.666, 76.135 ], [ -92.76, 76.165 ], [ -92.801, 76.214 ], [ -93.048, 76.295 ], [ -93.081, 76.322 ], [ -93.06, 76.349 ], [ -93.29, 76.369 ], [ -93.591, 76.3 ], [ -93.67, 76.301 ], [ -93.621, 76.315 ], [ -93.677, 76.327 ], [ -93.766, 76.287 ], [ -93.635, 76.26 ], [ -93.704, 76.252 ], [ -94.186, 76.284 ], [ -94.604, 76.274 ], [ -94.663, 76.287 ], [ -94.642, 76.294 ], [ -94.663, 76.315 ], [ -94.749, 76.315 ], [ -95.061, 76.225 ], [ -95.39, 76.239 ], [ -95.358, 76.305 ], [ -94.801, 76.328 ], [ -95.452, 76.369 ], [ -95.376, 76.397 ], [ -95.421, 76.401 ], [ -95.823, 76.399 ], [ -96.109, 76.5 ], [ -96.057, 76.524 ], [ -95.758, 76.527 ], [ -95.588, 76.61 ], [ -95.784, 76.555 ], [ -96.027, 76.555 ], [ -95.992, 76.582 ], [ -96.142, 76.583 ], [ -96.247, 76.623 ], [ -96.226, 76.637 ], [ -96.372, 76.638 ], [ -96.5, 76.696 ], [ -96.871, 76.703 ], [ -96.966, 76.739 ], [ -96.843, 76.774 ], [ -96.9, 76.786 ], [ -96.868, 76.814 ], [ -96.663, 76.754 ], [ -96.308, 76.76 ], [ -96.582, 76.774 ], [ -96.507, 76.787 ], [ -96.511, 76.808 ], [ -96.314, 76.808 ], [ -96.82, 76.872 ], [ -96.851, 76.93 ], [ -96.658, 76.952 ], [ -96.818, 76.983 ], [ -96.473, 76.959 ], [ -96.247, 77.006 ], [ -96.39, 77.034 ], [ -95.771, 77.077 ], [ -95.424, 77.061 ], [ -94.93, 76.979 ], [ -94.508, 76.971 ], [ -94.455, 76.921 ], [ -94.307, 76.922 ], [ -94.234, 76.891 ], [ -94.114, 76.888 ], [ -93.964, 76.937 ], [ -93.701, 76.921 ], [ -93.286, 76.78 ], [ -93.273, 76.753 ], [ -93.197, 76.753 ], [ -93.176, 76.681 ], [ -93.262, 76.626 ], [ -93.299, 76.555 ], [ -93.656, 76.445 ], [ -93.561, 76.395 ], [ -93.457, 76.41 ], [ -93.58, 76.431 ], [ -93.362, 76.472 ], [ -93.094, 76.596 ], [ -93.115, 76.616 ], [ -93.079, 76.628 ], [ -92.369, 76.599 ], [ -92.004, 76.664 ], [ -91.441, 76.694 ], [ -90.921, 76.643 ], [ -90.806, 76.587 ], [ -90.533, 76.551 ], [ -90.497, 76.527 ], [ -90.531, 76.507 ], [ -90.469, 76.486 ], [ -90.653, 76.457 ], [ -91.005, 76.52 ], [ -91.011, 76.492 ], [ -91.074, 76.481 ], [ -91.349, 76.517 ], [ -91.566, 76.5 ], [ -91.401, 76.459 ], [ -90.99, 76.451 ], [ -90.577, 76.392 ], [ -90.448, 76.411 ], [ -89.298, 76.301 ], [ -89.194, 76.248 ], [ -89.38, 76.184 ], [ -90.456, 76.178 ], [ -90.051, 76.136 ], [ -90.094, 76.125 ], [ -91.161, 76.198 ], [ -91.237, 76.225 ], [ -91.613, 76.267 ], [ -91.258, 76.202 ], [ -91.409, 76.15 ], [ -91.244, 76.164 ], [ -90.668, 76.116 ], [ -90.867, 76.068 ], [ -90.719, 76.056 ], [ -90.552, 76.096 ], [ -90.188, 76.068 ], [ -90.291, 76.032 ], [ -91.161, 76.021 ], [ -90.943, 76.006 ], [ -91.072, 75.993 ], [ -90.947, 75.943 ], [ -91.148, 75.903 ], [ -91.129, 75.836 ], [ -91.066, 75.896 ], [ -90.932, 75.923 ], [ -90.798, 75.999 ], [ -90.675, 75.978 ], [ -90.736, 75.965 ], [ -90.7, 75.957 ], [ -90.552, 75.986 ], [ -90.428, 75.972 ], [ -90.519, 75.94 ], [ -90.519, 75.899 ], [ -90.315, 75.974 ], [ -90.114, 75.937 ], [ -90.049, 76.011 ], [ -89.964, 76.016 ], [ -89.928, 76.006 ], [ -89.959, 75.977 ], [ -89.848, 75.968 ], [ -89.688, 75.903 ], [ -89.77, 75.844 ], [ -89.777, 75.794 ], [ -89.551, 75.856 ], [ -89.605, 75.862 ], [ -89.515, 75.859 ], [ -89.198, 75.796 ], [ -89.163, 75.765 ], [ -89.257, 75.636 ], [ -89.647, 75.622 ], [ -89.763, 75.581 ], [ -89.545, 75.574 ], [ -89.708, 75.561 ], [ -89.676, 75.55 ], [ -89.208, 75.586 ], [ -89.102, 75.489 ], [ -88.917, 75.43 ], [ -88.764, 75.438 ], [ -88.753, 75.482 ], [ -88.9, 75.609 ], [ -88.756, 75.646 ], [ -88.756, 75.678 ], [ -88.722, 75.686 ], [ -88.223, 75.545 ], [ -88.2, 75.518 ], [ -88.304, 75.499 ], [ -88.228, 75.471 ], [ -87.751, 75.581 ], [ -87.496, 75.492 ], [ -87.606, 75.451 ], [ -87.467, 75.456 ], [ -87.424, 75.501 ], [ -87.507, 75.561 ], [ -87.266, 75.623 ], [ -86.778, 75.476 ], [ -86.58, 75.478 ], [ -86.365, 75.43 ], [ -86.618, 75.369 ], [ -85.993, 75.422 ], [ -85.522, 75.403 ], [ -86.152, 75.509 ], [ -85.529, 75.602 ], [ -85.568, 75.572 ], [ -85.227, 75.561 ], [ -85.323, 75.574 ], [ -85.179, 75.629 ], [ -85.015, 75.643 ], [ -85.045, 75.656 ], [ -84.576, 75.624 ], [ -84.501, 75.636 ], [ -84.658, 75.65 ], [ -84.665, 75.691 ], [ -84.29, 75.713 ], [ -83.918, 75.815 ], [ -84.001, 75.829 ], [ -83.736, 75.827 ], [ -83.699, 75.821 ], [ -83.754, 75.807 ], [ -83.52, 75.799 ], [ -83.396, 75.749 ], [ -83.12, 75.74 ], [ -82.331, 75.844 ], [ -81.113, 75.779 ], [ -81.095, 75.76 ], [ -81.286, 75.664 ], [ -81.015, 75.636 ], [ -80.503, 75.662 ], [ -80.079, 75.586 ], [ -80.06, 75.568 ], [ -80.088, 75.548 ], [ -79.95, 75.54 ], [ -80.376, 75.465 ], [ -79.65, 75.47 ], [ -79.574, 75.451 ], [ -79.683, 75.438 ], [ -79.491, 75.383 ], [ -79.533, 75.327 ], [ -79.615, 75.304 ], [ -79.444, 75.287 ], [ -79.517, 75.229 ], [ -79.628, 75.18 ], [ -79.834, 75.173 ], [ -79.936, 75.141 ], [ -79.969, 75.097 ], [ -80.443, 75.04 ], [ -80.177, 74.985 ], [ -80.276, 74.969 ], [ -80.249, 74.954 ], [ -80.059, 74.961 ], [ -79.78, 75.032 ], [ -79.592, 75.021 ], [ -79.505, 74.999 ], [ -79.56, 74.992 ], [ -79.439, 74.923 ], [ -79.334, 74.903 ], [ -79.875, 74.817 ] ] ], [ [ [ -81.204, 76.184 ], [ -81.328, 76.15 ], [ -81.465, 76.164 ], [ -81.311, 76.196 ], [ -81.204, 76.184 ] ] ], [ [ [ -89.525, 76.48 ], [ -89.38, 76.445 ], [ -89.627, 76.451 ], [ -89.525, 76.48 ] ] ], [ [ [ -84.138, 76.514 ], [ -84.013, 76.503 ], [ -83.911, 76.472 ], [ -83.992, 76.425 ], [ -84.123, 76.451 ], [ -84.104, 76.482 ], [ -84.138, 76.514 ] ] ], [ [ [ -89.816, 76.668 ], [ -89.859, 76.616 ], [ -89.822, 76.551 ], [ -89.675, 76.507 ], [ -89.826, 76.486 ], [ -89.92, 76.516 ], [ -89.977, 76.478 ], [ -90.158, 76.506 ], [ -90.594, 76.751 ], [ -90.53, 76.792 ], [ -90.33, 76.824 ], [ -89.982, 76.842 ], [ -89.675, 76.733 ], [ -89.694, 76.693 ], [ -89.816, 76.668 ] ] ], [ [ [ -85.542, 77.541 ], [ -85.323, 77.589 ], [ -85.018, 77.583 ], [ -84.816, 77.5 ], [ -85.162, 77.459 ], [ -85.138, 77.5 ], [ -85.244, 77.532 ], [ -85.542, 77.541 ] ] ], [ [ [ -88.246, 78.261 ], [ -88.379, 78.245 ], [ -88.411, 78.279 ], [ -88.338, 78.337 ], [ -88.201, 78.357 ], [ -88.247, 78.373 ], [ -88.222, 78.433 ], [ -88.057, 78.452 ], [ -88.047, 78.423 ], [ -88.16, 78.364 ], [ -88.165, 78.317 ], [ -88.246, 78.261 ] ] ], [ [ [ -79.295, 52.055 ], [ -79.329, 51.971 ], [ -79.393, 51.94 ], [ -79.611, 51.919 ], [ -79.656, 51.987 ], [ -79.635, 52.022 ], [ -79.557, 52.019 ], [ -79.349, 52.105 ], [ -79.252, 52.077 ], [ -79.295, 52.055 ] ] ], [ [ [ -79.08, 52.107 ], [ -79.002, 52.108 ], [ -79.087, 52.097 ], [ -79.08, 52.107 ] ] ], [ [ [ -79.501, 52.233 ], [ -79.446, 52.262 ], [ -79.379, 52.252 ], [ -79.501, 52.233 ] ] ], [ [ [ -78.728, 52.417 ], [ -78.761, 52.406 ], [ -78.827, 52.428 ], [ -78.707, 52.448 ], [ -78.755, 52.422 ], [ -78.728, 52.417 ] ] ], [ [ [ -79.638, 52.538 ], [ -79.612, 52.577 ], [ -79.565, 52.545 ], [ -79.609, 52.535 ], [ -79.638, 52.538 ] ] ], [ [ [ -79.704, 53.516 ], [ -79.758, 53.523 ], [ -79.766, 53.547 ], [ -79.704, 53.516 ] ] ], [ [ [ -79.019, 54.941 ], [ -79.402, 54.852 ], [ -79.78, 54.784 ], [ -79.683, 54.811 ], [ -79.732, 54.818 ], [ -79.654, 54.854 ], [ -79.019, 54.941 ] ] ], [ [ [ -77.211, 55.654 ], [ -77.526, 55.465 ], [ -77.648, 55.427 ], [ -77.211, 55.654 ] ] ], [ [ [ -79.021, 55.954 ], [ -79.112, 55.8 ], [ -79.142, 55.797 ], [ -79.09, 55.857 ], [ -79.013, 56.059 ], [ -78.951, 56.079 ], [ -78.951, 56.038 ], [ -79.005, 56.017 ], [ -78.936, 56.024 ], [ -79.021, 55.954 ] ] ], [ [ [ -76.775, 56.104 ], [ -76.756, 56.179 ], [ -76.716, 56.138 ], [ -76.775, 56.104 ] ] ], [ [ [ -79.546, 56.133 ], [ -79.909, 55.825 ], [ -79.949, 55.889 ], [ -80.026, 55.9 ], [ -79.737, 56.161 ], [ -79.525, 56.294 ], [ -79.468, 56.429 ], [ -79.478, 56.524 ], [ -79.454, 56.56 ], [ -79.416, 56.497 ], [ -79.435, 56.414 ], [ -79.505, 56.246 ], [ -79.607, 56.134 ], [ -79.409, 56.222 ], [ -79.309, 56.435 ], [ -79.285, 56.661 ], [ -79.258, 56.682 ], [ -79.204, 56.685 ], [ -79.134, 56.634 ], [ -79.154, 56.605 ], [ -79.223, 56.65 ], [ -79.247, 56.562 ], [ -79.131, 56.544 ], [ -79.058, 56.437 ], [ -78.936, 56.43 ], [ -78.909, 56.345 ], [ -78.952, 56.322 ], [ -78.882, 56.326 ], [ -78.958, 56.277 ], [ -79.062, 56.139 ], [ -79.203, 55.859 ], [ -79.111, 56.087 ], [ -78.99, 56.263 ], [ -78.98, 56.392 ], [ -79.049, 56.361 ], [ -79.102, 56.222 ], [ -79.052, 56.229 ], [ -79.059, 56.202 ], [ -79.286, 55.866 ], [ -79.128, 56.161 ], [ -79.156, 56.236 ], [ -79.355, 55.978 ], [ -79.469, 55.879 ], [ -79.554, 55.868 ], [ -79.634, 55.903 ], [ -79.786, 55.79 ], [ -79.471, 56.121 ], [ -79.546, 56.133 ] ] ], [ [ [ -78.931, 56.132 ], [ -78.829, 56.269 ], [ -78.813, 56.345 ], [ -78.833, 56.345 ], [ -78.778, 56.415 ], [ -78.671, 56.443 ], [ -78.649, 56.291 ], [ -78.676, 56.182 ], [ -78.931, 56.132 ] ] ], [ [ [ -77.98, 56.287 ], [ -77.949, 56.313 ], [ -77.841, 56.323 ], [ -77.98, 56.287 ] ] ], [ [ [ -77.535, 56.38 ], [ -77.499, 56.437 ], [ -77.478, 56.436 ], [ -77.503, 56.386 ], [ -77.535, 56.38 ] ] ], [ [ [ -76.616, 56.696 ], [ -76.655, 56.549 ], [ -76.634, 56.715 ], [ -76.616, 56.696 ] ] ], [ [ [ -78.75, 56.676 ], [ -78.783, 56.655 ], [ -78.851, 56.673 ], [ -78.841, 56.676 ], [ -78.75, 56.676 ] ] ], [ [ [ -79.573, 56.818 ], [ -79.501, 56.775 ], [ -79.48, 56.723 ], [ -79.488, 56.664 ], [ -79.565, 56.621 ], [ -79.583, 56.649 ], [ -79.548, 56.728 ], [ -79.594, 56.771 ], [ -79.573, 56.818 ] ] ], [ [ [ -76.693, 57.072 ], [ -76.711, 57.196 ], [ -76.656, 57.14 ], [ -76.676, 57.109 ], [ -76.655, 57.067 ], [ -76.693, 57.072 ] ] ], [ [ [ -78.257, 57.194 ], [ -78.324, 57.172 ], [ -78.382, 57.174 ], [ -78.326, 57.208 ], [ -78.257, 57.194 ] ] ], [ [ [ -78.478, 57.288 ], [ -78.381, 57.329 ], [ -78.326, 57.318 ], [ -78.415, 57.279 ], [ -78.478, 57.288 ] ] ], [ [ [ -76.835, 57.426 ], [ -76.752, 57.37 ], [ -76.739, 57.284 ], [ -76.764, 57.285 ], [ -76.835, 57.426 ] ] ], [ [ [ -77.949, 58.333 ], [ -77.818, 58.309 ], [ -77.668, 58.245 ], [ -77.738, 58.25 ], [ -77.949, 58.333 ] ] ], [ [ [ -78.673, 58.632 ], [ -78.696, 58.697 ], [ -78.607, 58.635 ], [ -78.642, 58.635 ], [ -78.624, 58.616 ], [ -78.457, 58.539 ], [ -78.673, 58.632 ] ] ], [ [ [ -78.625, 58.773 ], [ -78.705, 58.78 ], [ -78.708, 58.786 ], [ -78.651, 58.802 ], [ -78.625, 58.773 ] ] ], [ [ [ -78.884, 58.81 ], [ -78.942, 58.838 ], [ -78.938, 58.865 ], [ -78.884, 58.81 ] ] ], [ [ [ -78.223, 60.813 ], [ -78.336, 60.759 ], [ -78.696, 60.714 ], [ -78.604, 60.78 ], [ -78.244, 60.835 ], [ -78.223, 60.813 ] ] ], [ [ [ -77.621, 62.588 ], [ -77.804, 62.548 ], [ -77.833, 62.603 ], [ -77.621, 62.588 ] ] ], [ [ [ -78.09, 62.588 ], [ -77.887, 62.599 ], [ -77.836, 62.562 ], [ -78.106, 62.565 ], [ -78.09, 62.588 ] ] ], [ [ [ -77.56, 63.185 ], [ -77.759, 63.11 ], [ -77.941, 63.087 ], [ -78.509, 63.375 ], [ -78.544, 63.449 ], [ -78.441, 63.519 ], [ -78.38, 63.455 ], [ -78.186, 63.493 ], [ -77.844, 63.472 ], [ -77.819, 63.452 ], [ -77.847, 63.439 ], [ -77.803, 63.428 ], [ -77.683, 63.439 ], [ -77.689, 63.418 ], [ -77.634, 63.404 ], [ -77.655, 63.398 ], [ -77.628, 63.355 ], [ -77.496, 63.276 ], [ -77.56, 63.185 ] ] ], [ [ [ -76.545, 63.467 ], [ -76.655, 63.439 ], [ -76.639, 63.42 ], [ -76.702, 63.37 ], [ -76.982, 63.407 ], [ -77.253, 63.549 ], [ -77.436, 63.596 ], [ -77.401, 63.602 ], [ -77.441, 63.619 ], [ -77.333, 63.63 ], [ -77.446, 63.661 ], [ -77.366, 63.701 ], [ -77.137, 63.665 ], [ -77.106, 63.67 ], [ -77.12, 63.685 ], [ -76.709, 63.568 ], [ -76.618, 63.522 ], [ -76.689, 63.486 ], [ -76.545, 63.467 ] ] ], [ [ [ -77.929, 64.02 ], [ -77.596, 64.041 ], [ -77.545, 64.028 ], [ -77.737, 63.932 ], [ -77.983, 63.972 ], [ -77.929, 64.02 ] ] ], [ [ [ -76.484, 64.181 ], [ -76.569, 64.206 ], [ -76.573, 64.234 ], [ -76.497, 64.243 ], [ -76.484, 64.181 ] ] ], [ [ [ -76.607, 64.221 ], [ -76.691, 64.252 ], [ -76.69, 64.264 ], [ -76.565, 64.254 ], [ -76.607, 64.221 ] ] ], [ [ [ -75.006, 68.137 ], [ -75.161, 67.953 ], [ -75.117, 67.866 ], [ -75.044, 67.817 ], [ -75.066, 67.732 ], [ -75.03, 67.618 ], [ -75.082, 67.533 ], [ -75.39, 67.358 ], [ -75.511, 67.361 ], [ -75.596, 67.311 ], [ -75.889, 67.258 ], [ -76.243, 67.27 ], [ -76.634, 67.228 ], [ -76.982, 67.243 ], [ -77.076, 67.286 ], [ -77.178, 67.426 ], [ -77.251, 67.454 ], [ -77.258, 67.523 ], [ -77.223, 67.543 ], [ -77.323, 67.708 ], [ -77.212, 67.87 ], [ -76.868, 68.159 ], [ -76.689, 68.263 ], [ -76.299, 68.335 ], [ -76.082, 68.298 ], [ -75.911, 68.345 ], [ -75.138, 68.236 ], [ -75.006, 68.137 ] ] ], [ [ [ -73.006, 66.818 ], [ -72.803, 67.043 ], [ -72.738, 67.068 ], [ -72.351, 67.119 ], [ -72.281, 67.169 ], [ -72.269, 67.244 ], [ -72.193, 67.276 ], [ -72.37, 67.331 ], [ -72.357, 67.365 ], [ -72.434, 67.475 ], [ -72.508, 67.502 ], [ -72.426, 67.543 ], [ -72.495, 67.598 ], [ -72.482, 67.618 ], [ -72.663, 67.685 ], [ -72.666, 67.722 ], [ -72.597, 67.745 ], [ -72.608, 67.786 ], [ -72.764, 67.88 ], [ -72.838, 67.851 ], [ -72.913, 67.906 ], [ -72.879, 67.934 ], [ -72.944, 67.932 ], [ -72.906, 67.961 ], [ -72.899, 68.023 ], [ -72.975, 68.14 ], [ -72.995, 68.236 ], [ -73.044, 68.236 ], [ -73.052, 68.203 ], [ -73.228, 68.242 ], [ -73.197, 68.254 ], [ -73.214, 68.278 ], [ -73.303, 68.291 ], [ -73.364, 68.248 ], [ -73.495, 68.277 ], [ -73.3, 68.332 ], [ -73.299, 68.375 ], [ -73.214, 68.379 ], [ -73.317, 68.4 ], [ -73.296, 68.386 ], [ -73.351, 68.376 ], [ -73.356, 68.335 ], [ -73.465, 68.333 ], [ -73.612, 68.277 ], [ -73.592, 68.256 ], [ -73.619, 68.25 ], [ -73.688, 68.277 ], [ -73.584, 68.304 ], [ -73.831, 68.344 ], [ -73.947, 68.413 ], [ -73.861, 68.498 ], [ -73.739, 68.519 ], [ -73.729, 68.54 ], [ -73.817, 68.571 ], [ -73.722, 68.616 ], [ -73.825, 68.62 ], [ -73.708, 68.66 ], [ -73.797, 68.667 ], [ -73.756, 68.687 ], [ -74.188, 68.729 ], [ -73.885, 68.555 ], [ -73.986, 68.495 ], [ -74.025, 68.507 ], [ -74.003, 68.537 ], [ -74.22, 68.516 ], [ -74.505, 68.6 ], [ -74.538, 68.665 ], [ -74.721, 68.736 ], [ -74.718, 68.774 ], [ -74.579, 68.801 ], [ -74.551, 68.825 ], [ -74.574, 68.842 ], [ -74.687, 68.845 ], [ -74.75, 68.818 ], [ -74.633, 68.804 ], [ -74.825, 68.777 ], [ -74.983, 68.811 ], [ -74.685, 68.88 ], [ -74.702, 68.907 ], [ -74.674, 68.921 ], [ -74.703, 68.938 ], [ -75.044, 68.907 ], [ -74.845, 68.94 ], [ -75.044, 68.934 ], [ -74.859, 68.968 ], [ -75.024, 68.955 ], [ -74.941, 68.998 ], [ -74.64, 69.024 ], [ -74.809, 69.083 ], [ -75.052, 69.009 ], [ -75.116, 68.893 ], [ -75.202, 68.897 ], [ -75.486, 69.022 ], [ -75.57, 68.987 ], [ -75.497, 68.934 ], [ -75.607, 68.886 ], [ -75.935, 68.825 ], [ -76.326, 68.698 ], [ -76.625, 68.682 ], [ -76.682, 68.729 ], [ -76.673, 68.766 ], [ -76.573, 68.821 ], [ -76.534, 68.881 ], [ -76.645, 68.917 ], [ -76.638, 69.016 ], [ -76.422, 69.06 ], [ -75.99, 69.011 ], [ -75.812, 69.083 ], [ -75.621, 69.088 ], [ -75.572, 69.157 ], [ -75.596, 69.229 ], [ -75.687, 69.287 ], [ -75.962, 69.373 ], [ -76.168, 69.414 ], [ -76.391, 69.405 ], [ -76.452, 69.469 ], [ -76.63, 69.546 ], [ -76.616, 69.592 ], [ -76.47, 69.658 ], [ -76.21, 69.619 ], [ -76.229, 69.638 ], [ -76.182, 69.668 ], [ -76.361, 69.671 ], [ -76.415, 69.702 ], [ -76.622, 69.689 ], [ -76.641, 69.674 ], [ -76.517, 69.668 ], [ -76.575, 69.623 ], [ -76.644, 69.623 ], [ -76.703, 69.565 ], [ -76.882, 69.591 ], [ -76.819, 69.633 ], [ -76.984, 69.597 ], [ -77.203, 69.647 ], [ -77.137, 69.686 ], [ -76.901, 69.715 ], [ -76.942, 69.682 ], [ -76.873, 69.687 ], [ -76.795, 69.722 ], [ -76.785, 69.75 ], [ -76.901, 69.777 ], [ -76.889, 69.802 ], [ -76.757, 69.819 ], [ -76.777, 69.836 ], [ -77.073, 69.819 ], [ -76.997, 69.86 ], [ -77.05, 69.858 ], [ -77.15, 69.818 ], [ -77.313, 69.842 ], [ -76.976, 69.942 ], [ -77.634, 69.825 ], [ -77.519, 69.832 ], [ -77.442, 69.791 ], [ -77.518, 69.798 ], [ -77.546, 69.754 ], [ -77.614, 69.743 ], [ -77.683, 69.825 ], [ -77.698, 69.994 ], [ -77.67, 70.09 ], [ -77.704, 70.201 ], [ -77.892, 70.264 ], [ -78.056, 70.222 ], [ -78.197, 70.257 ], [ -78.134, 70.225 ], [ -78.152, 70.202 ], [ -78.242, 70.213 ], [ -78.231, 70.23 ], [ -78.408, 70.216 ], [ -78.427, 70.257 ], [ -78.539, 70.312 ], [ -78.388, 70.339 ], [ -78.536, 70.357 ], [ -78.58, 70.346 ], [ -78.559, 70.318 ], [ -78.582, 70.314 ], [ -78.663, 70.353 ], [ -78.635, 70.38 ], [ -78.7, 70.383 ], [ -78.745, 70.456 ], [ -78.833, 70.447 ], [ -78.892, 70.48 ], [ -78.909, 70.449 ], [ -78.868, 70.415 ], [ -78.897, 70.417 ], [ -79.101, 70.503 ], [ -79.039, 70.518 ], [ -79.08, 70.538 ], [ -78.882, 70.552 ], [ -78.998, 70.565 ], [ -78.882, 70.601 ], [ -78.782, 70.556 ], [ -78.717, 70.552 ], [ -78.84, 70.636 ], [ -78.959, 70.631 ], [ -79.016, 70.682 ], [ -79.155, 70.632 ], [ -79.003, 70.619 ], [ -79.176, 70.518 ], [ -79.143, 70.511 ], [ -79.149, 70.456 ], [ -79.213, 70.421 ], [ -79.347, 70.449 ], [ -79.293, 70.455 ], [ -79.296, 70.494 ], [ -79.224, 70.531 ], [ -79.231, 70.559 ], [ -79.313, 70.545 ], [ -79.279, 70.524 ], [ -79.317, 70.483 ], [ -79.424, 70.492 ], [ -79.389, 70.463 ], [ -79.406, 70.44 ], [ -79.504, 70.461 ], [ -79.591, 70.411 ], [ -79.45, 70.353 ], [ -79.331, 70.368 ], [ -79.128, 70.309 ], [ -79.046, 70.343 ], [ -78.925, 70.302 ], [ -78.756, 70.182 ], [ -78.737, 70.078 ], [ -78.665, 70.014 ], [ -78.7, 69.931 ], [ -78.8, 69.88 ], [ -79.432, 69.884 ], [ -79.681, 69.849 ], [ -79.906, 69.983 ], [ -80.012, 69.946 ], [ -80.068, 70.004 ], [ -80.367, 69.994 ], [ -80.55, 70.048 ], [ -81.009, 70.063 ], [ -81.072, 70.099 ], [ -81.762, 70.123 ], [ -81.445, 70.005 ], [ -81.338, 70.037 ], [ -81.193, 70.001 ], [ -81.125, 69.929 ], [ -80.77, 69.782 ], [ -80.794, 69.747 ], [ -80.951, 69.715 ], [ -81.176, 69.829 ], [ -81.579, 69.933 ], [ -81.568, 69.97 ], [ -81.753, 69.973 ], [ -82.118, 70.117 ], [ -82.554, 70.186 ], [ -83.048, 70.312 ], [ -82.815, 70.208 ], [ -82.246, 70.113 ], [ -82.059, 70.059 ], [ -81.967, 69.998 ], [ -81.712, 69.935 ], [ -81.767, 69.907 ], [ -81.739, 69.88 ], [ -81.856, 69.887 ], [ -81.965, 69.845 ], [ -82.025, 69.874 ], [ -82.144, 69.825 ], [ -82.138, 69.786 ], [ -82.329, 69.825 ], [ -82.205, 69.832 ], [ -82.394, 69.864 ], [ -82.441, 69.844 ], [ -83.052, 70.01 ], [ -83.267, 70.017 ], [ -83.673, 69.946 ], [ -84.055, 69.989 ], [ -84.695, 70.007 ], [ -84.834, 70.036 ], [ -84.871, 70.079 ], [ -84.79, 70.1 ], [ -84.812, 70.119 ], [ -84.952, 70.067 ], [ -85.369, 70.109 ], [ -85.8, 70.1 ], [ -85.875, 70.072 ], [ -85.827, 70.05 ], [ -85.609, 70.078 ], [ -85.235, 69.996 ], [ -85.591, 70.017 ], [ -85.783, 69.995 ], [ -86.27, 70.113 ], [ -86.55, 70.236 ], [ -86.577, 70.318 ], [ -86.554, 70.342 ], [ -86.591, 70.367 ], [ -86.495, 70.43 ], [ -86.297, 70.477 ], [ -86.371, 70.527 ], [ -86.393, 70.524 ], [ -86.338, 70.49 ], [ -86.664, 70.38 ], [ -86.639, 70.325 ], [ -86.883, 70.336 ], [ -86.899, 70.359 ], [ -86.742, 70.387 ], [ -86.902, 70.385 ], [ -86.94, 70.408 ], [ -86.872, 70.408 ], [ -86.995, 70.435 ], [ -86.92, 70.456 ], [ -86.975, 70.473 ], [ -87.249, 70.394 ], [ -87.01, 70.374 ], [ -86.974, 70.353 ], [ -86.974, 70.29 ], [ -87.78, 70.332 ], [ -87.798, 70.315 ], [ -87.612, 70.284 ], [ -87.853, 70.238 ], [ -88.263, 70.332 ], [ -88.195, 70.353 ], [ -87.972, 70.301 ], [ -87.879, 70.318 ], [ -87.904, 70.329 ], [ -88.405, 70.451 ], [ -88.694, 70.465 ], [ -88.907, 70.545 ], [ -89.01, 70.661 ], [ -89.298, 70.777 ], [ -89.449, 70.908 ], [ -89.188, 70.963 ], [ -89.558, 71.093 ], [ -89.228, 71.077 ], [ -89.222, 71.052 ], [ -89.126, 71.032 ], [ -88.642, 71.055 ], [ -88.411, 71.027 ], [ -88.325, 70.958 ], [ -87.893, 70.935 ], [ -87.688, 70.962 ], [ -87.359, 70.949 ], [ -87.282, 71.009 ], [ -87.002, 70.997 ], [ -87.394, 71.049 ], [ -87.749, 71.141 ], [ -87.85, 71.194 ], [ -87.818, 71.257 ], [ -87.864, 71.275 ], [ -88.081, 71.21 ], [ -89.853, 71.339 ], [ -90.004, 71.456 ], [ -89.982, 71.47 ], [ -90.01, 71.518 ], [ -89.959, 71.535 ], [ -90.045, 71.597 ], [ -89.798, 71.765 ], [ -89.914, 71.799 ], [ -89.88, 71.812 ], [ -89.952, 71.823 ], [ -89.956, 71.853 ], [ -90.119, 71.929 ], [ -89.997, 71.99 ], [ -90.004, 72.025 ], [ -89.969, 72.039 ], [ -89.993, 72.072 ], [ -89.762, 72.126 ], [ -89.673, 72.113 ], [ -89.578, 72.162 ], [ -89.901, 72.19 ], [ -89.963, 72.257 ], [ -89.933, 72.27 ], [ -89.951, 72.334 ], [ -89.833, 72.403 ], [ -89.913, 72.426 ], [ -89.788, 72.424 ], [ -89.888, 72.449 ], [ -89.791, 72.475 ], [ -89.784, 72.573 ], [ -89.735, 72.621 ], [ -89.587, 72.617 ], [ -89.549, 72.64 ], [ -89.565, 72.662 ], [ -89.468, 72.669 ], [ -89.567, 72.7 ], [ -89.586, 72.724 ], [ -89.552, 72.765 ], [ -89.578, 72.792 ], [ -89.277, 72.758 ], [ -89.291, 72.779 ], [ -89.25, 72.792 ], [ -89.414, 72.831 ], [ -89.298, 72.921 ], [ -89.361, 72.98 ], [ -89.301, 73.019 ], [ -89.215, 73.013 ], [ -89.312, 73.052 ], [ -89.218, 73.132 ], [ -89.126, 73.148 ], [ -89.181, 73.156 ], [ -89.148, 73.186 ], [ -89.041, 73.219 ], [ -88.887, 73.217 ], [ -89.051, 73.252 ], [ -88.863, 73.306 ], [ -88.619, 73.286 ], [ -88.859, 73.334 ], [ -88.687, 73.423 ], [ -87.764, 73.717 ], [ -87.134, 73.803 ], [ -86.558, 73.855 ], [ -85.106, 73.812 ], [ -84.837, 73.745 ], [ -84.952, 73.668 ], [ -85.577, 73.512 ], [ -86.03, 73.302 ], [ -86.292, 73.116 ], [ -86.283, 73.087 ], [ -86.332, 73.044 ], [ -86.673, 72.847 ], [ -86.738, 72.731 ], [ -86.68, 72.683 ], [ -86.706, 72.668 ], [ -86.68, 72.646 ], [ -86.326, 72.504 ], [ -86.242, 72.423 ], [ -86.432, 72.277 ], [ -86.46, 72.203 ], [ -86.408, 72.006 ], [ -86.334, 71.987 ], [ -86.31, 71.936 ], [ -86.111, 71.784 ], [ -85.759, 71.653 ], [ -85.497, 71.514 ], [ -84.948, 71.423 ], [ -84.919, 71.391 ], [ -84.944, 71.344 ], [ -84.887, 71.344 ], [ -84.838, 71.287 ], [ -85.193, 71.299 ], [ -85.276, 71.285 ], [ -85.172, 71.27 ], [ -85.472, 71.23 ], [ -85.395, 71.226 ], [ -85.406, 71.197 ], [ -85.471, 71.21 ], [ -85.543, 71.181 ], [ -85.7, 71.21 ], [ -85.945, 71.181 ], [ -86.308, 71.056 ], [ -86.824, 70.991 ], [ -86.285, 71.006 ], [ -85.769, 71.149 ], [ -85.484, 71.175 ], [ -85.182, 71.141 ], [ -85.09, 71.154 ], [ -85.125, 71.182 ], [ -85.014, 71.162 ], [ -84.988, 71.168 ], [ -85.043, 71.189 ], [ -84.973, 71.196 ], [ -84.857, 71.16 ], [ -84.878, 71.072 ], [ -84.982, 71.108 ], [ -85.145, 71.086 ], [ -84.96, 71.079 ], [ -85.008, 71.052 ], [ -84.931, 71.001 ], [ -84.978, 70.95 ], [ -84.968, 70.924 ], [ -84.799, 70.928 ], [ -84.753, 70.976 ], [ -84.829, 71.086 ], [ -84.797, 71.185 ], [ -84.665, 71.223 ], [ -84.799, 71.288 ], [ -84.741, 71.38 ], [ -84.761, 71.408 ], [ -84.528, 71.473 ], [ -84.563, 71.555 ], [ -84.645, 71.584 ], [ -84.658, 71.613 ], [ -84.603, 71.648 ], [ -84.622, 71.666 ], [ -84.871, 71.675 ], [ -84.844, 71.655 ], [ -84.892, 71.633 ], [ -85.258, 71.668 ], [ -85.583, 71.792 ], [ -85.438, 71.815 ], [ -85.556, 71.902 ], [ -86.021, 71.984 ], [ -86.051, 72.015 ], [ -85.96, 71.984 ], [ -85.987, 72.031 ], [ -85.721, 72.011 ], [ -85.782, 72.039 ], [ -85.498, 72.08 ], [ -85.542, 72.128 ], [ -85.399, 72.134 ], [ -85.508, 72.175 ], [ -85.501, 72.214 ], [ -85.542, 72.237 ], [ -85.419, 72.217 ], [ -85.501, 72.251 ], [ -85.476, 72.266 ], [ -85.22, 72.257 ], [ -85.241, 72.251 ], [ -85.218, 72.236 ], [ -85.099, 72.255 ], [ -85.111, 72.231 ], [ -85.036, 72.255 ], [ -84.862, 72.22 ], [ -84.271, 72.025 ], [ -84.207, 71.939 ], [ -84.172, 71.951 ], [ -84.158, 71.984 ], [ -84.192, 72.011 ], [ -84.165, 72.025 ], [ -84.412, 72.121 ], [ -84.377, 72.134 ], [ -84.59, 72.162 ], [ -84.747, 72.231 ], [ -84.69, 72.244 ], [ -84.939, 72.292 ], [ -84.814, 72.358 ], [ -84.569, 72.354 ], [ -84.432, 72.382 ], [ -84.873, 72.374 ], [ -84.878, 72.402 ], [ -84.804, 72.41 ], [ -84.78, 72.462 ], [ -85.132, 72.354 ], [ -85.118, 72.388 ], [ -85.515, 72.463 ], [ -85.618, 72.545 ], [ -85.474, 72.58 ], [ -85.633, 72.593 ], [ -85.706, 72.638 ], [ -85.69, 72.691 ], [ -85.714, 72.738 ], [ -85.652, 72.871 ], [ -85.682, 72.894 ], [ -85.571, 72.972 ], [ -85.318, 72.963 ], [ -83.953, 72.758 ], [ -85.09, 72.985 ], [ -85.063, 72.991 ], [ -85.118, 73.033 ], [ -85.172, 73.012 ], [ -85.536, 73.026 ], [ -85.464, 73.112 ], [ -85.393, 73.14 ], [ -85.335, 73.095 ], [ -85.125, 73.052 ], [ -85.227, 73.131 ], [ -85.175, 73.149 ], [ -84.459, 73.062 ], [ -83.861, 73.037 ], [ -83.638, 72.985 ], [ -83.795, 73.047 ], [ -84.569, 73.115 ], [ -85.193, 73.231 ], [ -85.113, 73.322 ], [ -84.797, 73.391 ], [ -84.631, 73.3 ], [ -84.343, 73.231 ], [ -84.573, 73.322 ], [ -84.658, 73.395 ], [ -84.182, 73.478 ], [ -83.781, 73.436 ], [ -83.721, 73.401 ], [ -83.74, 73.395 ], [ -83.679, 73.322 ], [ -83.605, 73.301 ], [ -83.596, 73.326 ], [ -83.643, 73.361 ], [ -83.63, 73.423 ], [ -83.665, 73.456 ], [ -84.008, 73.505 ], [ -83.357, 73.643 ], [ -83.057, 73.649 ], [ -82.831, 73.737 ], [ -81.528, 73.716 ], [ -81.229, 73.54 ], [ -81.182, 73.37 ], [ -81.218, 73.293 ], [ -81.188, 73.265 ], [ -80.62, 73.16 ], [ -80.55, 73.095 ], [ -80.596, 73.046 ], [ -80.581, 73.026 ], [ -80.657, 72.977 ], [ -80.64, 72.928 ], [ -80.506, 72.84 ], [ -80.321, 72.806 ], [ -80.245, 72.738 ], [ -80.558, 72.628 ], [ -80.526, 72.58 ], [ -80.951, 72.457 ], [ -81.178, 72.341 ], [ -81.205, 72.292 ], [ -81.383, 72.244 ], [ -81.242, 72.261 ], [ -80.889, 72.436 ], [ -80.556, 72.516 ], [ -80.506, 72.498 ], [ -80.512, 72.382 ], [ -80.752, 72.309 ], [ -80.832, 72.261 ], [ -80.856, 72.231 ], [ -80.835, 72.21 ], [ -80.972, 72.203 ], [ -80.567, 72.082 ], [ -81.026, 72.093 ], [ -80.992, 72.073 ], [ -81.088, 72.053 ], [ -80.841, 72.054 ], [ -80.8, 72.018 ], [ -80.845, 71.939 ], [ -80.985, 71.888 ], [ -80.764, 71.937 ], [ -80.759, 71.984 ], [ -80.397, 72.05 ], [ -80.354, 72.075 ], [ -80.365, 72.111 ], [ -80.483, 72.181 ], [ -80.238, 72.21 ], [ -80.307, 72.257 ], [ -80.245, 72.3 ], [ -80.005, 72.183 ], [ -79.676, 72.128 ], [ -79.93, 72.196 ], [ -80.17, 72.326 ], [ -80.049, 72.398 ], [ -79.875, 72.429 ], [ -79.868, 72.491 ], [ -79.819, 72.506 ], [ -79.691, 72.47 ], [ -79.773, 72.416 ], [ -79.594, 72.341 ], [ -79.774, 72.249 ], [ -79.768, 72.222 ], [ -79.546, 72.275 ], [ -79.45, 72.196 ], [ -79.482, 72.263 ], [ -79.546, 72.292 ], [ -79.332, 72.402 ], [ -79.042, 72.288 ], [ -78.957, 72.283 ], [ -78.984, 72.231 ], [ -78.943, 72.196 ], [ -79.003, 72.155 ], [ -79.039, 72.073 ], [ -79.231, 71.976 ], [ -79.152, 71.956 ], [ -79.067, 71.976 ], [ -78.504, 71.874 ], [ -78.59, 71.905 ], [ -78.602, 71.943 ], [ -78.914, 72.014 ], [ -78.862, 72.106 ], [ -78.88, 72.159 ], [ -78.83, 72.173 ], [ -78.504, 72.1 ], [ -78.438, 72.045 ], [ -78.385, 71.94 ], [ -78.209, 71.824 ], [ -77.909, 71.771 ], [ -78.171, 71.85 ], [ -78.299, 71.917 ], [ -78.308, 71.95 ], [ -78.154, 71.972 ], [ -77.977, 71.847 ], [ -77.82, 71.804 ], [ -77.748, 71.752 ], [ -77.696, 71.812 ], [ -77.889, 71.844 ], [ -78.125, 71.977 ], [ -78.295, 71.977 ], [ -78.429, 72.12 ], [ -78.875, 72.231 ], [ -78.751, 72.285 ], [ -78.813, 72.313 ], [ -78.805, 72.338 ], [ -78.604, 72.358 ], [ -78.512, 72.326 ], [ -78.539, 72.306 ], [ -78.532, 72.251 ], [ -78.428, 72.179 ], [ -78.392, 72.186 ], [ -78.477, 72.244 ], [ -78.471, 72.319 ], [ -78.409, 72.329 ], [ -77.691, 72.217 ], [ -77.621, 72.138 ], [ -77.661, 72.1 ], [ -77.6, 72.125 ], [ -77.621, 72.175 ], [ -77.59, 72.183 ], [ -77.298, 72.19 ], [ -76.997, 72.134 ], [ -77.272, 72.196 ], [ -77.548, 72.199 ], [ -77.826, 72.278 ], [ -78.227, 72.338 ], [ -78.555, 72.445 ], [ -78.559, 72.511 ], [ -78.427, 72.594 ], [ -77.601, 72.756 ], [ -76.784, 72.729 ], [ -76.675, 72.689 ], [ -76.652, 72.639 ], [ -76.17, 72.591 ], [ -76.168, 72.539 ], [ -76.103, 72.48 ], [ -76.037, 72.491 ], [ -76.07, 72.555 ], [ -75.94, 72.592 ], [ -75.198, 72.498 ], [ -75.153, 72.416 ], [ -74.942, 72.257 ], [ -75.246, 72.128 ], [ -75.639, 72.145 ], [ -76.029, 72.089 ], [ -76.152, 71.989 ], [ -76.415, 71.861 ], [ -76.358, 71.856 ], [ -76.087, 71.989 ], [ -76.005, 72.059 ], [ -75.658, 72.124 ], [ -75.222, 72.069 ], [ -75.585, 72.004 ], [ -75.692, 71.843 ], [ -75.805, 71.758 ], [ -76.1, 71.696 ], [ -75.866, 71.708 ], [ -75.671, 71.817 ], [ -75.551, 71.984 ], [ -75.196, 72.024 ], [ -75.063, 72.128 ], [ -74.242, 72.08 ], [ -74.118, 71.967 ], [ -74.209, 71.916 ], [ -74.173, 71.865 ], [ -74.215, 71.837 ], [ -74.414, 71.806 ], [ -74.551, 71.832 ], [ -74.578, 71.826 ], [ -74.551, 71.799 ], [ -74.71, 71.739 ], [ -74.905, 71.712 ], [ -75.352, 71.7 ], [ -75.394, 71.675 ], [ -75.085, 71.703 ], [ -74.97, 71.691 ], [ -74.94, 71.662 ], [ -75.414, 71.525 ], [ -74.899, 71.626 ], [ -74.716, 71.702 ], [ -74.649, 71.679 ], [ -74.635, 71.655 ], [ -74.732, 71.583 ], [ -75.02, 71.543 ], [ -75.153, 71.47 ], [ -75.026, 71.521 ], [ -74.844, 71.523 ], [ -74.825, 71.49 ], [ -74.928, 71.456 ], [ -74.745, 71.441 ], [ -74.705, 71.395 ], [ -75.099, 71.195 ], [ -75.046, 71.187 ], [ -74.631, 71.39 ], [ -74.743, 71.514 ], [ -74.728, 71.544 ], [ -74.619, 71.558 ], [ -74.523, 71.663 ], [ -74.419, 71.671 ], [ -74.282, 71.735 ], [ -74.108, 71.738 ], [ -74.121, 71.688 ], [ -74.249, 71.609 ], [ -74.236, 71.566 ], [ -74.146, 71.539 ], [ -74.217, 71.621 ], [ -74.114, 71.653 ], [ -73.996, 71.754 ], [ -73.722, 71.778 ], [ -73.68, 71.723 ], [ -73.621, 71.773 ], [ -73.596, 71.764 ], [ -73.625, 71.719 ], [ -73.803, 71.658 ], [ -73.805, 71.628 ], [ -73.877, 71.616 ], [ -73.975, 71.545 ], [ -74.016, 71.49 ], [ -73.996, 71.462 ], [ -74.102, 71.466 ], [ -74.318, 71.415 ], [ -74.03, 71.442 ], [ -74.07, 71.398 ], [ -74.072, 71.337 ], [ -74.181, 71.313 ], [ -74.097, 71.283 ], [ -74.242, 71.203 ], [ -74.003, 71.326 ], [ -74.009, 71.371 ], [ -73.9, 71.456 ], [ -73.866, 71.535 ], [ -73.688, 71.593 ], [ -73.564, 71.558 ], [ -73.653, 71.442 ], [ -73.586, 71.396 ], [ -73.639, 71.361 ], [ -73.526, 71.38 ], [ -73.461, 71.442 ], [ -73.379, 71.387 ], [ -73.494, 71.372 ], [ -73.662, 71.267 ], [ -73.748, 71.09 ], [ -73.9, 71.059 ], [ -73.694, 71.086 ], [ -73.622, 71.233 ], [ -73.439, 71.314 ], [ -73.441, 71.347 ], [ -73.05, 71.27 ], [ -73.276, 71.223 ], [ -73.242, 71.154 ], [ -73.29, 71.1 ], [ -73.455, 71.032 ], [ -73.379, 70.983 ], [ -73.4, 71.045 ], [ -73.287, 71.072 ], [ -73.17, 71.171 ], [ -73.169, 71.227 ], [ -72.995, 71.254 ], [ -72.96, 71.336 ], [ -72.995, 71.408 ], [ -72.755, 71.436 ], [ -72.838, 71.511 ], [ -72.639, 71.545 ], [ -72.601, 71.636 ], [ -72.549, 71.665 ], [ -71.544, 71.505 ], [ -71.117, 71.27 ], [ -71.344, 71.168 ], [ -71.471, 71.066 ], [ -71.861, 71.113 ], [ -72.045, 71.085 ], [ -72.112, 71.058 ], [ -72.1, 71.021 ], [ -72.182, 70.966 ], [ -72.297, 70.947 ], [ -72.356, 70.879 ], [ -72.776, 70.818 ], [ -72.303, 70.873 ], [ -72.165, 70.84 ], [ -72.337, 70.758 ], [ -72.316, 70.73 ], [ -72.365, 70.689 ], [ -72.625, 70.634 ], [ -72.556, 70.634 ], [ -72.571, 70.613 ], [ -72.328, 70.675 ], [ -72.211, 70.765 ], [ -71.591, 70.873 ], [ -71.323, 70.887 ], [ -71.174, 70.857 ], [ -71.289, 70.908 ], [ -71.202, 71.007 ], [ -70.862, 71.109 ], [ -70.621, 71.069 ], [ -70.521, 70.914 ], [ -70.713, 70.84 ], [ -70.749, 70.755 ], [ -70.806, 70.724 ], [ -71.067, 70.676 ], [ -71.212, 70.582 ], [ -71.576, 70.613 ], [ -71.593, 70.548 ], [ -71.727, 70.497 ], [ -71.748, 70.449 ], [ -71.967, 70.421 ], [ -71.73, 70.425 ], [ -71.745, 70.357 ], [ -71.851, 70.298 ], [ -71.824, 70.294 ], [ -71.672, 70.373 ], [ -71.638, 70.456 ], [ -71.659, 70.47 ], [ -71.508, 70.546 ], [ -71.515, 70.579 ], [ -71.169, 70.535 ], [ -71.275, 70.343 ], [ -71.323, 70.318 ], [ -71.275, 70.27 ], [ -71.542, 70.024 ], [ -71.353, 70.123 ], [ -71.248, 70.222 ], [ -71.21, 70.271 ], [ -71.228, 70.305 ], [ -71.07, 70.518 ], [ -70.987, 70.531 ], [ -71.056, 70.552 ], [ -70.985, 70.634 ], [ -69.915, 70.88 ], [ -69.774, 70.856 ], [ -69.957, 70.735 ], [ -70.206, 70.657 ], [ -70.449, 70.635 ], [ -70.48, 70.613 ], [ -70.401, 70.528 ], [ -70.494, 70.483 ], [ -70.31, 70.503 ], [ -70.412, 70.606 ], [ -70.394, 70.615 ], [ -70.076, 70.613 ], [ -70.053, 70.635 ], [ -70.041, 70.597 ], [ -69.98, 70.654 ], [ -69.774, 70.689 ], [ -69.809, 70.703 ], [ -69.782, 70.719 ], [ -69.682, 70.685 ], [ -69.616, 70.764 ], [ -69.473, 70.791 ], [ -69.203, 70.779 ], [ -69.098, 70.723 ], [ -68.362, 70.584 ], [ -68.291, 70.554 ], [ -68.281, 70.518 ], [ -68.435, 70.422 ], [ -68.459, 70.373 ], [ -68.566, 70.394 ], [ -68.552, 70.461 ], [ -68.591, 70.467 ], [ -68.673, 70.423 ], [ -68.653, 70.362 ], [ -68.72, 70.322 ], [ -69.47, 70.248 ], [ -69.808, 70.167 ], [ -69.901, 70.093 ], [ -70.089, 70.068 ], [ -70.18, 70.02 ], [ -69.951, 70.059 ], [ -69.856, 70.033 ], [ -69.832, 69.983 ], [ -70.001, 69.996 ], [ -70.144, 69.97 ], [ -70.224, 69.946 ], [ -70.242, 69.907 ], [ -70.473, 69.845 ], [ -70.336, 69.853 ], [ -70.053, 69.964 ], [ -69.758, 69.973 ], [ -69.74, 70.003 ], [ -69.802, 70.068 ], [ -69.683, 70.14 ], [ -69.014, 70.189 ], [ -69.13, 70.216 ], [ -69.1, 70.22 ], [ -68.707, 70.209 ], [ -68.644, 70.147 ], [ -68.76, 70.106 ], [ -68.732, 70.079 ], [ -68.791, 70.041 ], [ -69.122, 69.975 ], [ -69.408, 69.829 ], [ -69.788, 69.832 ], [ -69.991, 69.677 ], [ -70.008, 69.626 ], [ -69.982, 69.618 ], [ -69.747, 69.804 ], [ -69.391, 69.784 ], [ -69.103, 69.92 ], [ -68.928, 69.955 ], [ -68.649, 69.943 ], [ -68.671, 69.983 ], [ -68.534, 70.037 ], [ -68.565, 70.053 ], [ -68.337, 70.069 ], [ -68.191, 70.127 ], [ -68.325, 70.142 ], [ -68.294, 70.168 ], [ -68.349, 70.189 ], [ -68.294, 70.189 ], [ -68.323, 70.223 ], [ -68.176, 70.283 ], [ -68.157, 70.318 ], [ -68.055, 70.325 ], [ -67.809, 70.264 ], [ -67.546, 70.148 ], [ -67.225, 69.948 ], [ -67.217, 69.88 ], [ -67.115, 69.729 ], [ -67.347, 69.717 ], [ -67.747, 69.783 ], [ -68.013, 69.776 ], [ -68.225, 69.71 ], [ -68.254, 69.667 ], [ -68.349, 69.633 ], [ -68.726, 69.647 ], [ -69.261, 69.535 ], [ -69.706, 69.572 ], [ -70.022, 69.537 ], [ -69.886, 69.507 ], [ -69.658, 69.551 ], [ -69.291, 69.509 ], [ -68.766, 69.592 ], [ -68.587, 69.591 ], [ -68.005, 69.462 ], [ -67.228, 69.464 ], [ -66.788, 69.34 ], [ -66.649, 69.222 ], [ -66.742, 69.137 ], [ -66.978, 69.177 ], [ -67.159, 69.185 ], [ -67.212, 69.148 ], [ -67.356, 69.193 ], [ -67.51, 69.161 ], [ -67.678, 69.177 ], [ -68.198, 69.311 ], [ -68.346, 69.298 ], [ -69.014, 69.359 ], [ -69.261, 69.277 ], [ -68.952, 69.339 ], [ -68.417, 69.276 ], [ -68.218, 69.284 ], [ -68.083, 69.22 ], [ -68.964, 69.223 ], [ -68.507, 69.201 ], [ -68.705, 69.14 ], [ -69.07, 69.114 ], [ -69.096, 69.092 ], [ -68.925, 69.106 ], [ -69.018, 68.968 ], [ -68.933, 68.996 ], [ -68.864, 69.092 ], [ -68.373, 69.18 ], [ -67.704, 69.024 ], [ -67.952, 69.006 ], [ -68.001, 68.972 ], [ -68.24, 69.006 ], [ -68.551, 68.984 ], [ -68.04, 68.948 ], [ -68.089, 68.907 ], [ -67.973, 68.866 ], [ -67.999, 68.856 ], [ -68.493, 68.899 ], [ -67.773, 68.784 ], [ -67.878, 68.771 ], [ -68.583, 68.85 ], [ -68.609, 68.839 ], [ -68.493, 68.797 ], [ -68.62, 68.786 ], [ -69.302, 68.883 ], [ -69.398, 68.858 ], [ -69.151, 68.831 ], [ -69.383, 68.818 ], [ -68.96, 68.797 ], [ -68.96, 68.763 ], [ -69.0, 68.756 ], [ -68.973, 68.742 ], [ -68.876, 68.768 ], [ -68.547, 68.753 ], [ -68.048, 68.687 ], [ -68.171, 68.674 ], [ -68.075, 68.646 ], [ -68.106, 68.63 ], [ -68.226, 68.66 ], [ -68.361, 68.63 ], [ -68.644, 68.665 ], [ -68.904, 68.605 ], [ -68.797, 68.593 ], [ -68.63, 68.639 ], [ -68.477, 68.606 ], [ -68.76, 68.571 ], [ -68.459, 68.564 ], [ -68.379, 68.601 ], [ -68.143, 68.579 ], [ -68.119, 68.541 ], [ -68.003, 68.529 ], [ -67.933, 68.56 ], [ -67.908, 68.456 ], [ -67.958, 68.4 ], [ -67.896, 68.434 ], [ -67.859, 68.55 ], [ -67.664, 68.565 ], [ -67.492, 68.53 ], [ -67.63, 68.493 ], [ -67.606, 68.384 ], [ -67.551, 68.428 ], [ -67.575, 68.489 ], [ -67.549, 68.492 ], [ -67.376, 68.475 ], [ -67.329, 68.501 ], [ -67.273, 68.454 ], [ -67.242, 68.491 ], [ -67.191, 68.434 ], [ -67.341, 68.413 ], [ -67.125, 68.413 ], [ -67.094, 68.454 ], [ -67.129, 68.482 ], [ -66.989, 68.444 ], [ -66.863, 68.466 ], [ -66.664, 68.441 ], [ -66.788, 68.432 ], [ -66.8, 68.406 ], [ -66.894, 68.422 ], [ -67.022, 68.362 ], [ -67.403, 68.397 ], [ -67.794, 68.338 ], [ -67.876, 68.283 ], [ -67.851, 68.262 ], [ -67.749, 68.318 ], [ -67.527, 68.345 ], [ -67.575, 68.318 ], [ -67.575, 68.277 ], [ -67.682, 68.242 ], [ -67.561, 68.256 ], [ -67.536, 68.308 ], [ -67.404, 68.355 ], [ -67.331, 68.35 ], [ -67.335, 68.324 ], [ -67.22, 68.361 ], [ -67.033, 68.327 ], [ -67.012, 68.318 ], [ -67.239, 68.297 ], [ -67.317, 68.255 ], [ -67.328, 68.187 ], [ -67.385, 68.154 ], [ -67.602, 68.167 ], [ -67.38, 68.129 ], [ -67.275, 68.195 ], [ -67.294, 68.242 ], [ -67.065, 68.296 ], [ -66.788, 68.249 ], [ -66.779, 68.214 ], [ -66.845, 68.162 ], [ -66.827, 68.132 ], [ -66.958, 68.075 ], [ -66.971, 68.037 ], [ -66.932, 68.02 ], [ -66.907, 68.065 ], [ -66.693, 68.145 ], [ -66.677, 68.05 ], [ -66.739, 67.989 ], [ -66.668, 68.008 ], [ -66.581, 68.148 ], [ -66.314, 68.129 ], [ -66.334, 68.096 ], [ -66.478, 68.078 ], [ -66.248, 68.085 ], [ -66.183, 68.016 ], [ -66.328, 67.975 ], [ -66.414, 67.869 ], [ -66.746, 67.879 ], [ -66.423, 67.836 ], [ -66.389, 67.781 ], [ -66.354, 67.81 ], [ -66.342, 67.906 ], [ -66.279, 67.961 ], [ -65.956, 68.042 ], [ -65.963, 68.146 ], [ -65.928, 68.165 ], [ -65.867, 68.111 ], [ -65.903, 68.085 ], [ -65.855, 68.081 ], [ -66.032, 67.961 ], [ -65.944, 67.9 ], [ -66.032, 67.728 ], [ -66.012, 67.637 ], [ -65.95, 67.727 ], [ -65.959, 67.817 ], [ -65.771, 67.898 ], [ -65.81, 67.975 ], [ -65.452, 67.999 ], [ -65.529, 67.839 ], [ -65.614, 67.789 ], [ -65.442, 67.71 ], [ -65.361, 67.598 ], [ -65.325, 67.609 ], [ -65.38, 67.719 ], [ -65.55, 67.793 ], [ -65.419, 67.914 ], [ -65.182, 67.967 ], [ -65.15, 67.989 ], [ -65.168, 68.031 ], [ -65.025, 68.057 ], [ -64.75, 68.001 ], [ -64.72, 67.985 ], [ -65.067, 67.934 ], [ -64.943, 67.914 ], [ -65.046, 67.852 ], [ -65.109, 67.867 ], [ -65.149, 67.796 ], [ -65.04, 67.831 ], [ -65.012, 67.793 ], [ -65.164, 67.736 ], [ -65.201, 67.697 ], [ -65.195, 67.644 ], [ -65.166, 67.644 ], [ -65.114, 67.722 ], [ -64.913, 67.794 ], [ -64.816, 67.783 ], [ -64.824, 67.714 ], [ -64.861, 67.7 ], [ -64.826, 67.694 ], [ -64.773, 67.711 ], [ -64.759, 67.824 ], [ -64.503, 67.807 ], [ -64.457, 67.762 ], [ -64.368, 67.759 ], [ -64.399, 67.715 ], [ -64.641, 67.667 ], [ -64.375, 67.7 ], [ -64.312, 67.735 ], [ -64.207, 67.654 ], [ -64.285, 67.625 ], [ -64.076, 67.618 ], [ -64.103, 67.551 ], [ -64.042, 67.537 ], [ -64.248, 67.469 ], [ -64.443, 67.481 ], [ -64.327, 67.454 ], [ -63.997, 67.454 ], [ -63.942, 67.361 ], [ -64.005, 67.331 ], [ -63.908, 67.307 ], [ -64.8, 67.351 ], [ -64.231, 67.296 ], [ -64.347, 67.255 ], [ -64.525, 67.262 ], [ -64.82, 67.207 ], [ -64.773, 67.198 ], [ -63.963, 67.276 ], [ -64.021, 67.213 ], [ -64.147, 67.222 ], [ -64.609, 67.14 ], [ -64.697, 67.084 ], [ -64.7, 67.009 ], [ -64.645, 67.012 ], [ -64.597, 67.094 ], [ -64.497, 67.139 ], [ -63.962, 67.188 ], [ -63.888, 67.242 ], [ -63.449, 67.228 ], [ -63.456, 67.177 ], [ -63.539, 67.111 ], [ -63.768, 67.026 ], [ -63.8, 66.993 ], [ -63.771, 66.96 ], [ -63.737, 67.029 ], [ -63.439, 67.121 ], [ -63.398, 67.156 ], [ -63.412, 67.218 ], [ -63.296, 67.306 ], [ -63.203, 67.299 ], [ -63.291, 67.248 ], [ -63.221, 67.257 ], [ -63.168, 67.296 ], [ -63.209, 67.317 ], [ -63.164, 67.338 ], [ -63.002, 67.288 ], [ -62.977, 67.222 ], [ -63.059, 67.166 ], [ -63.281, 67.111 ], [ -63.223, 67.017 ], [ -63.237, 66.974 ], [ -63.551, 66.907 ], [ -63.555, 66.856 ], [ -63.615, 66.83 ], [ -63.82, 66.817 ], [ -63.528, 66.818 ], [ -63.477, 66.846 ], [ -63.487, 66.905 ], [ -63.442, 66.911 ], [ -63.415, 66.804 ], [ -63.456, 66.707 ], [ -63.428, 66.708 ], [ -63.336, 66.806 ], [ -63.349, 66.891 ], [ -62.865, 66.969 ], [ -62.839, 66.96 ], [ -62.823, 66.801 ], [ -62.902, 66.638 ], [ -62.823, 66.683 ], [ -62.833, 66.721 ], [ -62.75, 66.788 ], [ -62.776, 66.851 ], [ -62.747, 66.943 ], [ -62.555, 66.938 ], [ -62.497, 66.845 ], [ -62.412, 66.818 ], [ -62.311, 66.728 ], [ -62.299, 66.777 ], [ -62.427, 66.85 ], [ -62.425, 66.928 ], [ -62.284, 66.946 ], [ -62.298, 67.023 ], [ -62.271, 67.047 ], [ -62.09, 67.06 ], [ -62.004, 67.037 ], [ -62.106, 66.919 ], [ -62.017, 66.913 ], [ -61.906, 66.976 ], [ -61.839, 66.974 ], [ -61.866, 66.946 ], [ -61.846, 66.937 ], [ -61.754, 66.951 ], [ -61.747, 66.916 ], [ -61.797, 66.894 ], [ -61.931, 66.905 ], [ -62.008, 66.88 ], [ -61.701, 66.894 ], [ -61.606, 66.872 ], [ -61.73, 66.831 ], [ -61.506, 66.805 ], [ -61.268, 66.632 ], [ -61.281, 66.6 ], [ -61.414, 66.577 ], [ -61.438, 66.547 ], [ -61.599, 66.556 ], [ -61.734, 66.647 ], [ -61.999, 66.699 ], [ -62.05, 66.649 ], [ -62.188, 66.632 ], [ -62.089, 66.609 ], [ -62.005, 66.648 ], [ -61.822, 66.629 ], [ -61.582, 66.478 ], [ -61.99, 66.412 ], [ -61.565, 66.419 ], [ -61.462, 66.371 ], [ -61.565, 66.344 ], [ -61.754, 66.342 ], [ -61.935, 66.289 ], [ -62.082, 66.33 ], [ -62.195, 66.317 ], [ -62.237, 66.371 ], [ -62.22, 66.397 ], [ -62.252, 66.407 ], [ -62.627, 66.44 ], [ -62.606, 66.408 ], [ -62.716, 66.412 ], [ -62.615, 66.387 ], [ -62.499, 66.408 ], [ -62.319, 66.303 ], [ -62.664, 66.22 ], [ -62.764, 66.255 ], [ -62.814, 66.328 ], [ -62.894, 66.337 ], [ -62.802, 66.245 ], [ -62.699, 66.198 ], [ -62.539, 66.227 ], [ -62.326, 66.161 ], [ -62.106, 66.145 ], [ -62.17, 66.121 ], [ -62.01, 66.076 ], [ -62.113, 66.056 ], [ -61.993, 66.05 ], [ -61.954, 66.02 ], [ -62.319, 65.981 ], [ -62.411, 66.023 ], [ -62.785, 66.038 ], [ -62.924, 66.151 ], [ -63.066, 66.124 ], [ -62.928, 66.124 ], [ -62.823, 66.022 ], [ -62.429, 65.979 ], [ -62.387, 65.933 ], [ -62.456, 65.926 ], [ -62.36, 65.912 ], [ -62.37, 65.868 ], [ -62.291, 65.823 ], [ -62.51, 65.793 ], [ -62.538, 65.819 ], [ -62.645, 65.811 ], [ -62.871, 65.908 ], [ -62.874, 65.885 ], [ -62.812, 65.864 ], [ -62.826, 65.843 ], [ -62.572, 65.763 ], [ -62.602, 65.723 ], [ -62.846, 65.769 ], [ -62.82, 65.732 ], [ -62.598, 65.675 ], [ -62.657, 65.589 ], [ -62.675, 65.639 ], [ -62.729, 65.621 ], [ -62.731, 65.593 ], [ -62.82, 65.61 ], [ -62.86, 65.645 ], [ -62.876, 65.724 ], [ -62.932, 65.761 ], [ -62.963, 65.755 ], [ -62.915, 65.724 ], [ -62.897, 65.641 ], [ -62.96, 65.59 ], [ -63.001, 65.594 ], [ -63.014, 65.635 ], [ -63.196, 65.634 ], [ -63.432, 65.847 ], [ -63.476, 65.934 ], [ -63.51, 65.937 ], [ -63.532, 65.878 ], [ -63.367, 65.734 ], [ -63.388, 65.713 ], [ -63.347, 65.673 ], [ -63.721, 65.679 ], [ -63.664, 65.649 ], [ -63.367, 65.633 ], [ -63.319, 65.597 ], [ -63.367, 65.538 ], [ -63.48, 65.529 ], [ -63.607, 65.597 ], [ -63.573, 65.549 ], [ -63.62, 65.549 ], [ -63.542, 65.522 ], [ -63.53, 65.486 ], [ -63.291, 65.432 ], [ -63.655, 65.467 ], [ -63.388, 65.398 ], [ -63.524, 65.385 ], [ -63.463, 65.385 ], [ -63.498, 65.371 ], [ -63.34, 65.303 ], [ -63.442, 65.296 ], [ -63.341, 65.257 ], [ -63.456, 65.241 ], [ -63.313, 65.21 ], [ -63.518, 65.193 ], [ -63.34, 65.145 ], [ -63.436, 65.104 ], [ -63.367, 65.069 ], [ -63.463, 65.062 ], [ -63.388, 65.042 ], [ -63.47, 65.035 ], [ -63.456, 65.008 ], [ -63.532, 64.973 ], [ -63.504, 64.96 ], [ -63.535, 64.899 ], [ -63.655, 64.918 ], [ -63.635, 64.931 ], [ -63.662, 64.946 ], [ -63.605, 64.965 ], [ -63.613, 65.003 ], [ -63.756, 64.966 ], [ -63.826, 64.987 ], [ -63.826, 65.015 ], [ -63.655, 65.042 ], [ -63.871, 65.045 ], [ -63.88, 65.104 ], [ -63.809, 65.186 ], [ -63.873, 65.175 ], [ -63.969, 65.101 ], [ -64.073, 65.12 ], [ -64.11, 65.052 ], [ -64.153, 65.055 ], [ -64.196, 65.11 ], [ -64.278, 65.104 ], [ -64.178, 65.177 ], [ -64.079, 65.2 ], [ -64.227, 65.2 ], [ -64.328, 65.151 ], [ -64.374, 65.179 ], [ -64.395, 65.247 ], [ -64.338, 65.295 ], [ -64.409, 65.288 ], [ -64.252, 65.392 ], [ -64.237, 65.432 ], [ -64.298, 65.423 ], [ -64.357, 65.353 ], [ -64.446, 65.32 ], [ -64.478, 65.282 ], [ -64.462, 65.206 ], [ -64.557, 65.093 ], [ -64.573, 65.126 ], [ -64.641, 65.124 ], [ -64.613, 65.137 ], [ -64.64, 65.158 ], [ -64.617, 65.192 ], [ -64.731, 65.159 ], [ -64.682, 65.206 ], [ -64.716, 65.227 ], [ -64.649, 65.254 ], [ -64.737, 65.276 ], [ -64.832, 65.243 ], [ -64.902, 65.282 ], [ -64.863, 65.293 ], [ -64.909, 65.303 ], [ -64.682, 65.343 ], [ -64.915, 65.343 ], [ -64.608, 65.431 ], [ -64.458, 65.421 ], [ -64.409, 65.481 ], [ -64.507, 65.441 ], [ -64.498, 65.46 ], [ -64.642, 65.471 ], [ -64.709, 65.435 ], [ -64.955, 65.408 ], [ -65.01, 65.369 ], [ -65.132, 65.425 ], [ -65.17, 65.487 ], [ -64.929, 65.529 ], [ -64.853, 65.587 ], [ -64.792, 65.583 ], [ -64.833, 65.607 ], [ -64.83, 65.638 ], [ -64.71, 65.659 ], [ -64.853, 65.661 ], [ -64.991, 65.548 ], [ -65.181, 65.546 ], [ -65.222, 65.566 ], [ -65.196, 65.603 ], [ -65.313, 65.556 ], [ -65.341, 65.583 ], [ -65.301, 65.63 ], [ -65.118, 65.638 ], [ -65.09, 65.679 ], [ -64.792, 65.728 ], [ -65.067, 65.713 ], [ -65.184, 65.657 ], [ -65.454, 65.679 ], [ -65.385, 65.788 ], [ -65.466, 65.745 ], [ -65.505, 65.755 ], [ -65.451, 65.843 ], [ -65.336, 65.921 ], [ -64.938, 66.007 ], [ -64.738, 65.974 ], [ -64.854, 66.036 ], [ -64.778, 66.103 ], [ -64.717, 66.225 ], [ -64.354, 66.35 ], [ -64.71, 66.283 ], [ -64.833, 66.199 ], [ -64.85, 66.12 ], [ -64.964, 66.076 ], [ -65.236, 66.024 ], [ -65.289, 66.042 ], [ -65.306, 66.008 ], [ -65.393, 65.982 ], [ -65.899, 65.954 ], [ -65.94, 65.977 ], [ -65.96, 66.053 ], [ -65.923, 66.09 ], [ -65.639, 66.173 ], [ -65.471, 66.317 ], [ -65.539, 66.324 ], [ -65.47, 66.353 ], [ -65.477, 66.392 ], [ -65.682, 66.191 ], [ -66.012, 66.117 ], [ -66.148, 66.141 ], [ -66.257, 66.224 ], [ -66.15, 66.289 ], [ -66.281, 66.242 ], [ -66.311, 66.273 ], [ -66.362, 66.255 ], [ -66.422, 66.281 ], [ -66.444, 66.268 ], [ -66.388, 66.242 ], [ -66.389, 66.207 ], [ -66.521, 66.219 ], [ -66.547, 66.283 ], [ -66.478, 66.279 ], [ -66.516, 66.32 ], [ -66.472, 66.35 ], [ -66.574, 66.371 ], [ -66.443, 66.414 ], [ -66.615, 66.371 ], [ -66.766, 66.385 ], [ -66.708, 66.403 ], [ -66.677, 66.46 ], [ -66.785, 66.442 ], [ -66.821, 66.467 ], [ -66.794, 66.474 ], [ -66.805, 66.526 ], [ -66.862, 66.543 ], [ -66.725, 66.591 ], [ -66.849, 66.59 ], [ -67.06, 66.646 ], [ -66.883, 66.57 ], [ -67.047, 66.522 ], [ -67.163, 66.528 ], [ -67.081, 66.512 ], [ -67.129, 66.487 ], [ -67.191, 66.495 ], [ -67.195, 66.538 ], [ -67.312, 66.563 ], [ -67.33, 66.593 ], [ -67.449, 66.574 ], [ -67.528, 66.624 ], [ -67.556, 66.622 ], [ -67.527, 66.598 ], [ -67.539, 66.57 ], [ -67.632, 66.598 ], [ -67.746, 66.57 ], [ -67.286, 66.526 ], [ -67.252, 66.477 ], [ -67.143, 66.44 ], [ -67.156, 66.368 ], [ -67.41, 66.433 ], [ -67.188, 66.352 ], [ -67.129, 66.317 ], [ -67.146, 66.303 ], [ -67.303, 66.281 ], [ -67.383, 66.318 ], [ -67.399, 66.296 ], [ -67.498, 66.386 ], [ -67.629, 66.446 ], [ -67.8, 66.459 ], [ -67.859, 66.522 ], [ -67.89, 66.495 ], [ -67.938, 66.522 ], [ -67.993, 66.509 ], [ -67.877, 66.464 ], [ -67.852, 66.413 ], [ -67.763, 66.366 ], [ -67.704, 66.293 ], [ -67.753, 66.255 ], [ -67.313, 66.119 ], [ -67.256, 66.056 ], [ -67.163, 66.042 ], [ -67.314, 66.001 ], [ -67.17, 65.933 ], [ -67.187, 65.916 ], [ -67.41, 65.947 ], [ -67.473, 65.894 ], [ -67.616, 65.906 ], [ -67.746, 65.966 ], [ -67.704, 65.898 ], [ -67.81, 65.878 ], [ -67.923, 65.903 ], [ -67.986, 65.988 ], [ -68.033, 66.001 ], [ -68.026, 66.066 ], [ -67.973, 66.083 ], [ -68.216, 66.146 ], [ -68.274, 66.227 ], [ -68.332, 66.223 ], [ -68.329, 66.186 ], [ -68.399, 66.187 ], [ -68.444, 66.268 ], [ -68.514, 66.303 ], [ -68.472, 66.237 ], [ -68.497, 66.213 ], [ -68.85, 66.193 ], [ -68.712, 66.173 ], [ -68.583, 66.174 ], [ -68.544, 66.195 ], [ -68.485, 66.193 ], [ -68.261, 66.081 ], [ -68.219, 66.076 ], [ -68.26, 66.111 ], [ -68.2, 66.128 ], [ -68.027, 66.076 ], [ -68.068, 66.049 ], [ -68.053, 66.008 ], [ -68.083, 65.981 ], [ -68.124, 66.027 ], [ -68.212, 66.008 ], [ -68.116, 65.967 ], [ -68.348, 66.04 ], [ -68.191, 65.953 ], [ -68.315, 65.961 ], [ -68.335, 65.933 ], [ -68.312, 65.913 ], [ -68.177, 65.905 ], [ -68.147, 65.933 ], [ -68.152, 65.88 ], [ -68.191, 65.864 ], [ -68.082, 65.833 ], [ -68.205, 65.796 ], [ -68.008, 65.781 ], [ -67.814, 65.816 ], [ -67.845, 65.763 ], [ -67.958, 65.741 ], [ -67.974, 65.71 ], [ -67.889, 65.706 ], [ -67.869, 65.645 ], [ -67.91, 65.618 ], [ -67.992, 65.634 ], [ -67.917, 65.604 ], [ -68.061, 65.569 ], [ -67.951, 65.563 ], [ -68.033, 65.487 ], [ -67.736, 65.638 ], [ -67.486, 65.646 ], [ -67.436, 65.681 ], [ -67.273, 65.645 ], [ -67.254, 65.608 ], [ -67.341, 65.577 ], [ -67.259, 65.535 ], [ -67.378, 65.544 ], [ -67.417, 65.529 ], [ -67.328, 65.508 ], [ -67.459, 65.501 ], [ -67.336, 65.451 ], [ -67.084, 65.468 ], [ -67.06, 65.453 ], [ -67.115, 65.44 ], [ -67.06, 65.424 ], [ -67.116, 65.371 ], [ -67.417, 65.351 ], [ -67.334, 65.323 ], [ -67.284, 65.357 ], [ -67.122, 65.316 ], [ -67.169, 65.269 ], [ -67.081, 65.247 ], [ -67.17, 65.227 ], [ -67.112, 65.203 ], [ -67.028, 65.224 ], [ -66.994, 65.201 ], [ -66.937, 65.241 ], [ -66.962, 65.11 ], [ -67.053, 65.11 ], [ -67.109, 65.062 ], [ -66.906, 65.071 ], [ -66.837, 65.146 ], [ -66.725, 65.186 ], [ -66.759, 65.116 ], [ -66.827, 65.09 ], [ -66.793, 65.09 ], [ -66.811, 65.063 ], [ -66.917, 65.049 ], [ -66.851, 65.036 ], [ -66.759, 65.069 ], [ -66.786, 65.035 ], [ -66.743, 64.968 ], [ -66.834, 64.946 ], [ -66.725, 64.918 ], [ -66.766, 64.871 ], [ -66.705, 64.769 ], [ -66.636, 64.781 ], [ -66.691, 64.826 ], [ -66.649, 64.97 ], [ -66.694, 65.018 ], [ -66.682, 65.044 ], [ -66.539, 65.013 ], [ -66.537, 64.958 ], [ -66.483, 64.986 ], [ -66.479, 64.936 ], [ -66.373, 64.92 ], [ -66.347, 64.945 ], [ -66.307, 64.871 ], [ -66.244, 64.906 ], [ -66.15, 64.871 ], [ -66.197, 64.823 ], [ -66.19, 64.781 ], [ -66.342, 64.774 ], [ -66.211, 64.761 ], [ -66.218, 64.692 ], [ -66.171, 64.683 ], [ -66.101, 64.807 ], [ -66.019, 64.858 ], [ -66.041, 64.719 ], [ -65.999, 64.713 ], [ -66.013, 64.754 ], [ -65.957, 64.768 ], [ -65.908, 64.679 ], [ -65.807, 64.637 ], [ -65.896, 64.732 ], [ -65.854, 64.761 ], [ -65.937, 64.809 ], [ -65.889, 64.83 ], [ -65.952, 64.885 ], [ -65.824, 64.883 ], [ -65.781, 64.862 ], [ -65.776, 64.804 ], [ -65.717, 64.844 ], [ -65.669, 64.812 ], [ -65.738, 64.748 ], [ -65.71, 64.692 ], [ -65.703, 64.755 ], [ -65.647, 64.773 ], [ -65.583, 64.757 ], [ -65.56, 64.713 ], [ -65.587, 64.699 ], [ -65.586, 64.649 ], [ -65.752, 64.59 ], [ -65.723, 64.576 ], [ -65.707, 64.49 ], [ -65.505, 64.501 ], [ -65.519, 64.48 ], [ -65.493, 64.476 ], [ -65.341, 64.528 ], [ -65.408, 64.445 ], [ -65.334, 64.487 ], [ -65.274, 64.472 ], [ -65.265, 64.521 ], [ -65.211, 64.541 ], [ -65.238, 64.487 ], [ -65.114, 64.515 ], [ -65.176, 64.48 ], [ -65.09, 64.486 ], [ -65.073, 64.449 ], [ -65.094, 64.42 ], [ -65.265, 64.384 ], [ -65.178, 64.347 ], [ -65.227, 64.301 ], [ -65.526, 64.329 ], [ -65.656, 64.301 ], [ -65.435, 64.305 ], [ -65.416, 64.288 ], [ -65.464, 64.295 ], [ -65.437, 64.274 ], [ -65.567, 64.254 ], [ -65.344, 64.253 ], [ -65.361, 64.227 ], [ -65.245, 64.199 ], [ -65.395, 64.151 ], [ -65.252, 64.179 ], [ -65.114, 64.11 ], [ -65.196, 64.076 ], [ -65.053, 64.069 ], [ -65.224, 64.042 ], [ -65.193, 64.022 ], [ -64.923, 64.014 ], [ -64.964, 63.973 ], [ -64.836, 64.023 ], [ -64.751, 64.007 ], [ -64.695, 64.046 ], [ -64.666, 64.033 ], [ -64.647, 63.975 ], [ -64.895, 63.897 ], [ -64.893, 63.868 ], [ -64.991, 63.828 ], [ -64.93, 63.778 ], [ -64.764, 63.749 ], [ -64.707, 63.762 ], [ -64.522, 63.669 ], [ -64.526, 63.614 ], [ -64.587, 63.602 ], [ -64.538, 63.57 ], [ -64.559, 63.562 ], [ -64.525, 63.5 ], [ -64.553, 63.473 ], [ -64.508, 63.422 ], [ -64.635, 63.418 ], [ -64.606, 63.385 ], [ -64.522, 63.377 ], [ -64.511, 63.314 ], [ -64.628, 63.321 ], [ -64.484, 63.288 ], [ -64.537, 63.255 ], [ -64.642, 63.239 ], [ -64.717, 63.281 ], [ -64.772, 63.329 ], [ -64.759, 63.383 ], [ -64.8, 63.398 ], [ -64.837, 63.504 ], [ -64.932, 63.571 ], [ -64.943, 63.633 ], [ -65.055, 63.671 ], [ -65.21, 63.781 ], [ -65.149, 63.774 ], [ -65.173, 63.793 ], [ -65.302, 63.813 ], [ -64.987, 63.603 ], [ -65.099, 63.55 ], [ -65.06, 63.452 ], [ -65.149, 63.431 ], [ -65.047, 63.439 ], [ -65.121, 63.404 ], [ -65.013, 63.401 ], [ -64.946, 63.36 ], [ -64.902, 63.239 ], [ -65.061, 63.317 ], [ -65.005, 63.275 ], [ -65.028, 63.25 ], [ -65.149, 63.288 ], [ -65.097, 63.239 ], [ -64.978, 63.228 ], [ -64.991, 63.2 ], [ -65.075, 63.22 ], [ -65.06, 63.178 ], [ -64.861, 63.171 ], [ -64.902, 63.154 ], [ -64.751, 63.102 ], [ -64.868, 63.096 ], [ -64.765, 63.055 ], [ -64.813, 63.051 ], [ -64.772, 62.986 ], [ -64.847, 62.973 ], [ -64.718, 62.921 ], [ -64.694, 62.957 ], [ -64.628, 62.911 ], [ -64.783, 62.864 ], [ -64.887, 62.869 ], [ -65.087, 62.947 ], [ -65.129, 63.0 ], [ -65.147, 62.981 ], [ -65.121, 62.925 ], [ -65.272, 63.007 ], [ -65.285, 62.984 ], [ -65.183, 62.921 ], [ -65.19, 62.877 ], [ -64.929, 62.644 ], [ -65.17, 62.568 ], [ -65.246, 62.606 ], [ -65.3, 62.678 ], [ -65.265, 62.698 ], [ -65.355, 62.685 ], [ -65.316, 62.745 ], [ -65.245, 62.78 ], [ -65.375, 62.787 ], [ -65.356, 62.825 ], [ -65.252, 62.835 ], [ -65.341, 62.856 ], [ -65.327, 62.918 ], [ -65.399, 62.829 ], [ -65.457, 62.849 ], [ -65.477, 62.822 ], [ -65.604, 62.825 ], [ -65.641, 62.842 ], [ -65.666, 62.912 ], [ -65.752, 62.925 ], [ -65.684, 63.0 ], [ -65.712, 63.051 ], [ -65.752, 63.033 ], [ -65.742, 62.976 ], [ -65.827, 62.928 ], [ -65.788, 62.873 ], [ -65.876, 62.929 ], [ -65.963, 62.937 ], [ -65.834, 63.033 ], [ -65.957, 63.0 ], [ -65.944, 62.979 ], [ -66.029, 62.986 ], [ -66.072, 63.022 ], [ -66.052, 63.05 ], [ -66.118, 63.035 ], [ -66.165, 63.095 ], [ -66.283, 63.137 ], [ -66.218, 63.089 ], [ -66.206, 63.04 ], [ -66.104, 62.997 ], [ -66.104, 62.952 ], [ -66.397, 63.0 ], [ -66.519, 63.077 ], [ -66.491, 63.089 ], [ -66.574, 63.165 ], [ -66.564, 63.216 ], [ -66.688, 63.281 ], [ -66.644, 63.375 ], [ -66.739, 63.294 ], [ -66.601, 63.212 ], [ -66.623, 63.164 ], [ -66.56, 63.082 ], [ -66.602, 63.068 ], [ -66.684, 63.102 ], [ -66.55, 62.996 ], [ -66.769, 63.091 ], [ -66.764, 63.184 ], [ -66.807, 63.275 ], [ -66.846, 63.252 ], [ -66.805, 63.188 ], [ -66.834, 63.151 ], [ -67.02, 63.239 ], [ -66.951, 63.291 ], [ -67.005, 63.32 ], [ -66.974, 63.396 ], [ -67.013, 63.403 ], [ -67.038, 63.343 ], [ -67.012, 63.288 ], [ -67.184, 63.321 ], [ -67.154, 63.285 ], [ -67.201, 63.288 ], [ -67.357, 63.388 ], [ -67.401, 63.466 ], [ -67.424, 63.465 ], [ -67.419, 63.414 ], [ -67.501, 63.443 ], [ -67.549, 63.506 ], [ -67.533, 63.521 ], [ -67.69, 63.633 ], [ -67.67, 63.658 ], [ -67.786, 63.645 ], [ -67.808, 63.699 ], [ -67.924, 63.768 ], [ -67.814, 63.651 ], [ -67.792, 63.541 ], [ -67.685, 63.433 ], [ -67.67, 63.395 ], [ -67.698, 63.37 ], [ -67.827, 63.408 ], [ -67.869, 63.464 ], [ -68.092, 63.558 ], [ -68.137, 63.61 ], [ -68.143, 63.582 ], [ -68.23, 63.597 ], [ -68.223, 63.632 ], [ -68.289, 63.699 ], [ -68.315, 63.692 ], [ -68.287, 63.637 ], [ -68.387, 63.658 ], [ -68.441, 63.716 ], [ -68.529, 63.746 ], [ -68.575, 63.733 ], [ -68.749, 63.78 ], [ -68.715, 63.736 ], [ -68.993, 63.761 ], [ -68.815, 63.637 ], [ -68.863, 63.61 ], [ -68.552, 63.449 ], [ -68.444, 63.445 ], [ -68.5, 63.431 ], [ -68.29, 63.304 ], [ -68.28, 63.262 ], [ -68.214, 63.242 ], [ -68.207, 63.219 ], [ -68.246, 63.212 ], [ -68.23, 63.199 ], [ -68.133, 63.158 ], [ -67.917, 63.143 ], [ -67.986, 63.076 ], [ -67.928, 63.077 ], [ -67.896, 63.118 ], [ -67.799, 63.089 ], [ -67.611, 63.097 ], [ -67.611, 63.067 ], [ -67.714, 63.061 ], [ -67.801, 63.014 ], [ -67.739, 62.986 ], [ -67.773, 62.959 ], [ -67.715, 62.962 ], [ -67.739, 63.0 ], [ -67.664, 63.041 ], [ -67.537, 63.045 ], [ -67.51, 63.008 ], [ -67.629, 62.98 ], [ -67.677, 62.929 ], [ -67.568, 62.973 ], [ -67.424, 62.979 ], [ -67.394, 62.964 ], [ -67.417, 62.932 ], [ -67.245, 62.89 ], [ -67.369, 62.856 ], [ -67.198, 62.877 ], [ -67.175, 62.854 ], [ -67.245, 62.815 ], [ -67.122, 62.829 ], [ -67.088, 62.798 ], [ -67.122, 62.76 ], [ -67.04, 62.774 ], [ -67.015, 62.737 ], [ -67.053, 62.692 ], [ -66.91, 62.698 ], [ -67.006, 62.657 ], [ -66.76, 62.684 ], [ -66.725, 62.671 ], [ -66.773, 62.637 ], [ -66.67, 62.644 ], [ -66.718, 62.629 ], [ -66.608, 62.616 ], [ -66.605, 62.583 ], [ -66.48, 62.505 ], [ -66.512, 62.424 ], [ -66.352, 62.447 ], [ -66.397, 62.424 ], [ -66.337, 62.381 ], [ -66.474, 62.337 ], [ -66.344, 62.271 ], [ -66.307, 62.273 ], [ -66.363, 62.332 ], [ -66.302, 62.351 ], [ -66.245, 62.321 ], [ -66.225, 62.35 ], [ -66.156, 62.308 ], [ -66.155, 62.248 ], [ -66.265, 62.267 ], [ -66.059, 62.228 ], [ -65.987, 62.242 ], [ -65.93, 62.198 ], [ -66.053, 62.145 ], [ -66.04, 62.075 ], [ -66.129, 62.089 ], [ -66.179, 62.135 ], [ -66.204, 62.117 ], [ -66.103, 62.043 ], [ -66.142, 62.013 ], [ -65.988, 61.962 ], [ -65.949, 61.909 ], [ -66.063, 61.875 ], [ -66.274, 61.858 ], [ -66.54, 61.903 ], [ -66.643, 61.924 ], [ -66.656, 61.948 ], [ -66.615, 61.965 ], [ -66.698, 61.965 ], [ -66.746, 62.013 ], [ -66.944, 62.048 ], [ -66.917, 62.034 ], [ -66.938, 62.014 ], [ -67.023, 62.054 ], [ -67.107, 62.037 ], [ -67.236, 62.102 ], [ -67.317, 62.073 ], [ -67.338, 62.14 ], [ -67.522, 62.151 ], [ -67.581, 62.181 ], [ -67.674, 62.158 ], [ -67.835, 62.178 ], [ -67.82, 62.209 ], [ -67.873, 62.191 ], [ -68.083, 62.232 ], [ -68.554, 62.25 ], [ -68.726, 62.308 ], [ -68.705, 62.328 ], [ -68.815, 62.342 ], [ -68.838, 62.38 ], [ -69.027, 62.38 ], [ -69.197, 62.445 ], [ -69.315, 62.541 ], [ -69.281, 62.624 ], [ -69.305, 62.629 ], [ -69.377, 62.534 ], [ -69.424, 62.618 ], [ -69.459, 62.629 ], [ -69.424, 62.561 ], [ -69.445, 62.554 ], [ -69.587, 62.658 ], [ -69.432, 62.712 ], [ -69.569, 62.719 ], [ -69.537, 62.739 ], [ -69.39, 62.767 ], [ -69.627, 62.791 ], [ -69.699, 62.746 ], [ -69.679, 62.78 ], [ -69.835, 62.829 ], [ -69.761, 62.733 ], [ -69.939, 62.801 ], [ -70.07, 62.748 ], [ -70.24, 62.754 ], [ -70.493, 62.867 ], [ -70.83, 62.897 ], [ -70.899, 62.918 ], [ -70.768, 62.932 ], [ -71.042, 62.959 ], [ -70.94, 62.973 ], [ -70.946, 63.033 ], [ -71.051, 62.987 ], [ -71.158, 62.994 ], [ -71.121, 63.033 ], [ -71.032, 63.027 ], [ -70.941, 63.099 ], [ -70.823, 63.13 ], [ -70.933, 63.117 ], [ -70.953, 63.143 ], [ -70.899, 63.165 ], [ -70.926, 63.173 ], [ -70.998, 63.143 ], [ -70.993, 63.106 ], [ -71.029, 63.079 ], [ -71.16, 63.098 ], [ -71.216, 63.009 ], [ -71.402, 63.056 ], [ -71.426, 63.076 ], [ -71.394, 63.101 ], [ -71.409, 63.123 ], [ -71.461, 63.105 ], [ -71.713, 63.178 ], [ -71.659, 63.198 ], [ -71.762, 63.233 ], [ -71.649, 63.264 ], [ -71.769, 63.26 ], [ -71.741, 63.275 ], [ -71.769, 63.321 ], [ -71.823, 63.349 ], [ -71.727, 63.357 ], [ -71.781, 63.414 ], [ -71.827, 63.388 ], [ -71.937, 63.394 ], [ -71.988, 63.432 ], [ -72.015, 63.398 ], [ -72.142, 63.448 ], [ -71.614, 63.427 ], [ -71.554, 63.472 ], [ -71.418, 63.487 ], [ -71.413, 63.514 ], [ -71.277, 63.566 ], [ -71.278, 63.598 ], [ -71.227, 63.602 ], [ -71.289, 63.619 ], [ -71.336, 63.569 ], [ -71.403, 63.569 ], [ -71.367, 63.626 ], [ -71.419, 63.637 ], [ -71.405, 63.617 ], [ -71.46, 63.61 ], [ -71.44, 63.589 ], [ -71.562, 63.581 ], [ -71.573, 63.621 ], [ -71.488, 63.63 ], [ -71.583, 63.654 ], [ -71.535, 63.712 ], [ -71.646, 63.72 ], [ -71.661, 63.698 ], [ -71.616, 63.651 ], [ -71.656, 63.658 ], [ -71.72, 63.692 ], [ -71.679, 63.74 ], [ -71.698, 63.753 ], [ -71.755, 63.692 ], [ -71.776, 63.746 ], [ -71.923, 63.82 ], [ -72.008, 63.754 ], [ -71.844, 63.761 ], [ -71.895, 63.705 ], [ -71.878, 63.685 ], [ -71.93, 63.655 ], [ -71.974, 63.655 ], [ -71.926, 63.695 ], [ -71.953, 63.723 ], [ -72.042, 63.671 ], [ -72.063, 63.733 ], [ -72.131, 63.724 ], [ -72.201, 63.78 ], [ -72.214, 63.678 ], [ -72.318, 63.679 ], [ -72.324, 63.744 ], [ -72.365, 63.761 ], [ -72.249, 63.768 ], [ -72.274, 63.809 ], [ -72.221, 63.869 ], [ -72.09, 63.911 ], [ -72.209, 63.901 ], [ -72.242, 63.959 ], [ -72.275, 63.925 ], [ -72.258, 63.884 ], [ -72.31, 63.904 ], [ -72.406, 63.828 ], [ -72.369, 63.811 ], [ -72.378, 63.783 ], [ -72.513, 63.79 ], [ -72.536, 63.802 ], [ -72.461, 63.822 ], [ -72.598, 63.867 ], [ -72.666, 63.856 ], [ -72.64, 63.895 ], [ -72.666, 63.932 ], [ -72.612, 63.95 ], [ -72.591, 64.028 ], [ -72.67, 64.017 ], [ -72.663, 64.084 ], [ -72.706, 64.017 ], [ -72.659, 63.987 ], [ -72.734, 63.97 ], [ -72.779, 64.016 ], [ -72.934, 64.055 ], [ -72.875, 64.094 ], [ -72.906, 64.166 ], [ -73.078, 64.183 ], [ -73.054, 64.228 ], [ -73.132, 64.268 ], [ -73.104, 64.281 ], [ -73.216, 64.299 ], [ -73.243, 64.336 ], [ -73.311, 64.315 ], [ -73.275, 64.291 ], [ -73.283, 64.26 ], [ -73.386, 64.281 ], [ -73.392, 64.336 ], [ -73.334, 64.381 ], [ -73.266, 64.37 ], [ -73.341, 64.405 ], [ -73.393, 64.37 ], [ -73.482, 64.405 ], [ -73.429, 64.454 ], [ -73.326, 64.456 ], [ -73.303, 64.473 ], [ -73.417, 64.477 ], [ -73.167, 64.59 ], [ -73.175, 64.616 ], [ -73.269, 64.597 ], [ -73.303, 64.666 ], [ -73.352, 64.638 ], [ -73.309, 64.594 ], [ -73.314, 64.538 ], [ -73.464, 64.508 ], [ -73.489, 64.576 ], [ -73.412, 64.553 ], [ -73.395, 64.565 ], [ -73.452, 64.591 ], [ -73.427, 64.603 ], [ -73.583, 64.597 ], [ -73.646, 64.666 ], [ -73.688, 64.583 ], [ -73.646, 64.576 ], [ -73.752, 64.542 ], [ -73.922, 64.609 ], [ -73.934, 64.59 ], [ -73.886, 64.576 ], [ -73.845, 64.505 ], [ -73.783, 64.48 ], [ -73.874, 64.499 ], [ -73.896, 64.46 ], [ -73.962, 64.48 ], [ -73.941, 64.411 ], [ -73.99, 64.391 ], [ -73.996, 64.329 ], [ -74.078, 64.329 ], [ -74.174, 64.37 ], [ -74.098, 64.378 ], [ -74.112, 64.405 ], [ -74.079, 64.421 ], [ -74.174, 64.466 ], [ -74.044, 64.446 ], [ -74.126, 64.542 ], [ -73.955, 64.515 ], [ -74.167, 64.57 ], [ -74.003, 64.583 ], [ -74.084, 64.641 ], [ -74.05, 64.726 ], [ -74.101, 64.753 ], [ -74.128, 64.732 ], [ -74.119, 64.686 ], [ -74.215, 64.679 ], [ -74.242, 64.583 ], [ -74.293, 64.622 ], [ -74.262, 64.651 ], [ -74.3, 64.683 ], [ -74.338, 64.631 ], [ -74.42, 64.666 ], [ -74.345, 64.597 ], [ -74.394, 64.577 ], [ -74.435, 64.611 ], [ -74.416, 64.628 ], [ -74.541, 64.626 ], [ -74.708, 64.74 ], [ -74.554, 64.849 ], [ -74.487, 64.837 ], [ -74.578, 64.877 ], [ -74.544, 64.899 ], [ -74.646, 64.905 ], [ -74.64, 64.864 ], [ -74.743, 64.858 ], [ -74.71, 64.803 ], [ -74.731, 64.772 ], [ -74.822, 64.809 ], [ -74.852, 64.781 ], [ -74.989, 64.802 ], [ -74.469, 64.562 ], [ -74.646, 64.535 ], [ -74.553, 64.525 ], [ -74.536, 64.507 ], [ -74.617, 64.506 ], [ -74.506, 64.462 ], [ -74.681, 64.378 ], [ -74.791, 64.405 ], [ -74.783, 64.384 ], [ -74.815, 64.386 ], [ -74.926, 64.435 ], [ -74.972, 64.418 ], [ -75.157, 64.494 ], [ -75.189, 64.482 ], [ -75.149, 64.452 ], [ -75.219, 64.434 ], [ -75.358, 64.512 ], [ -75.82, 64.622 ], [ -75.841, 64.602 ], [ -75.784, 64.576 ], [ -75.839, 64.562 ], [ -75.815, 64.531 ], [ -75.633, 64.46 ], [ -75.743, 64.466 ], [ -75.71, 64.442 ], [ -75.866, 64.489 ], [ -75.922, 64.487 ], [ -75.798, 64.439 ], [ -75.825, 64.432 ], [ -75.716, 64.384 ], [ -75.736, 64.372 ], [ -75.949, 64.378 ], [ -75.953, 64.408 ], [ -76.071, 64.366 ], [ -76.11, 64.392 ], [ -76.127, 64.391 ], [ -76.175, 64.378 ], [ -76.141, 64.37 ], [ -76.168, 64.355 ], [ -76.353, 64.362 ], [ -76.38, 64.357 ], [ -76.188, 64.301 ], [ -76.318, 64.281 ], [ -76.42, 64.321 ], [ -76.49, 64.315 ], [ -76.38, 64.288 ], [ -76.455, 64.27 ], [ -76.596, 64.315 ], [ -76.641, 64.284 ], [ -76.711, 64.305 ], [ -76.718, 64.241 ], [ -76.657, 64.221 ], [ -76.689, 64.192 ], [ -76.847, 64.206 ], [ -76.812, 64.219 ], [ -77.133, 64.301 ], [ -77.351, 64.241 ], [ -77.381, 64.247 ], [ -77.37, 64.281 ], [ -77.45, 64.295 ], [ -77.381, 64.315 ], [ -77.405, 64.328 ], [ -77.546, 64.315 ], [ -77.491, 64.35 ], [ -77.511, 64.357 ], [ -77.655, 64.391 ], [ -77.647, 64.332 ], [ -77.679, 64.322 ], [ -77.854, 64.37 ], [ -77.909, 64.405 ], [ -77.832, 64.422 ], [ -78.011, 64.428 ], [ -77.97, 64.466 ], [ -78.077, 64.517 ], [ -78.066, 64.542 ], [ -78.182, 64.58 ], [ -78.128, 64.59 ], [ -78.197, 64.651 ], [ -78.156, 64.699 ], [ -78.299, 64.707 ], [ -78.183, 64.726 ], [ -78.175, 64.768 ], [ -78.073, 64.816 ], [ -78.066, 64.85 ], [ -78.133, 64.904 ], [ -78.146, 64.952 ], [ -78.121, 64.974 ], [ -77.964, 65.052 ], [ -77.629, 65.148 ], [ -77.486, 65.148 ], [ -77.313, 65.2 ], [ -77.514, 65.326 ], [ -77.456, 65.385 ], [ -77.292, 65.381 ], [ -77.436, 65.46 ], [ -77.392, 65.473 ], [ -77.236, 65.474 ], [ -77.272, 65.46 ], [ -77.09, 65.416 ], [ -76.677, 65.411 ], [ -75.798, 65.232 ], [ -75.757, 65.214 ], [ -75.739, 65.159 ], [ -75.441, 65.066 ], [ -75.425, 64.972 ], [ -75.517, 64.939 ], [ -75.668, 64.946 ], [ -75.607, 64.918 ], [ -75.581, 64.858 ], [ -75.46, 64.843 ], [ -75.538, 64.781 ], [ -75.45, 64.772 ], [ -75.379, 64.722 ], [ -75.294, 64.751 ], [ -75.373, 64.836 ], [ -75.346, 64.925 ], [ -75.459, 64.877 ], [ -75.572, 64.884 ], [ -75.485, 64.904 ], [ -75.468, 64.939 ], [ -75.387, 64.96 ], [ -75.393, 64.982 ], [ -75.263, 64.957 ], [ -75.291, 65.001 ], [ -75.195, 65.073 ], [ -75.199, 65.106 ], [ -75.254, 65.109 ], [ -75.27, 65.049 ], [ -75.363, 65.008 ], [ -75.562, 65.169 ], [ -75.718, 65.192 ], [ -75.709, 65.214 ], [ -75.751, 65.236 ], [ -75.908, 65.261 ], [ -75.949, 65.322 ], [ -75.715, 65.309 ], [ -75.621, 65.343 ], [ -75.55, 65.277 ], [ -75.193, 65.256 ], [ -75.084, 65.303 ], [ -75.105, 65.396 ], [ -74.786, 65.387 ], [ -74.715, 65.44 ], [ -74.675, 65.431 ], [ -74.708, 65.406 ], [ -74.668, 65.395 ], [ -74.695, 65.378 ], [ -74.661, 65.351 ], [ -74.551, 65.333 ], [ -74.345, 65.412 ], [ -74.287, 65.481 ], [ -74.153, 65.495 ], [ -74.188, 65.522 ], [ -74.118, 65.537 ], [ -73.984, 65.507 ], [ -73.776, 65.525 ], [ -73.674, 65.46 ], [ -73.474, 65.46 ], [ -73.633, 65.61 ], [ -73.612, 65.651 ], [ -73.694, 65.678 ], [ -73.696, 65.715 ], [ -73.653, 65.72 ], [ -73.718, 65.775 ], [ -74.012, 65.855 ], [ -74.42, 66.083 ], [ -74.472, 66.149 ], [ -74.345, 66.226 ], [ -73.906, 66.357 ], [ -73.456, 66.551 ], [ -73.345, 66.659 ], [ -73.098, 66.728 ], [ -72.949, 66.735 ], [ -73.005, 66.779 ], [ -73.006, 66.818 ] ] ], [ [ [ -79.098, 68.177 ], [ -79.183, 68.222 ], [ -79.183, 68.319 ], [ -79.156, 68.345 ], [ -78.941, 68.354 ], [ -78.81, 68.284 ], [ -79.008, 68.177 ], [ -79.098, 68.177 ] ] ], [ [ [ -74.865, 68.379 ], [ -74.808, 68.366 ], [ -74.859, 68.345 ], [ -74.811, 68.324 ], [ -74.996, 68.338 ], [ -75.035, 68.397 ], [ -75.379, 68.499 ], [ -75.411, 68.523 ], [ -75.4, 68.609 ], [ -75.239, 68.725 ], [ -74.989, 68.669 ], [ -74.934, 68.571 ], [ -74.774, 68.486 ], [ -74.798, 68.451 ], [ -74.9, 68.434 ], [ -74.784, 68.418 ], [ -74.865, 68.379 ] ] ], [ [ [ -78.861, 68.469 ], [ -78.971, 68.475 ], [ -78.936, 68.522 ], [ -78.669, 68.585 ], [ -78.894, 68.657 ], [ -78.675, 68.658 ], [ -78.463, 68.62 ], [ -78.505, 68.545 ], [ -78.657, 68.563 ], [ -78.724, 68.523 ], [ -78.614, 68.506 ], [ -78.647, 68.483 ], [ -78.784, 68.446 ], [ -78.882, 68.454 ], [ -78.861, 68.469 ] ] ], [ [ [ -79.385, 68.858 ], [ -79.388, 68.907 ], [ -79.423, 68.927 ], [ -79.326, 68.97 ], [ -79.225, 69.075 ], [ -78.958, 69.109 ], [ -78.863, 69.148 ], [ -78.854, 69.201 ], [ -78.765, 69.256 ], [ -78.622, 69.263 ], [ -78.711, 69.303 ], [ -78.722, 69.337 ], [ -78.477, 69.392 ], [ -78.313, 69.387 ], [ -78.214, 69.303 ], [ -78.361, 69.199 ], [ -78.457, 69.229 ], [ -78.471, 69.171 ], [ -78.566, 69.133 ], [ -78.552, 69.102 ], [ -78.847, 68.908 ], [ -79.145, 68.869 ], [ -79.228, 68.831 ], [ -79.385, 68.858 ] ] ], [ [ [ -76.673, 69.331 ], [ -76.93, 69.223 ], [ -76.926, 69.171 ], [ -76.86, 69.154 ], [ -76.922, 69.127 ], [ -76.901, 69.106 ], [ -76.955, 69.141 ], [ -77.158, 69.118 ], [ -77.265, 69.147 ], [ -77.387, 69.267 ], [ -77.34, 69.325 ], [ -77.36, 69.39 ], [ -77.327, 69.417 ], [ -77.113, 69.448 ], [ -76.976, 69.408 ], [ -76.717, 69.425 ], [ -76.647, 69.383 ], [ -76.673, 69.331 ] ] ], [ [ [ -78.324, 69.675 ], [ -78.258, 69.659 ], [ -78.231, 69.674 ], [ -78.272, 69.736 ], [ -78.176, 69.756 ], [ -78.026, 69.719 ], [ -77.942, 69.647 ], [ -78.092, 69.578 ], [ -78.287, 69.558 ], [ -78.517, 69.485 ], [ -78.654, 69.508 ], [ -78.826, 69.452 ], [ -78.881, 69.481 ], [ -78.566, 69.647 ], [ -78.395, 69.647 ], [ -78.378, 69.705 ], [ -78.306, 69.688 ], [ -78.324, 69.675 ] ] ], [ [ [ -80.862, 73.751 ], [ -80.446, 73.774 ], [ -80.126, 73.698 ], [ -80.022, 73.734 ], [ -79.45, 73.635 ], [ -78.139, 73.669 ], [ -77.428, 73.56 ], [ -77.16, 73.484 ], [ -77.032, 73.403 ], [ -77.066, 73.381 ], [ -77.04, 73.359 ], [ -76.714, 73.322 ], [ -76.702, 73.306 ], [ -76.75, 73.299 ], [ -76.727, 73.278 ], [ -76.584, 73.219 ], [ -76.634, 73.17 ], [ -76.243, 73.093 ], [ -76.319, 73.06 ], [ -76.277, 73.052 ], [ -76.325, 73.033 ], [ -76.264, 72.998 ], [ -76.333, 72.971 ], [ -76.117, 72.942 ], [ -76.058, 72.902 ], [ -76.125, 72.847 ], [ -76.319, 72.817 ], [ -78.171, 72.899 ], [ -78.642, 72.852 ], [ -79.175, 72.755 ], [ -79.568, 72.76 ], [ -80.002, 72.871 ], [ -80.176, 73.046 ], [ -80.123, 73.121 ], [ -80.18, 73.159 ], [ -80.118, 73.184 ], [ -80.164, 73.233 ], [ -80.771, 73.279 ], [ -80.869, 73.326 ], [ -80.848, 73.361 ], [ -80.896, 73.381 ], [ -80.85, 73.475 ], [ -80.697, 73.484 ], [ -80.856, 73.545 ], [ -80.903, 73.607 ], [ -80.839, 73.624 ], [ -80.803, 73.671 ], [ -80.806, 73.72 ], [ -80.862, 73.751 ] ] ], [ [ [ -79.165, 75.97 ], [ -79.148, 75.925 ], [ -78.875, 75.856 ], [ -79.051, 75.841 ], [ -79.074, 75.848 ], [ -79.025, 75.87 ], [ -79.279, 75.877 ], [ -79.43, 75.848 ], [ -79.34, 75.829 ], [ -79.438, 75.795 ], [ -79.594, 75.821 ], [ -79.566, 75.845 ], [ -79.587, 75.862 ], [ -79.752, 75.883 ], [ -79.601, 75.903 ], [ -79.583, 75.948 ], [ -79.265, 76.034 ], [ -79.068, 76.125 ], [ -78.895, 76.123 ], [ -78.8, 76.085 ], [ -79.165, 75.97 ] ] ], [ [ [ -77.853, 77.779 ], [ -77.956, 77.836 ], [ -77.573, 77.857 ], [ -77.597, 77.817 ], [ -77.853, 77.779 ] ] ], [ [ [ -62.031, 82.139 ], [ -61.873, 82.113 ], [ -62.258, 82.024 ], [ -62.476, 82.023 ], [ -62.515, 81.987 ], [ -63.92, 81.799 ], [ -64.326, 81.831 ], [ -64.121, 81.769 ], [ -64.373, 81.725 ], [ -65.375, 81.763 ], [ -65.341, 81.742 ], [ -66.047, 81.694 ], [ -65.341, 81.694 ], [ -65.858, 81.627 ], [ -66.0, 81.654 ], [ -66.151, 81.628 ], [ -68.213, 81.563 ], [ -69.308, 81.722 ], [ -68.356, 81.543 ], [ -68.856, 81.55 ], [ -68.581, 81.516 ], [ -67.269, 81.571 ], [ -66.608, 81.516 ], [ -68.622, 81.294 ], [ -69.02, 81.262 ], [ -69.425, 81.277 ], [ -69.473, 81.262 ], [ -69.315, 81.242 ], [ -70.213, 81.18 ], [ -69.637, 81.18 ], [ -70.02, 81.106 ], [ -69.632, 81.139 ], [ -69.482, 81.185 ], [ -65.736, 81.493 ], [ -64.546, 81.55 ], [ -64.436, 81.482 ], [ -64.692, 81.391 ], [ -65.4, 81.27 ], [ -65.989, 81.228 ], [ -66.464, 81.122 ], [ -66.672, 81.04 ], [ -67.235, 80.94 ], [ -67.563, 80.946 ], [ -67.609, 80.933 ], [ -67.533, 80.899 ], [ -67.606, 80.871 ], [ -67.833, 80.854 ], [ -67.854, 80.823 ], [ -68.973, 80.617 ], [ -68.891, 80.604 ], [ -69.168, 80.522 ], [ -69.332, 80.409 ], [ -69.666, 80.355 ], [ -70.309, 80.358 ], [ -70.22, 80.42 ], [ -70.334, 80.477 ], [ -70.824, 80.567 ], [ -70.37, 80.413 ], [ -70.459, 80.385 ], [ -70.453, 80.344 ], [ -69.959, 80.262 ], [ -70.159, 80.192 ], [ -70.748, 80.207 ], [ -71.735, 80.118 ], [ -71.998, 80.192 ], [ -72.333, 80.23 ], [ -72.42, 80.213 ], [ -71.898, 80.118 ], [ -72.107, 80.086 ], [ -72.392, 80.091 ], [ -72.324, 80.084 ], [ -72.342, 80.063 ], [ -71.524, 80.068 ], [ -70.648, 80.143 ], [ -70.503, 80.098 ], [ -70.487, 80.063 ], [ -70.636, 80.04 ], [ -70.705, 79.992 ], [ -71.376, 79.942 ], [ -71.46, 79.899 ], [ -71.179, 79.916 ], [ -70.912, 79.893 ], [ -71.142, 79.789 ], [ -72.232, 79.663 ], [ -72.92, 79.71 ], [ -73.064, 79.802 ], [ -72.906, 79.816 ], [ -72.931, 79.824 ], [ -73.813, 79.822 ], [ -73.865, 79.837 ], [ -73.742, 79.85 ], [ -74.228, 79.896 ], [ -74.845, 79.85 ], [ -74.67, 79.796 ], [ -73.383, 79.776 ], [ -73.351, 79.768 ], [ -73.386, 79.755 ], [ -73.36, 79.717 ], [ -73.173, 79.659 ], [ -73.187, 79.597 ], [ -73.125, 79.566 ], [ -73.317, 79.509 ], [ -73.734, 79.496 ], [ -73.966, 79.564 ], [ -74.003, 79.542 ], [ -73.951, 79.487 ], [ -73.992, 79.459 ], [ -74.282, 79.44 ], [ -74.696, 79.45 ], [ -74.996, 79.513 ], [ -75.065, 79.494 ], [ -74.889, 79.416 ], [ -75.028, 79.373 ], [ -75.512, 79.396 ], [ -75.675, 79.434 ], [ -75.756, 79.414 ], [ -75.819, 79.453 ], [ -75.961, 79.427 ], [ -76.195, 79.494 ], [ -77.045, 79.522 ], [ -77.134, 79.549 ], [ -77.189, 79.508 ], [ -76.194, 79.47 ], [ -76.141, 79.447 ], [ -76.208, 79.43 ], [ -76.152, 79.395 ], [ -75.88, 79.357 ], [ -76.873, 79.35 ], [ -77.087, 79.406 ], [ -77.125, 79.469 ], [ -77.402, 79.453 ], [ -77.162, 79.33 ], [ -78.059, 79.357 ], [ -77.326, 79.267 ], [ -77.497, 79.248 ], [ -76.206, 79.277 ], [ -75.948, 79.237 ], [ -74.469, 79.227 ], [ -74.825, 79.179 ], [ -74.612, 79.151 ], [ -74.667, 79.145 ], [ -74.441, 79.063 ], [ -74.492, 79.037 ], [ -75.087, 79.032 ], [ -75.757, 79.084 ], [ -75.894, 79.104 ], [ -75.853, 79.145 ], [ -75.894, 79.17 ], [ -76.089, 79.205 ], [ -78.182, 79.195 ], [ -78.257, 79.172 ], [ -76.742, 79.15 ], [ -76.086, 79.104 ], [ -76.169, 79.077 ], [ -76.706, 79.091 ], [ -77.534, 79.024 ], [ -78.096, 79.085 ], [ -78.895, 79.069 ], [ -77.915, 79.056 ], [ -77.703, 79.008 ], [ -77.956, 78.96 ], [ -78.299, 78.796 ], [ -78.227, 78.772 ], [ -78.063, 78.858 ], [ -77.718, 78.97 ], [ -76.733, 79.037 ], [ -75.781, 78.982 ], [ -75.722, 78.967 ], [ -75.828, 78.926 ], [ -76.268, 78.905 ], [ -76.459, 78.849 ], [ -75.744, 78.897 ], [ -74.774, 78.835 ], [ -74.778, 78.805 ], [ -74.906, 78.788 ], [ -74.786, 78.783 ], [ -74.763, 78.768 ], [ -74.832, 78.747 ], [ -74.722, 78.713 ], [ -74.845, 78.699 ], [ -74.866, 78.677 ], [ -74.832, 78.658 ], [ -74.873, 78.644 ], [ -74.633, 78.59 ], [ -75.398, 78.516 ], [ -76.501, 78.547 ], [ -76.662, 78.528 ], [ -76.691, 78.513 ], [ -76.15, 78.507 ], [ -76.079, 78.466 ], [ -75.108, 78.375 ], [ -75.03, 78.336 ], [ -75.12, 78.305 ], [ -75.37, 78.307 ], [ -75.448, 78.247 ], [ -75.626, 78.2 ], [ -76.605, 78.255 ], [ -76.915, 78.207 ], [ -76.191, 78.133 ], [ -75.668, 78.137 ], [ -75.582, 78.113 ], [ -75.934, 77.959 ], [ -76.232, 78.021 ], [ -76.464, 77.991 ], [ -76.539, 77.946 ], [ -76.881, 77.905 ], [ -77.154, 77.949 ], [ -77.881, 77.943 ], [ -78.217, 78.003 ], [ -78.272, 77.98 ], [ -78.183, 77.966 ], [ -78.43, 77.911 ], [ -77.981, 77.817 ], [ -77.942, 77.76 ], [ -78.052, 77.733 ], [ -77.987, 77.702 ], [ -78.08, 77.679 ], [ -77.913, 77.675 ], [ -77.716, 77.61 ], [ -77.976, 77.56 ], [ -77.942, 77.513 ], [ -78.018, 77.472 ], [ -78.279, 77.432 ], [ -78.231, 77.404 ], [ -78.252, 77.387 ], [ -78.69, 77.319 ], [ -78.841, 77.315 ], [ -78.724, 77.377 ], [ -78.771, 77.385 ], [ -79.133, 77.291 ], [ -79.646, 77.322 ], [ -79.971, 77.281 ], [ -80.551, 77.31 ], [ -81.297, 77.437 ], [ -81.399, 77.489 ], [ -81.582, 77.517 ], [ -81.589, 77.554 ], [ -81.671, 77.569 ], [ -81.609, 77.582 ], [ -81.64, 77.598 ], [ -81.825, 77.625 ], [ -81.856, 77.674 ], [ -81.937, 77.685 ], [ -81.911, 77.618 ], [ -81.804, 77.597 ], [ -81.673, 77.524 ], [ -81.737, 77.435 ], [ -81.48, 77.376 ], [ -81.207, 77.374 ], [ -81.171, 77.333 ], [ -81.849, 77.29 ], [ -82.198, 77.302 ], [ -81.918, 77.253 ], [ -81.883, 77.219 ], [ -81.91, 77.206 ], [ -81.858, 77.17 ], [ -81.103, 77.287 ], [ -80.115, 77.206 ], [ -80.41, 77.083 ], [ -80.372, 77.075 ], [ -80.026, 77.189 ], [ -79.718, 77.243 ], [ -79.432, 77.239 ], [ -79.055, 77.168 ], [ -79.033, 77.157 ], [ -79.066, 77.137 ], [ -79.006, 77.105 ], [ -79.347, 76.979 ], [ -79.393, 76.953 ], [ -79.376, 76.926 ], [ -78.903, 76.934 ], [ -78.868, 76.924 ], [ -78.964, 76.842 ], [ -78.72, 76.828 ], [ -78.696, 76.842 ], [ -78.724, 76.883 ], [ -78.567, 76.897 ], [ -78.534, 76.954 ], [ -78.388, 76.973 ], [ -78.416, 76.986 ], [ -78.384, 77.004 ], [ -78.091, 77.023 ], [ -77.889, 76.95 ], [ -77.902, 76.918 ], [ -77.834, 76.891 ], [ -77.895, 76.869 ], [ -77.716, 76.822 ], [ -77.79, 76.776 ], [ -77.766, 76.728 ], [ -77.813, 76.688 ], [ -77.771, 76.664 ], [ -78.032, 76.633 ], [ -78.19, 76.561 ], [ -78.141, 76.527 ], [ -78.356, 76.498 ], [ -78.367, 76.466 ], [ -78.565, 76.47 ], [ -78.622, 76.5 ], [ -78.586, 76.52 ], [ -78.614, 76.555 ], [ -78.566, 76.568 ], [ -78.774, 76.577 ], [ -78.97, 76.435 ], [ -79.183, 76.404 ], [ -79.293, 76.302 ], [ -79.55, 76.317 ], [ -80.096, 76.228 ], [ -80.239, 76.244 ], [ -80.443, 76.198 ], [ -80.609, 76.198 ], [ -80.667, 76.164 ], [ -80.888, 76.173 ], [ -81.072, 76.129 ], [ -81.067, 76.164 ], [ -80.958, 76.198 ], [ -81.095, 76.219 ], [ -80.797, 76.372 ], [ -80.772, 76.42 ], [ -80.998, 76.486 ], [ -81.218, 76.5 ], [ -81.177, 76.533 ], [ -81.207, 76.564 ], [ -81.402, 76.483 ], [ -81.538, 76.473 ], [ -82.056, 76.516 ], [ -82.082, 76.527 ], [ -81.986, 76.584 ], [ -82.062, 76.617 ], [ -81.783, 76.688 ], [ -82.276, 76.635 ], [ -82.73, 76.821 ], [ -82.774, 76.815 ], [ -82.554, 76.725 ], [ -82.561, 76.693 ], [ -82.512, 76.662 ], [ -82.082, 76.568 ], [ -82.225, 76.52 ], [ -82.138, 76.439 ], [ -82.282, 76.4 ], [ -82.801, 76.39 ], [ -83.001, 76.436 ], [ -83.103, 76.466 ], [ -83.062, 76.5 ], [ -83.116, 76.589 ], [ -83.391, 76.678 ], [ -83.405, 76.719 ], [ -83.356, 76.753 ], [ -83.381, 76.761 ], [ -83.528, 76.709 ], [ -83.252, 76.577 ], [ -83.237, 76.519 ], [ -83.185, 76.496 ], [ -83.246, 76.459 ], [ -83.185, 76.431 ], [ -83.279, 76.406 ], [ -83.713, 76.435 ], [ -84.051, 76.553 ], [ -84.101, 76.635 ], [ -84.293, 76.664 ], [ -84.33, 76.651 ], [ -84.197, 76.618 ], [ -84.251, 76.537 ], [ -84.179, 76.486 ], [ -84.216, 76.451 ], [ -84.633, 76.439 ], [ -84.796, 76.479 ], [ -84.845, 76.535 ], [ -84.987, 76.586 ], [ -85.035, 76.575 ], [ -85.056, 76.52 ], [ -85.018, 76.459 ], [ -84.942, 76.422 ], [ -84.4, 76.339 ], [ -84.388, 76.315 ], [ -85.203, 76.284 ], [ -85.249, 76.316 ], [ -85.433, 76.308 ], [ -85.723, 76.355 ], [ -86.347, 76.389 ], [ -86.413, 76.41 ], [ -86.418, 76.472 ], [ -86.207, 76.527 ], [ -86.578, 76.642 ], [ -86.632, 76.637 ], [ -86.303, 76.528 ], [ -86.643, 76.477 ], [ -86.635, 76.449 ], [ -86.722, 76.348 ], [ -87.131, 76.39 ], [ -87.156, 76.404 ], [ -87.122, 76.434 ], [ -87.151, 76.449 ], [ -87.433, 76.466 ], [ -87.396, 76.51 ], [ -87.502, 76.548 ], [ -87.461, 76.589 ], [ -87.563, 76.62 ], [ -87.595, 76.538 ], [ -87.496, 76.503 ], [ -87.547, 76.449 ], [ -87.433, 76.424 ], [ -87.502, 76.383 ], [ -87.406, 76.356 ], [ -87.561, 76.371 ], [ -87.63, 76.336 ], [ -87.707, 76.34 ], [ -87.837, 76.418 ], [ -87.918, 76.364 ], [ -88.404, 76.394 ], [ -88.434, 76.404 ], [ -88.358, 76.438 ], [ -88.441, 76.466 ], [ -88.359, 76.49 ], [ -88.354, 76.519 ], [ -88.52, 76.621 ], [ -88.482, 76.661 ], [ -88.552, 76.74 ], [ -88.482, 76.777 ], [ -88.507, 76.824 ], [ -88.709, 76.712 ], [ -88.585, 76.637 ], [ -88.66, 76.602 ], [ -88.531, 76.581 ], [ -88.496, 76.548 ], [ -88.489, 76.507 ], [ -88.622, 76.438 ], [ -88.599, 76.41 ], [ -88.618, 76.404 ], [ -88.696, 76.415 ], [ -88.658, 76.475 ], [ -88.613, 76.486 ], [ -88.681, 76.524 ], [ -88.64, 76.561 ], [ -88.71, 76.601 ], [ -88.797, 76.555 ], [ -88.779, 76.536 ], [ -88.831, 76.5 ], [ -88.791, 76.459 ], [ -88.911, 76.41 ], [ -89.019, 76.417 ], [ -89.047, 76.45 ], [ -89.134, 76.424 ], [ -89.236, 76.438 ], [ -89.435, 76.5 ], [ -89.411, 76.544 ], [ -89.462, 76.576 ], [ -89.544, 76.543 ], [ -89.681, 76.575 ], [ -89.62, 76.589 ], [ -89.6, 76.629 ], [ -89.448, 76.659 ], [ -89.419, 76.687 ], [ -89.455, 76.725 ], [ -89.386, 76.733 ], [ -89.47, 76.763 ], [ -89.537, 76.857 ], [ -88.393, 77.103 ], [ -88.544, 77.103 ], [ -88.495, 77.114 ], [ -87.678, 77.137 ], [ -87.586, 77.098 ], [ -87.337, 77.116 ], [ -87.461, 77.13 ], [ -87.362, 77.176 ], [ -87.083, 77.189 ], [ -86.823, 77.129 ], [ -86.79, 77.137 ], [ -86.892, 77.171 ], [ -86.604, 77.178 ], [ -87.181, 77.2 ], [ -87.215, 77.212 ], [ -86.913, 77.267 ], [ -87.171, 77.275 ], [ -87.249, 77.308 ], [ -86.831, 77.356 ], [ -86.85, 77.364 ], [ -87.123, 77.369 ], [ -87.349, 77.334 ], [ -87.721, 77.37 ], [ -87.701, 77.397 ], [ -87.783, 77.438 ], [ -87.647, 77.487 ], [ -87.701, 77.541 ], [ -88.211, 77.65 ], [ -88.153, 77.742 ], [ -88.235, 77.774 ], [ -88.105, 77.815 ], [ -88.222, 77.863 ], [ -88.042, 77.823 ], [ -87.192, 77.905 ], [ -86.452, 77.836 ], [ -85.974, 77.713 ], [ -85.796, 77.513 ], [ -85.719, 77.474 ], [ -85.796, 77.425 ], [ -85.508, 77.479 ], [ -85.48, 77.466 ], [ -85.527, 77.443 ], [ -85.402, 77.401 ], [ -85.001, 77.384 ], [ -84.761, 77.322 ], [ -84.466, 77.302 ], [ -84.617, 77.384 ], [ -84.573, 77.407 ], [ -84.062, 77.404 ], [ -83.466, 77.349 ], [ -83.484, 77.391 ], [ -83.8, 77.429 ], [ -83.836, 77.459 ], [ -83.389, 77.514 ], [ -82.986, 77.679 ], [ -82.78, 77.795 ], [ -82.808, 77.801 ], [ -82.684, 77.833 ], [ -82.641, 77.894 ], [ -82.541, 77.925 ], [ -82.582, 77.946 ], [ -82.513, 77.96 ], [ -82.596, 78.021 ], [ -82.37, 78.042 ], [ -82.321, 78.083 ], [ -82.509, 78.08 ], [ -82.765, 78.028 ], [ -82.793, 77.989 ], [ -82.736, 77.928 ], [ -82.936, 77.882 ], [ -83.001, 77.826 ], [ -83.124, 77.788 ], [ -83.202, 77.71 ], [ -83.678, 77.535 ], [ -83.918, 77.494 ], [ -83.904, 77.513 ], [ -84.334, 77.533 ], [ -84.761, 77.52 ], [ -84.868, 77.573 ], [ -84.631, 77.63 ], [ -84.435, 77.729 ], [ -84.465, 77.749 ], [ -84.499, 77.755 ], [ -84.508, 77.754 ], [ -84.474, 77.74 ], [ -84.545, 77.681 ], [ -84.943, 77.603 ], [ -85.282, 77.66 ], [ -85.307, 77.671 ], [ -85.268, 77.713 ], [ -85.351, 77.74 ], [ -85.211, 77.759 ], [ -85.164, 77.806 ], [ -84.946, 77.829 ], [ -84.971, 77.844 ], [ -85.26, 77.804 ], [ -85.402, 77.832 ], [ -85.251, 77.885 ], [ -85.036, 77.879 ], [ -84.898, 77.897 ], [ -84.837, 77.891 ], [ -84.891, 77.838 ], [ -84.677, 77.908 ], [ -84.315, 77.898 ], [ -84.55, 77.928 ], [ -85.236, 77.91 ], [ -85.473, 77.872 ], [ -85.508, 77.883 ], [ -85.488, 77.911 ], [ -85.68, 77.935 ], [ -85.063, 78.063 ], [ -84.707, 78.035 ], [ -84.539, 78.075 ], [ -84.289, 78.083 ], [ -84.589, 78.081 ], [ -84.852, 78.058 ], [ -85.097, 78.103 ], [ -84.994, 78.158 ], [ -85.035, 78.179 ], [ -84.842, 78.169 ], [ -84.624, 78.203 ], [ -84.209, 78.16 ], [ -84.028, 78.179 ], [ -84.425, 78.213 ], [ -84.968, 78.214 ], [ -84.809, 78.327 ], [ -84.576, 78.354 ], [ -84.621, 78.371 ], [ -84.761, 78.343 ], [ -84.871, 78.37 ], [ -84.768, 78.488 ], [ -84.788, 78.507 ], [ -84.617, 78.59 ], [ -84.68, 78.591 ], [ -84.857, 78.507 ], [ -84.873, 78.466 ], [ -84.972, 78.422 ], [ -84.96, 78.35 ], [ -85.049, 78.315 ], [ -85.029, 78.289 ], [ -85.491, 78.106 ], [ -86.228, 78.062 ], [ -86.289, 78.083 ], [ -86.235, 78.137 ], [ -86.256, 78.158 ], [ -86.118, 78.172 ], [ -85.939, 78.237 ], [ -85.878, 78.295 ], [ -85.906, 78.302 ], [ -85.837, 78.342 ], [ -85.83, 78.377 ], [ -85.86, 78.386 ], [ -85.909, 78.342 ], [ -86.056, 78.302 ], [ -86.083, 78.252 ], [ -86.236, 78.205 ], [ -86.506, 78.215 ], [ -86.77, 78.12 ], [ -87.537, 78.145 ], [ -87.436, 78.187 ], [ -87.091, 78.207 ], [ -87.523, 78.233 ], [ -87.499, 78.374 ], [ -87.529, 78.411 ], [ -87.482, 78.452 ], [ -87.157, 78.549 ], [ -86.858, 78.549 ], [ -86.904, 78.583 ], [ -87.122, 78.583 ], [ -86.989, 78.648 ], [ -86.94, 78.714 ], [ -86.61, 78.809 ], [ -85.757, 78.832 ], [ -85.246, 78.917 ], [ -85.031, 78.922 ], [ -84.706, 78.871 ], [ -83.746, 78.839 ], [ -83.162, 78.724 ], [ -82.788, 78.693 ], [ -82.579, 78.607 ], [ -82.343, 78.569 ], [ -82.239, 78.594 ], [ -82.596, 78.706 ], [ -82.479, 78.734 ], [ -82.219, 78.727 ], [ -82.339, 78.759 ], [ -82.773, 78.734 ], [ -83.228, 78.807 ], [ -83.26, 78.837 ], [ -82.984, 78.855 ], [ -82.401, 78.829 ], [ -82.018, 78.867 ], [ -81.772, 78.866 ], [ -81.739, 78.857 ], [ -81.807, 78.848 ], [ -81.754, 78.843 ], [ -81.657, 78.891 ], [ -81.76, 78.919 ], [ -81.699, 78.979 ], [ -81.479, 79.049 ], [ -81.547, 79.069 ], [ -81.881, 79.019 ], [ -82.122, 78.916 ], [ -82.535, 78.885 ], [ -82.968, 78.941 ], [ -84.279, 78.955 ], [ -84.752, 79.039 ], [ -84.783, 79.053 ], [ -84.766, 79.087 ], [ -84.453, 79.148 ], [ -84.165, 79.131 ], [ -84.051, 79.105 ], [ -84.069, 79.083 ], [ -83.982, 79.051 ], [ -83.447, 79.029 ], [ -83.363, 79.055 ], [ -83.692, 79.07 ], [ -84.028, 79.159 ], [ -83.932, 79.192 ], [ -83.962, 79.22 ], [ -84.143, 79.183 ], [ -84.33, 79.192 ], [ -84.336, 79.248 ], [ -84.43, 79.297 ], [ -84.487, 79.413 ], [ -84.879, 79.487 ], [ -84.885, 79.515 ], [ -85.049, 79.591 ], [ -85.021, 79.618 ], [ -85.322, 79.68 ], [ -86.475, 79.761 ], [ -86.482, 79.822 ], [ -86.378, 79.824 ], [ -86.454, 79.85 ], [ -86.475, 79.893 ], [ -86.396, 79.963 ], [ -85.535, 79.935 ], [ -85.333, 79.9 ], [ -85.254, 79.926 ], [ -86.535, 80.031 ], [ -86.654, 80.137 ], [ -86.522, 80.241 ], [ -86.504, 80.309 ], [ -85.893, 80.338 ], [ -85.316, 80.269 ], [ -83.788, 80.251 ], [ -82.171, 79.869 ], [ -81.965, 79.747 ], [ -81.986, 79.727 ], [ -81.671, 79.693 ], [ -81.677, 79.648 ], [ -81.616, 79.624 ], [ -81.787, 79.611 ], [ -81.652, 79.594 ], [ -81.378, 79.643 ], [ -80.587, 79.569 ], [ -80.643, 79.591 ], [ -79.92, 79.649 ], [ -79.752, 79.707 ], [ -80.881, 79.654 ], [ -81.322, 79.721 ], [ -81.523, 79.718 ], [ -81.506, 79.755 ], [ -81.629, 79.768 ], [ -81.566, 79.807 ], [ -81.662, 79.908 ], [ -81.404, 79.94 ], [ -82.169, 80.018 ], [ -83.206, 80.323 ], [ -80.352, 80.473 ], [ -80.293, 80.488 ], [ -80.362, 80.508 ], [ -80.051, 80.528 ], [ -78.052, 80.569 ], [ -78.018, 80.597 ], [ -79.964, 80.617 ], [ -78.189, 80.806 ], [ -76.515, 80.856 ], [ -76.483, 80.879 ], [ -76.589, 80.902 ], [ -77.998, 80.906 ], [ -78.848, 80.858 ], [ -78.936, 80.879 ], [ -78.862, 80.925 ], [ -78.927, 80.986 ], [ -78.909, 81.002 ], [ -78.47, 81.104 ], [ -78.395, 81.146 ], [ -78.477, 81.152 ], [ -78.444, 81.171 ], [ -78.16, 81.193 ], [ -77.842, 81.284 ], [ -76.744, 81.44 ], [ -76.854, 81.455 ], [ -78.192, 81.305 ], [ -78.683, 81.192 ], [ -78.758, 81.139 ], [ -78.69, 81.125 ], [ -78.737, 81.114 ], [ -78.944, 81.107 ], [ -79.505, 81.2 ], [ -79.066, 81.091 ], [ -79.259, 81.064 ], [ -79.347, 81.002 ], [ -79.168, 80.988 ], [ -79.195, 80.959 ], [ -79.411, 80.923 ], [ -79.443, 80.885 ], [ -79.614, 80.828 ], [ -80.876, 80.663 ], [ -82.913, 80.539 ], [ -83.12, 80.548 ], [ -83.168, 80.588 ], [ -83.087, 80.647 ], [ -82.149, 80.727 ], [ -81.76, 80.817 ], [ -81.97, 80.837 ], [ -82.579, 80.742 ], [ -83.302, 80.698 ], [ -83.526, 80.705 ], [ -83.569, 80.742 ], [ -83.124, 80.831 ], [ -83.274, 80.847 ], [ -83.658, 80.755 ], [ -83.863, 80.762 ], [ -83.775, 80.742 ], [ -83.827, 80.709 ], [ -83.719, 80.632 ], [ -83.846, 80.544 ], [ -85.121, 80.504 ], [ -85.865, 80.543 ], [ -85.563, 80.625 ], [ -86.05, 80.538 ], [ -86.749, 80.604 ], [ -86.552, 80.716 ], [ -85.622, 80.98 ], [ -84.977, 81.045 ], [ -84.22, 81.058 ], [ -82.363, 81.18 ], [ -85.781, 81.034 ], [ -86.112, 80.993 ], [ -86.563, 80.875 ], [ -86.618, 80.837 ], [ -87.064, 80.734 ], [ -87.099, 80.691 ], [ -87.276, 80.632 ], [ -87.707, 80.645 ], [ -88.931, 80.799 ], [ -89.462, 80.915 ], [ -89.272, 80.953 ], [ -88.413, 80.999 ], [ -87.619, 80.981 ], [ -86.699, 81.005 ], [ -86.281, 81.069 ], [ -85.858, 81.076 ], [ -85.83, 81.084 ], [ -85.919, 81.112 ], [ -85.533, 81.189 ], [ -84.734, 81.284 ], [ -84.939, 81.31 ], [ -85.245, 81.299 ], [ -85.875, 81.24 ], [ -86.516, 81.125 ], [ -87.388, 81.069 ], [ -87.86, 81.08 ], [ -89.826, 81.013 ], [ -90.182, 81.07 ], [ -90.353, 81.174 ], [ -89.984, 81.25 ], [ -89.559, 81.209 ], [ -88.934, 81.249 ], [ -89.387, 81.252 ], [ -89.956, 81.331 ], [ -89.243, 81.411 ], [ -88.991, 81.469 ], [ -88.818, 81.461 ], [ -88.934, 81.482 ], [ -88.889, 81.5 ], [ -87.941, 81.536 ], [ -87.976, 81.522 ], [ -87.249, 81.495 ], [ -88.343, 81.591 ], [ -90.492, 81.371 ], [ -90.552, 81.385 ], [ -90.483, 81.399 ], [ -90.86, 81.447 ], [ -89.915, 81.596 ], [ -89.642, 81.602 ], [ -89.586, 81.632 ], [ -90.092, 81.626 ], [ -90.024, 81.646 ], [ -90.299, 81.704 ], [ -90.356, 81.691 ], [ -90.291, 81.646 ], [ -90.716, 81.674 ], [ -91.008, 81.608 ], [ -90.962, 81.563 ], [ -91.47, 81.53 ], [ -91.409, 81.55 ], [ -91.482, 81.596 ], [ -91.881, 81.619 ], [ -91.949, 81.632 ], [ -91.867, 81.646 ], [ -91.957, 81.66 ], [ -91.772, 81.667 ], [ -91.813, 81.68 ], [ -91.738, 81.694 ], [ -91.731, 81.729 ], [ -91.484, 81.772 ], [ -91.051, 81.765 ], [ -91.031, 81.769 ], [ -91.154, 81.804 ], [ -91.014, 81.842 ], [ -90.732, 81.839 ], [ -90.613, 81.877 ], [ -90.243, 81.9 ], [ -89.935, 81.886 ], [ -89.983, 81.903 ], [ -89.722, 81.923 ], [ -89.681, 81.914 ], [ -89.743, 81.9 ], [ -89.645, 81.864 ], [ -89.335, 81.809 ], [ -89.341, 81.831 ], [ -89.147, 81.886 ], [ -89.413, 81.93 ], [ -89.252, 81.949 ], [ -89.079, 81.914 ], [ -88.989, 81.928 ], [ -89.058, 81.989 ], [ -89.007, 82.007 ], [ -88.07, 82.107 ], [ -87.373, 82.077 ], [ -87.174, 82.016 ], [ -87.318, 81.976 ], [ -87.29, 81.964 ], [ -86.728, 81.893 ], [ -86.814, 81.932 ], [ -87.131, 81.976 ], [ -86.844, 81.989 ], [ -87.001, 82.032 ], [ -86.965, 82.051 ], [ -86.162, 82.046 ], [ -85.399, 81.857 ], [ -85.371, 81.865 ], [ -85.734, 81.989 ], [ -85.268, 82.008 ], [ -85.021, 81.92 ], [ -84.796, 81.886 ], [ -85.069, 81.989 ], [ -84.866, 81.994 ], [ -84.774, 81.919 ], [ -84.603, 81.893 ], [ -84.752, 81.991 ], [ -86.728, 82.137 ], [ -86.879, 82.208 ], [ -85.401, 82.277 ], [ -85.351, 82.29 ], [ -85.495, 82.324 ], [ -85.419, 82.352 ], [ -85.516, 82.352 ], [ -85.535, 82.366 ], [ -85.501, 82.4 ], [ -85.548, 82.416 ], [ -85.919, 82.434 ], [ -85.762, 82.467 ], [ -84.708, 82.483 ], [ -84.624, 82.453 ], [ -84.946, 82.427 ], [ -84.521, 82.4 ], [ -84.347, 82.353 ], [ -84.199, 82.373 ], [ -83.675, 82.349 ], [ -83.427, 82.303 ], [ -83.336, 82.228 ], [ -83.034, 82.172 ], [ -82.952, 82.126 ], [ -83.13, 82.071 ], [ -81.877, 82.044 ], [ -82.112, 82.099 ], [ -82.627, 82.104 ], [ -83.018, 82.236 ], [ -83.025, 82.285 ], [ -82.97, 82.298 ], [ -82.401, 82.247 ], [ -80.568, 81.996 ], [ -80.021, 81.968 ], [ -79.529, 81.824 ], [ -79.231, 81.818 ], [ -79.704, 81.961 ], [ -79.923, 81.989 ], [ -79.835, 82.016 ], [ -79.864, 82.027 ], [ -80.934, 82.104 ], [ -80.974, 82.135 ], [ -80.869, 82.16 ], [ -81.292, 82.163 ], [ -82.731, 82.405 ], [ -82.497, 82.509 ], [ -81.5, 82.498 ], [ -81.479, 82.503 ], [ -81.914, 82.525 ], [ -82.397, 82.619 ], [ -82.328, 82.659 ], [ -82.07, 82.674 ], [ -81.416, 82.631 ], [ -80.887, 82.535 ], [ -80.581, 82.543 ], [ -81.097, 82.673 ], [ -81.16, 82.717 ], [ -81.585, 82.801 ], [ -81.474, 82.83 ], [ -80.315, 82.786 ], [ -80.293, 82.756 ], [ -80.142, 82.722 ], [ -80.183, 82.701 ], [ -80.152, 82.681 ], [ -79.847, 82.644 ], [ -79.799, 82.653 ], [ -79.985, 82.694 ], [ -79.901, 82.718 ], [ -79.126, 82.669 ], [ -78.504, 82.688 ], [ -79.895, 82.765 ], [ -79.923, 82.798 ], [ -79.998, 82.804 ], [ -79.676, 82.831 ], [ -80.352, 82.864 ], [ -80.43, 82.9 ], [ -80.158, 82.939 ], [ -79.34, 82.976 ], [ -79.191, 82.954 ], [ -79.218, 82.935 ], [ -79.009, 82.875 ], [ -78.793, 82.944 ], [ -78.606, 82.944 ], [ -78.509, 82.921 ], [ -78.559, 82.866 ], [ -78.519, 82.846 ], [ -78.375, 82.872 ], [ -78.107, 82.831 ], [ -78.244, 82.866 ], [ -78.024, 82.861 ], [ -78.114, 82.893 ], [ -77.852, 82.926 ], [ -77.139, 82.867 ], [ -76.929, 82.791 ], [ -76.963, 82.776 ], [ -76.789, 82.758 ], [ -76.557, 82.675 ], [ -75.894, 82.599 ], [ -76.151, 82.531 ], [ -76.264, 82.468 ], [ -76.218, 82.452 ], [ -75.668, 82.594 ], [ -75.4, 82.619 ], [ -76.106, 82.688 ], [ -76.312, 82.756 ], [ -75.976, 82.791 ], [ -76.374, 82.791 ], [ -76.668, 82.88 ], [ -77.387, 82.99 ], [ -77.134, 83.037 ], [ -77.175, 83.023 ], [ -76.135, 83.054 ], [ -74.2, 83.002 ], [ -74.016, 82.962 ], [ -73.828, 82.866 ], [ -72.591, 82.701 ], [ -72.612, 82.715 ], [ -72.502, 82.729 ], [ -73.114, 82.791 ], [ -73.373, 82.848 ], [ -73.453, 82.903 ], [ -73.653, 82.927 ], [ -73.248, 83.021 ], [ -72.886, 83.058 ], [ -73.009, 83.058 ], [ -72.972, 83.073 ], [ -72.702, 83.097 ], [ -71.628, 83.103 ], [ -71.583, 83.092 ], [ -71.796, 83.02 ], [ -71.583, 82.948 ], [ -70.837, 82.886 ], [ -71.501, 83.01 ], [ -71.09, 83.078 ], [ -71.124, 83.1 ], [ -70.908, 83.082 ], [ -70.817, 83.111 ], [ -69.688, 83.117 ], [ -69.658, 83.105 ], [ -69.733, 83.092 ], [ -69.665, 83.078 ], [ -69.774, 83.051 ], [ -69.452, 83.037 ], [ -69.658, 83.003 ], [ -69.617, 82.99 ], [ -69.039, 83.046 ], [ -68.976, 83.026 ], [ -68.986, 82.996 ], [ -68.954, 82.983 ], [ -68.172, 82.999 ], [ -68.143, 82.99 ], [ -68.191, 82.948 ], [ -68.132, 82.933 ], [ -67.597, 82.971 ], [ -67.18, 82.933 ], [ -67.098, 82.964 ], [ -66.937, 82.954 ], [ -66.979, 82.935 ], [ -66.895, 82.925 ], [ -66.785, 82.958 ], [ -66.3, 82.935 ], [ -66.389, 82.921 ], [ -66.341, 82.907 ], [ -66.363, 82.894 ], [ -66.846, 82.812 ], [ -68.428, 82.685 ], [ -68.671, 82.64 ], [ -68.618, 82.63 ], [ -67.442, 82.658 ], [ -67.102, 82.711 ], [ -66.668, 82.712 ], [ -66.629, 82.758 ], [ -65.852, 82.842 ], [ -65.493, 82.843 ], [ -65.457, 82.831 ], [ -65.526, 82.804 ], [ -65.493, 82.785 ], [ -65.155, 82.77 ], [ -65.355, 82.804 ], [ -65.101, 82.852 ], [ -65.306, 82.872 ], [ -65.276, 82.879 ], [ -64.697, 82.91 ], [ -64.656, 82.9 ], [ -64.937, 82.872 ], [ -64.71, 82.859 ], [ -64.751, 82.831 ], [ -64.443, 82.76 ], [ -64.136, 82.837 ], [ -63.447, 82.827 ], [ -63.381, 82.804 ], [ -63.381, 82.77 ], [ -63.853, 82.722 ], [ -63.652, 82.718 ], [ -63.538, 82.701 ], [ -63.539, 82.676 ], [ -63.23, 82.647 ], [ -63.371, 82.612 ], [ -62.928, 82.571 ], [ -63.065, 82.537 ], [ -63.121, 82.482 ], [ -63.093, 82.468 ], [ -63.373, 82.441 ], [ -63.035, 82.457 ], [ -62.87, 82.517 ], [ -62.729, 82.489 ], [ -62.764, 82.51 ], [ -62.175, 82.53 ], [ -62.301, 82.521 ], [ -62.352, 82.482 ], [ -62.237, 82.503 ], [ -62.257, 82.51 ], [ -61.579, 82.489 ], [ -61.341, 82.45 ], [ -61.137, 82.382 ], [ -61.085, 82.331 ], [ -61.119, 82.258 ], [ -61.312, 82.197 ], [ -62.031, 82.139 ] ] ], [ [ [ -67.956, 60.302 ], [ -68.061, 60.294 ], [ -68.321, 60.197 ], [ -68.419, 60.21 ], [ -68.439, 60.259 ], [ -68.241, 60.586 ], [ -68.131, 60.597 ], [ -67.999, 60.586 ], [ -67.947, 60.531 ], [ -67.84, 60.49 ], [ -67.847, 60.416 ], [ -67.96, 60.333 ], [ -67.956, 60.302 ] ] ], [ [ [ -64.824, 60.415 ], [ -64.862, 60.466 ], [ -64.827, 60.485 ], [ -64.641, 60.492 ], [ -64.56, 60.449 ], [ -64.531, 60.376 ], [ -64.422, 60.398 ], [ -64.519, 60.319 ], [ -64.824, 60.415 ] ] ], [ [ [ -64.609, 60.63 ], [ -64.716, 60.605 ], [ -64.599, 60.688 ], [ -64.609, 60.63 ] ] ], [ [ [ -64.984, 61.366 ], [ -64.922, 61.403 ], [ -65.076, 61.419 ], [ -65.121, 61.437 ], [ -65.087, 61.458 ], [ -65.161, 61.459 ], [ -65.193, 61.502 ], [ -65.376, 61.548 ], [ -65.486, 61.599 ], [ -65.484, 61.623 ], [ -65.429, 61.662 ], [ -65.047, 61.698 ], [ -64.717, 61.663 ], [ -64.792, 61.623 ], [ -64.723, 61.636 ], [ -64.738, 61.616 ], [ -64.65, 61.605 ], [ -64.723, 61.55 ], [ -64.682, 61.534 ], [ -64.717, 61.513 ], [ -64.675, 61.508 ], [ -64.697, 61.458 ], [ -64.783, 61.424 ], [ -64.851, 61.334 ], [ -64.984, 61.366 ] ] ], [ [ [ -65.814, 61.76 ], [ -65.9, 61.773 ], [ -65.946, 61.801 ], [ -65.791, 61.873 ], [ -65.752, 61.856 ], [ -65.785, 61.831 ], [ -65.723, 61.844 ], [ -65.676, 61.76 ], [ -65.772, 61.787 ], [ -65.814, 61.76 ] ] ], [ [ [ -65.241, 61.92 ], [ -65.067, 61.93 ], [ -65.019, 61.856 ], [ -64.978, 61.897 ], [ -64.95, 61.821 ], [ -64.892, 61.833 ], [ -64.828, 61.761 ], [ -64.93, 61.727 ], [ -65.217, 61.828 ], [ -65.255, 61.891 ], [ -65.241, 61.92 ] ] ], [ [ [ -64.484, 62.486 ], [ -64.395, 62.465 ], [ -64.498, 62.449 ], [ -64.47, 62.418 ], [ -64.594, 62.37 ], [ -64.923, 62.42 ], [ -64.963, 62.465 ], [ -64.792, 62.493 ], [ -64.868, 62.527 ], [ -64.801, 62.569 ], [ -64.686, 62.534 ], [ -64.526, 62.561 ], [ -64.36, 62.506 ], [ -64.484, 62.486 ] ] ], [ [ [ -65.142, 62.554 ], [ -64.954, 62.609 ], [ -64.841, 62.582 ], [ -64.967, 62.534 ], [ -65.142, 62.554 ] ] ], [ [ [ -74.119, 62.603 ], [ -74.653, 62.719 ], [ -74.53, 62.753 ], [ -74.413, 62.725 ], [ -74.376, 62.685 ], [ -74.032, 62.675 ], [ -73.965, 62.609 ], [ -74.119, 62.603 ] ] ], [ [ [ -70.362, 62.527 ], [ -70.741, 62.558 ], [ -70.733, 62.596 ], [ -70.791, 62.603 ], [ -70.817, 62.673 ], [ -70.925, 62.746 ], [ -70.793, 62.744 ], [ -70.785, 62.778 ], [ -71.157, 62.803 ], [ -71.18, 62.815 ], [ -71.035, 62.829 ], [ -71.197, 62.85 ], [ -71.236, 62.886 ], [ -70.789, 62.842 ], [ -70.492, 62.767 ], [ -70.327, 62.687 ], [ -70.373, 62.667 ], [ -70.275, 62.657 ], [ -70.177, 62.59 ], [ -70.362, 62.527 ] ] ], [ [ [ -66.569, 62.915 ], [ -66.343, 62.85 ], [ -66.411, 62.848 ], [ -66.569, 62.915 ] ] ], [ [ [ -67.074, 63.098 ], [ -66.925, 63.065 ], [ -66.771, 62.945 ], [ -66.793, 62.925 ], [ -67.074, 63.098 ] ] ], [ [ [ -68.05, 63.192 ], [ -68.188, 63.25 ], [ -68.216, 63.276 ], [ -68.145, 63.272 ], [ -68.05, 63.192 ] ] ], [ [ [ -67.895, 63.189 ], [ -67.959, 63.218 ], [ -68.092, 63.32 ], [ -68.023, 63.301 ], [ -67.895, 63.189 ] ] ], [ [ [ -67.853, 63.346 ], [ -67.818, 63.291 ], [ -67.866, 63.292 ], [ -67.964, 63.41 ], [ -67.853, 63.346 ] ] ], [ [ [ -64.183, 63.321 ], [ -64.173, 63.303 ], [ -64.259, 63.327 ], [ -64.352, 63.395 ], [ -64.422, 63.473 ], [ -64.388, 63.486 ], [ -64.418, 63.532 ], [ -64.498, 63.617 ], [ -64.477, 63.638 ], [ -64.395, 63.678 ], [ -64.338, 63.657 ], [ -64.282, 63.516 ], [ -64.306, 63.486 ], [ -64.252, 63.445 ], [ -64.293, 63.439 ], [ -64.086, 63.335 ], [ -64.06, 63.275 ], [ -64.183, 63.321 ] ] ], [ [ [ -64.091, 63.486 ], [ -64.149, 63.54 ], [ -64.169, 63.605 ], [ -64.137, 63.618 ], [ -64.043, 63.563 ], [ -64.091, 63.486 ] ] ], [ [ [ -72.591, 63.678 ], [ -72.543, 63.665 ], [ -72.783, 63.665 ], [ -72.501, 63.713 ], [ -72.46, 63.688 ], [ -72.591, 63.678 ] ] ], [ [ [ -64.334, 63.845 ], [ -64.217, 63.843 ], [ -64.174, 63.806 ], [ -64.257, 63.762 ], [ -64.261, 63.724 ], [ -64.343, 63.769 ], [ -64.334, 63.845 ] ] ], [ [ [ -64.751, 63.828 ], [ -64.771, 63.874 ], [ -64.731, 63.869 ], [ -64.729, 63.903 ], [ -64.687, 63.918 ], [ -64.614, 63.886 ], [ -64.563, 63.909 ], [ -64.607, 63.843 ], [ -64.505, 63.843 ], [ -64.613, 63.788 ], [ -64.501, 63.751 ], [ -64.422, 63.781 ], [ -64.394, 63.701 ], [ -64.472, 63.681 ], [ -64.703, 63.787 ], [ -64.792, 63.768 ], [ -64.916, 63.824 ], [ -64.813, 63.884 ], [ -64.751, 63.828 ] ] ], [ [ [ -73.173, 64.206 ], [ -73.287, 64.148 ], [ -73.4, 64.165 ], [ -73.391, 64.196 ], [ -73.315, 64.201 ], [ -73.338, 64.24 ], [ -73.173, 64.206 ] ] ], [ [ [ -64.991, 64.193 ], [ -65.075, 64.307 ], [ -65.046, 64.328 ], [ -64.884, 64.264 ], [ -64.938, 64.244 ], [ -64.878, 64.23 ], [ -64.991, 64.193 ] ] ], [ [ [ -73.497, 64.448 ], [ -73.55, 64.411 ], [ -73.515, 64.37 ], [ -73.584, 64.329 ], [ -73.556, 64.315 ], [ -73.654, 64.323 ], [ -73.674, 64.432 ], [ -73.578, 64.446 ], [ -73.605, 64.489 ], [ -73.578, 64.493 ], [ -73.684, 64.525 ], [ -73.571, 64.568 ], [ -73.509, 64.556 ], [ -73.53, 64.504 ], [ -73.497, 64.448 ] ] ], [ [ [ -65.683, 64.515 ], [ -65.654, 64.581 ], [ -65.458, 64.68 ], [ -65.412, 64.74 ], [ -65.382, 64.726 ], [ -65.409, 64.658 ], [ -65.293, 64.74 ], [ -65.251, 64.713 ], [ -65.314, 64.666 ], [ -65.21, 64.644 ], [ -65.436, 64.59 ], [ -65.361, 64.583 ], [ -65.391, 64.562 ], [ -65.546, 64.548 ], [ -65.451, 64.535 ], [ -65.473, 64.523 ], [ -65.683, 64.515 ] ] ], [ [ [ -66.968, 65.283 ], [ -67.017, 65.32 ], [ -66.925, 65.365 ], [ -66.903, 65.345 ], [ -66.968, 65.283 ] ] ], [ [ [ -62.298, 65.713 ], [ -62.168, 65.706 ], [ -62.202, 65.686 ], [ -62.127, 65.679 ], [ -62.202, 65.645 ], [ -62.209, 65.61 ], [ -62.266, 65.664 ], [ -62.318, 65.615 ], [ -62.349, 65.63 ], [ -62.311, 65.665 ], [ -62.47, 65.665 ], [ -62.442, 65.693 ], [ -62.486, 65.724 ], [ -62.47, 65.749 ], [ -62.387, 65.728 ], [ -62.25, 65.748 ], [ -62.298, 65.713 ] ] ], [ [ [ -67.705, 65.717 ], [ -67.559, 65.739 ], [ -67.389, 65.736 ], [ -67.682, 65.689 ], [ -67.705, 65.717 ] ] ], [ [ [ -65.786, 65.702 ], [ -65.837, 65.678 ], [ -65.866, 65.781 ], [ -65.771, 65.763 ], [ -65.786, 65.702 ] ] ], [ [ [ -67.149, 65.996 ], [ -66.964, 65.997 ], [ -66.922, 65.975 ], [ -66.929, 65.95 ], [ -67.057, 65.983 ], [ -67.106, 65.958 ], [ -67.149, 65.996 ] ] ], [ [ [ -62.72, 67.053 ], [ -62.771, 67.015 ], [ -62.902, 67.063 ], [ -62.822, 67.058 ], [ -62.8, 67.102 ], [ -62.613, 67.145 ], [ -62.639, 67.178 ], [ -62.428, 67.193 ], [ -62.374, 67.166 ], [ -62.671, 67.046 ], [ -62.72, 67.053 ] ] ], [ [ [ -63.461, 67.27 ], [ -63.833, 67.29 ], [ -63.632, 67.356 ], [ -63.585, 67.342 ], [ -63.593, 67.31 ], [ -63.487, 67.342 ], [ -63.36, 67.296 ], [ -63.461, 67.27 ] ] ], [ [ [ -64.032, 67.556 ], [ -63.955, 67.655 ], [ -63.757, 67.523 ], [ -64.017, 67.512 ], [ -64.032, 67.556 ] ] ], [ [ [ -74.598, 67.83 ], [ -74.77, 67.964 ], [ -74.769, 68.048 ], [ -74.657, 68.084 ], [ -74.462, 68.071 ], [ -74.338, 68.181 ], [ -74.214, 68.135 ], [ -74.272, 68.088 ], [ -74.255, 68.063 ], [ -74.126, 68.067 ], [ -73.79, 67.995 ], [ -73.715, 68.017 ], [ -73.446, 67.993 ], [ -73.413, 67.968 ], [ -73.433, 67.934 ], [ -73.406, 67.862 ], [ -73.358, 67.838 ], [ -73.409, 67.776 ], [ -74.402, 67.779 ], [ -74.598, 67.83 ] ] ], [ [ [ -66.263, 68.222 ], [ -66.271, 68.161 ], [ -66.317, 68.159 ], [ -66.661, 68.209 ], [ -66.183, 68.263 ], [ -66.263, 68.222 ] ] ], [ [ [ -74.298, 68.464 ], [ -74.17, 68.4 ], [ -74.081, 68.333 ], [ -74.173, 68.247 ], [ -74.257, 68.269 ], [ -74.259, 68.315 ], [ -74.215, 68.324 ], [ -74.335, 68.361 ], [ -74.401, 68.423 ], [ -74.376, 68.463 ], [ -74.298, 68.464 ] ] ], [ [ [ -74.647, 68.612 ], [ -74.517, 68.564 ], [ -74.788, 68.561 ], [ -74.893, 68.626 ], [ -74.793, 68.676 ], [ -74.646, 68.647 ], [ -74.647, 68.612 ] ] ], [ [ [ -68.459, 68.794 ], [ -68.427, 68.818 ], [ -68.205, 68.797 ], [ -67.663, 68.701 ], [ -68.459, 68.794 ] ] ], [ [ [ -67.554, 69.523 ], [ -67.485, 69.508 ], [ -67.753, 69.523 ], [ -67.726, 69.55 ], [ -67.547, 69.57 ], [ -67.511, 69.607 ], [ -67.308, 69.558 ], [ -67.554, 69.523 ] ] ], [ [ [ -68.308, 69.592 ], [ -68.014, 69.678 ], [ -67.828, 69.661 ], [ -67.973, 69.695 ], [ -67.891, 69.712 ], [ -67.725, 69.647 ], [ -67.91, 69.534 ], [ -68.308, 69.592 ] ] ], [ [ [ -71.386, 70.929 ], [ -71.625, 70.901 ], [ -72.048, 70.809 ], [ -72.118, 70.825 ], [ -72.228, 70.935 ], [ -72.067, 70.932 ], [ -72.022, 71.045 ], [ -71.86, 71.079 ], [ -71.343, 71.008 ], [ -71.399, 70.95 ], [ -71.386, 70.929 ] ] ], [ [ [ -72.817, 71.449 ], [ -73.024, 71.412 ], [ -73.016, 71.347 ], [ -72.98, 71.322 ], [ -73.07, 71.298 ], [ -73.088, 71.318 ], [ -73.063, 71.326 ], [ -73.267, 71.364 ], [ -73.255, 71.421 ], [ -73.379, 71.518 ], [ -73.172, 71.573 ], [ -73.077, 71.539 ], [ -73.18, 71.452 ], [ -73.156, 71.423 ], [ -72.977, 71.522 ], [ -72.817, 71.449 ] ] ], [ [ [ -73.044, 71.586 ], [ -72.926, 71.655 ], [ -72.738, 71.662 ], [ -72.659, 71.6 ], [ -72.765, 71.529 ], [ -72.995, 71.557 ], [ -73.044, 71.586 ] ] ], [ [ [ -74.704, 78.727 ], [ -74.627, 78.784 ], [ -74.167, 78.727 ], [ -74.331, 78.678 ], [ -74.704, 78.727 ] ] ] ] } },
{ "type": "Feature", "properties": { "code": "CA-ON" }, "geometry": { "type": "MultiPolygon", "coordinates": [ [ [ [ -89.34, 47.984 ], [ -89.781, 48.017 ], [ -89.92, 47.987 ], [ -90.12, 48.115 ], [ -90.75, 48.084 ], [ -90.874, 48.234 ], [ -91.276, 48.065 ], [ -91.575, 48.048 ], [ -91.59, 48.088 ], [ -91.716, 48.112 ], [ -91.696, 48.138 ], [ -91.744, 48.18 ], [ -91.975, 48.237 ], [ -92.07, 48.347 ], [ -92.282, 48.332 ], [ -92.291, 48.25 ], [ -92.372, 48.223 ], [ -92.462, 48.329 ], [ -92.491, 48.433 ], [ -92.704, 48.445 ], [ -92.711, 48.483 ], [ -92.627, 48.503 ], [ -92.649, 48.536 ], [ -92.956, 48.612 ], [ -93.258, 48.63 ], [ -93.451, 48.597 ], [ -93.492, 48.542 ], [ -93.757, 48.517 ], [ -93.875, 48.636 ], [ -94.232, 48.652 ], [ -94.293, 48.712 ], [ -94.519, 48.704 ], [ -94.689, 48.779 ], [ -94.839, 49.309 ], [ -95.161, 49.374 ], [ -95.154, 52.821 ], [ -93.62, 53.747 ], [ -91.378, 55.316 ], [ -89.731, 56.372 ], [ -88.947, 56.853 ], [ -88.891, 56.861 ], [ -88.644, 56.693 ], [ -88.524, 56.662 ], [ -88.311, 56.538 ], [ -87.98, 56.443 ], [ -87.709, 56.16 ], [ -87.589, 56.08 ], [ -87.619, 56.003 ], [ -87.579, 56.046 ], [ -87.501, 56.045 ], [ -87.488, 56.017 ], [ -87.355, 56.004 ], [ -87.365, 55.948 ], [ -86.98, 55.934 ], [ -86.289, 55.726 ], [ -85.904, 55.662 ], [ -85.696, 55.604 ], [ -85.439, 55.428 ], [ -85.128, 55.35 ], [ -85.127, 55.303 ], [ -85.199, 55.284 ], [ -85.389, 55.112 ], [ -85.417, 54.999 ], [ -85.199, 55.242 ], [ -85.054, 55.294 ], [ -84.613, 55.245 ], [ -84.227, 55.297 ], [ -84.079, 55.277 ], [ -83.929, 55.327 ], [ -83.768, 55.281 ], [ -83.73, 55.26 ], [ -83.737, 55.225 ], [ -83.699, 55.249 ], [ -83.611, 55.232 ], [ -83.567, 55.191 ], [ -83.588, 55.157 ], [ -83.561, 55.133 ], [ -83.558, 55.185 ], [ -83.583, 55.232 ], [ -83.713, 55.277 ], [ -83.185, 55.201 ], [ -82.976, 55.239 ], [ -82.92, 55.221 ], [ -82.898, 55.174 ], [ -82.952, 55.113 ], [ -82.877, 55.161 ], [ -82.763, 55.145 ], [ -82.644, 55.174 ], [ -82.567, 55.148 ], [ -82.529, 55.168 ], [ -82.321, 55.071 ], [ -82.343, 55.105 ], [ -82.311, 55.119 ], [ -82.356, 55.168 ], [ -82.252, 55.118 ], [ -82.283, 55.028 ], [ -82.256, 54.983 ], [ -82.273, 54.938 ], [ -82.201, 54.834 ], [ -82.444, 54.365 ], [ -82.427, 54.212 ], [ -82.372, 54.151 ], [ -82.383, 54.125 ], [ -82.324, 54.122 ], [ -82.243, 54.065 ], [ -82.126, 53.812 ], [ -82.219, 53.604 ], [ -82.114, 53.289 ], [ -82.251, 53.213 ], [ -82.301, 52.968 ], [ -82.042, 52.843 ], [ -81.918, 52.68 ], [ -81.564, 52.456 ], [ -81.555, 52.353 ], [ -81.479, 52.303 ], [ -81.607, 52.314 ], [ -81.754, 52.251 ], [ -81.82, 52.259 ], [ -81.883, 52.194 ], [ -81.747, 52.242 ], [ -81.512, 52.239 ], [ -81.355, 52.104 ], [ -80.979, 52.002 ], [ -80.921, 51.909 ], [ -80.821, 51.885 ], [ -80.595, 51.711 ], [ -80.519, 51.535 ], [ -80.44, 51.477 ], [ -80.43, 51.357 ], [ -80.628, 51.296 ], [ -80.746, 51.188 ], [ -81.013, 51.035 ], [ -80.94, 51.056 ], [ -80.951, 51.008 ], [ -80.848, 51.124 ], [ -80.69, 51.162 ], [ -80.567, 51.265 ], [ -80.385, 51.341 ], [ -79.986, 51.255 ], [ -79.745, 51.124 ], [ -79.706, 51.065 ], [ -79.521, 50.943 ], [ -79.513, 47.597 ], [ -79.58, 47.452 ], [ -79.445, 47.275 ], [ -79.431, 47.087 ], [ -79.164, 46.824 ], [ -78.964, 46.533 ], [ -78.754, 46.401 ], [ -78.72, 46.347 ], [ -77.658, 46.184 ], [ -77.358, 46.059 ], [ -77.226, 45.891 ], [ -76.993, 45.79 ], [ -76.918, 45.811 ], [ -76.923, 45.884 ], [ -76.818, 45.886 ], [ -76.755, 45.741 ], [ -76.623, 45.565 ], [ -76.343, 45.474 ], [ -76.223, 45.52 ], [ -76.049, 45.515 ], [ -75.841, 45.387 ], [ -75.761, 45.4 ], [ -75.683, 45.469 ], [ -75.284, 45.577 ], [ -74.644, 45.656 ], [ -74.394, 45.573 ], [ -74.478, 45.317 ], [ -74.346, 45.221 ], [ -74.713, 44.999 ], [ -74.904, 45.005 ], [ -75.27, 44.864 ], [ -75.7, 44.582 ], [ -75.87, 44.409 ], [ -76.15, 44.305 ], [ -76.186, 44.226 ], [ -76.328, 44.181 ], [ -76.455, 44.084 ], [ -76.797, 43.645 ], [ -76.842, 43.626 ], [ -78.751, 43.617 ], [ -79.174, 43.465 ], [ -79.058, 43.278 ], [ -79.065, 43.106 ], [ -79.023, 43.058 ], [ -79.032, 43.013 ], [ -78.909, 42.93 ], [ -79.019, 42.803 ], [ -80.247, 42.365 ], [ -81.277, 42.209 ], [ -82.425, 41.677 ], [ -82.667, 41.669 ], [ -83.068, 41.848 ], [ -83.159, 42.046 ], [ -83.129, 42.24 ], [ -83.08, 42.305 ], [ -82.833, 42.398 ], [ -82.526, 42.62 ], [ -82.411, 43.051 ], [ -82.146, 43.576 ], [ -82.532, 45.294 ], [ -82.589, 45.372 ], [ -83.484, 45.772 ], [ -83.637, 45.774 ], [ -83.463, 46.008 ], [ -83.614, 46.116 ], [ -83.839, 46.119 ], [ -83.965, 46.063 ], [ -84.097, 46.225 ], [ -84.105, 46.348 ], [ -84.159, 46.433 ], [ -84.11, 46.526 ], [ -84.197, 46.546 ], [ -84.305, 46.502 ], [ -84.39, 46.52 ], [ -84.492, 46.457 ], [ -84.567, 46.461 ], [ -84.773, 46.633 ], [ -84.879, 46.898 ], [ -88.347, 48.299 ], [ -88.643, 48.257 ], [ -89.34, 47.984 ] ] ], [ [ [ -79.529, 50.977 ], [ -79.704, 51.09 ], [ -79.747, 51.196 ], [ -79.68, 51.313 ], [ -79.697, 51.399 ], [ -79.521, 51.467 ], [ -79.529, 50.977 ] ] ] ] } },
{ "type": "Feature", "properties": { "code": "CA-PE" }, "geometry": { "type": "MultiPolygon", "coordinates": [ [ [ [ -62.586, 46.478 ], [ -61.977, 46.448 ], [ -62.166, 46.358 ], [ -62.228, 46.346 ], [ -62.284, 46.382 ], [ -62.274, 46.345 ], [ -62.36, 46.361 ], [ -62.332, 46.313 ], [ -62.401, 46.313 ], [ -62.366, 46.271 ], [ -62.497, 46.272 ], [ -62.424, 46.245 ], [ -62.437, 46.216 ], [ -62.576, 46.239 ], [ -62.497, 46.183 ], [ -62.599, 46.211 ], [ -62.572, 46.19 ], [ -62.607, 46.183 ], [ -62.531, 46.17 ], [ -62.542, 46.128 ], [ -62.476, 46.121 ], [ -62.517, 46.149 ], [ -62.486, 46.153 ], [ -62.453, 46.108 ], [ -62.473, 46.063 ], [ -62.572, 46.033 ], [ -62.456, 46.025 ], [ -62.545, 45.972 ], [ -62.751, 45.951 ], [ -62.894, 46.005 ], [ -62.874, 46.018 ], [ -62.935, 46.053 ], [ -62.887, 46.053 ], [ -62.909, 46.072 ], [ -63.031, 46.067 ], [ -62.918, 46.101 ], [ -62.866, 46.136 ], [ -62.878, 46.156 ], [ -62.948, 46.128 ], [ -62.947, 46.193 ], [ -62.997, 46.179 ], [ -63.117, 46.216 ], [ -62.963, 46.32 ], [ -63.134, 46.238 ], [ -63.196, 46.272 ], [ -63.175, 46.228 ], [ -63.271, 46.197 ], [ -63.142, 46.198 ], [ -63.233, 46.145 ], [ -63.491, 46.224 ], [ -63.602, 46.217 ], [ -63.8, 46.332 ], [ -63.806, 46.375 ], [ -63.716, 46.354 ], [ -63.765, 46.382 ], [ -63.737, 46.396 ], [ -64.134, 46.416 ], [ -64.108, 46.544 ], [ -64.062, 46.57 ], [ -64.073, 46.642 ], [ -64.145, 46.598 ], [ -64.23, 46.635 ], [ -64.383, 46.628 ], [ -64.417, 46.683 ], [ -64.231, 46.903 ], [ -63.997, 47.067 ], [ -63.975, 46.894 ], [ -64.093, 46.78 ], [ -63.97, 46.745 ], [ -63.983, 46.717 ], [ -63.881, 46.643 ], [ -63.907, 46.608 ], [ -63.855, 46.633 ], [ -63.834, 46.612 ], [ -63.936, 46.478 ], [ -63.826, 46.519 ], [ -63.823, 46.461 ], [ -63.709, 46.444 ], [ -63.734, 46.511 ], [ -63.702, 46.525 ], [ -63.73, 46.533 ], [ -63.677, 46.568 ], [ -63.495, 46.531 ], [ -63.497, 46.492 ], [ -63.457, 46.467 ], [ -63.429, 46.497 ], [ -63.463, 46.506 ], [ -63.332, 46.499 ], [ -63.238, 46.407 ], [ -63.195, 46.431 ], [ -62.85, 46.437 ], [ -62.824, 46.415 ], [ -62.765, 46.449 ], [ -62.586, 46.43 ], [ -62.702, 46.457 ], [ -62.586, 46.478 ] ] ] ] } },
{ "type": "Feature", "properties": { "code": "CA-QC" }, "geometry": { "type": "MultiPolygon", "coordinates": [ [ [ [ -73.922, 45.327 ], [ -74.048, 45.258 ], [ -74.165, 45.27 ], [ -74.128, 45.308 ], [ -73.922, 45.327 ] ] ], [ [ [ -73.858, 45.382 ], [ -73.948, 45.37 ], [ -73.985, 45.406 ], [ -73.917, 45.41 ], [ -73.858, 45.382 ] ] ], [ [ [ -73.918, 45.492 ], [ -73.934, 45.513 ], [ -73.886, 45.523 ], [ -73.918, 45.492 ] ] ], [ [ [ -73.471, 45.713 ], [ -73.541, 45.483 ], [ -73.598, 45.443 ], [ -73.795, 45.467 ], [ -73.925, 45.43 ], [ -73.974, 45.445 ], [ -73.85, 45.521 ], [ -73.694, 45.555 ], [ -73.517, 45.704 ], [ -73.471, 45.713 ] ] ], [ [ [ -73.865, 45.554 ], [ -73.718, 45.676 ], [ -73.565, 45.699 ], [ -73.731, 45.557 ], [ -73.865, 45.554 ] ] ], [ [ [ -70.828, 46.987 ], [ -71.031, 46.863 ], [ -71.125, 46.877 ], [ -70.885, 47.027 ], [ -70.816, 47.024 ], [ -70.828, 46.987 ] ] ], [ [ [ -71.504, 45.014 ], [ -74.713, 44.999 ], [ -74.474, 45.067 ], [ -74.329, 45.178 ], [ -74.004, 45.245 ], [ -73.735, 45.419 ], [ -73.519, 45.426 ], [ -73.522, 45.54 ], [ -73.461, 45.608 ], [ -73.449, 45.704 ], [ -73.217, 45.899 ], [ -73.156, 46.05 ], [ -73.041, 46.074 ], [ -72.933, 46.144 ], [ -72.731, 46.177 ], [ -72.496, 46.361 ], [ -72.274, 46.421 ], [ -72.19, 46.526 ], [ -72.007, 46.571 ], [ -71.867, 46.667 ], [ -71.714, 46.632 ], [ -71.302, 46.745 ], [ -71.158, 46.841 ], [ -70.974, 46.862 ], [ -70.535, 47.011 ], [ -70.195, 47.315 ], [ -70.076, 47.369 ], [ -70.0, 47.499 ], [ -69.901, 47.546 ], [ -69.562, 47.828 ], [ -69.548, 47.89 ], [ -69.445, 47.992 ], [ -69.324, 48.031 ], [ -68.825, 48.366 ], [ -68.726, 48.376 ], [ -68.206, 48.642 ], [ -66.622, 49.123 ], [ -66.219, 49.208 ], [ -65.566, 49.266 ], [ -64.963, 49.219 ], [ -64.613, 49.123 ], [ -64.299, 48.959 ], [ -64.221, 48.894 ], [ -64.217, 48.828 ], [ -64.155, 48.774 ], [ -64.559, 48.883 ], [ -64.477, 48.842 ], [ -64.539, 48.821 ], [ -64.397, 48.821 ], [ -64.374, 48.792 ], [ -64.429, 48.78 ], [ -64.328, 48.756 ], [ -64.175, 48.644 ], [ -64.258, 48.619 ], [ -64.282, 48.569 ], [ -64.189, 48.527 ], [ -64.306, 48.469 ], [ -64.329, 48.42 ], [ -64.723, 48.335 ], [ -64.704, 48.307 ], [ -64.779, 48.204 ], [ -64.96, 48.188 ], [ -64.95, 48.15 ], [ -64.988, 48.126 ], [ -65.286, 48.013 ], [ -65.432, 48.003 ], [ -65.503, 48.052 ], [ -65.784, 48.116 ], [ -65.89, 48.171 ], [ -65.896, 48.226 ], [ -66.067, 48.102 ], [ -66.287, 48.114 ], [ -66.265, 48.102 ], [ -66.29, 48.065 ], [ -66.376, 48.114 ], [ -66.473, 48.12 ], [ -66.543, 48.059 ], [ -66.919, 47.981 ], [ -66.962, 47.895 ], [ -67.05, 47.929 ], [ -67.188, 47.885 ], [ -67.32, 47.896 ], [ -67.364, 47.839 ], [ -67.606, 47.938 ], [ -67.613, 47.998 ], [ -68.113, 47.998 ], [ -68.113, 47.928 ], [ -68.378, 47.928 ], [ -68.379, 47.588 ], [ -68.408, 47.536 ], [ -68.584, 47.422 ], [ -69.064, 47.291 ], [ -69.054, 47.418 ], [ -69.251, 47.453 ], [ -70.008, 46.704 ], [ -70.074, 46.42 ], [ -70.188, 46.358 ], [ -70.281, 46.212 ], [ -70.244, 46.141 ], [ -70.313, 46.08 ], [ -70.292, 46.049 ], [ -70.316, 45.983 ], [ -70.256, 45.949 ], [ -70.263, 45.923 ], [ -70.415, 45.804 ], [ -70.419, 45.717 ], [ -70.572, 45.662 ], [ -70.687, 45.573 ], [ -70.732, 45.492 ], [ -70.641, 45.408 ], [ -70.697, 45.389 ], [ -70.813, 45.423 ], [ -70.835, 45.31 ], [ -70.892, 45.235 ], [ -70.952, 45.332 ], [ -70.993, 45.348 ], [ -71.16, 45.246 ], [ -71.334, 45.289 ], [ -71.449, 45.227 ], [ -71.407, 45.205 ], [ -71.504, 45.014 ] ] ], [ [ [ -70.393, 47.373 ], [ -70.434, 47.396 ], [ -70.324, 47.427 ], [ -70.33, 47.418 ], [ -70.393, 47.373 ] ] ], [ [ [ -69.082, 59.061 ], [ -69.217, 58.994 ], [ -69.238, 58.954 ], [ -69.295, 58.984 ], [ -69.322, 58.951 ], [ -69.364, 58.963 ], [ -69.286, 59.07 ], [ -69.354, 59.141 ], [ -69.114, 59.142 ], [ -69.065, 59.095 ], [ -69.102, 59.066 ], [ -69.082, 59.061 ] ] ], [ [ [ -69.911, 61.0 ], [ -70.004, 60.935 ], [ -70.012, 60.997 ], [ -69.923, 61.032 ], [ -69.911, 61.0 ] ] ], [ [ [ -71.557, 61.296 ], [ -71.586, 61.324 ], [ -71.488, 61.337 ], [ -71.486, 61.302 ], [ -71.557, 61.296 ] ] ], [ [ [ -72.015, 61.853 ], [ -72.131, 61.889 ], [ -71.973, 61.859 ], [ -72.015, 61.853 ] ] ], [ [ [ -72.328, 62.016 ], [ -72.441, 62.027 ], [ -72.462, 62.037 ], [ -72.328, 62.016 ] ] ], [ [ [ -61.555, 47.615 ], [ -61.859, 47.424 ], [ -61.785, 47.434 ], [ -61.672, 47.538 ], [ -61.593, 47.561 ], [ -61.765, 47.411 ], [ -61.822, 47.41 ], [ -61.863, 47.355 ], [ -61.931, 47.338 ], [ -61.966, 47.283 ], [ -61.825, 47.243 ], [ -61.784, 47.266 ], [ -61.793, 47.24 ], [ -62.011, 47.225 ], [ -61.926, 47.413 ], [ -61.839, 47.437 ], [ -61.562, 47.627 ], [ -61.382, 47.637 ], [ -61.534, 47.552 ], [ -61.469, 47.622 ], [ -61.555, 47.615 ] ] ], [ [ [ -68.856, 48.414 ], [ -68.863, 48.389 ], [ -68.893, 48.392 ], [ -68.856, 48.414 ] ] ], [ [ [ -64.374, 49.795 ], [ -64.511, 49.868 ], [ -64.451, 49.909 ], [ -64.214, 49.952 ], [ -63.124, 49.784 ], [ -62.534, 49.605 ], [ -62.397, 49.497 ], [ -62.264, 49.466 ], [ -62.204, 49.414 ], [ -61.883, 49.354 ], [ -61.661, 49.151 ], [ -61.707, 49.098 ], [ -61.812, 49.069 ], [ -62.248, 49.068 ], [ -63.093, 49.233 ], [ -63.278, 49.315 ], [ -63.587, 49.39 ], [ -63.641, 49.513 ], [ -63.925, 49.675 ], [ -64.302, 49.779 ], [ -64.367, 49.826 ], [ -64.374, 49.795 ] ] ], [ [ [ -63.899, 50.25 ], [ -63.858, 50.217 ], [ -63.856, 50.205 ], [ -63.927, 50.221 ], [ -63.899, 50.25 ] ] ], [ [ [ -59.383, 50.639 ], [ -59.338, 50.644 ], [ -59.298, 50.564 ], [ -59.353, 50.538 ], [ -59.324, 50.61 ], [ -59.366, 50.606 ], [ -59.383, 50.639 ] ] ], [ [ [ -58.846, 50.789 ], [ -58.886, 50.794 ], [ -58.861, 50.833 ], [ -58.846, 50.789 ] ] ], [ [ [ -58.581, 51.08 ], [ -58.621, 51.092 ], [ -58.547, 51.15 ], [ -58.427, 51.167 ], [ -58.581, 51.08 ] ] ], [ [ [ -58.414, 51.222 ], [ -58.388, 51.239 ], [ -58.308, 51.252 ], [ -58.363, 51.202 ], [ -58.414, 51.222 ] ] ], [ [ [ -58.554, 51.245 ], [ -58.479, 51.278 ], [ -58.412, 51.282 ], [ -58.398, 51.255 ], [ -58.474, 51.22 ], [ -58.554, 51.245 ] ] ], [ [ [ -79.521, 50.943 ], [ -79.334, 50.727 ], [ -79.34, 50.792 ], [ -79.521, 50.965 ], [ -79.519, 51.484 ], [ -79.56, 51.556 ], [ -79.346, 51.662 ], [ -79.255, 51.639 ], [ -79.276, 51.532 ], [ -79.128, 51.543 ], [ -79.012, 51.467 ], [ -78.935, 51.282 ], [ -78.953, 51.219 ], [ -78.847, 51.164 ], [ -78.92, 51.233 ], [ -78.903, 51.304 ], [ -78.827, 51.35 ], [ -78.882, 51.403 ], [ -78.794, 51.474 ], [ -78.69, 51.487 ], [ -78.813, 51.515 ], [ -78.792, 51.611 ], [ -78.929, 51.66 ], [ -78.936, 51.7 ], [ -79.039, 51.769 ], [ -78.841, 51.842 ], [ -78.893, 51.947 ], [ -78.747, 51.977 ], [ -78.696, 52.018 ], [ -78.71, 52.056 ], [ -78.65, 52.059 ], [ -78.655, 52.084 ], [ -78.591, 52.106 ], [ -78.532, 52.2 ], [ -78.547, 52.247 ], [ -78.408, 52.248 ], [ -78.553, 52.268 ], [ -78.5, 52.356 ], [ -78.532, 52.395 ], [ -78.51, 52.421 ], [ -78.543, 52.44 ], [ -78.516, 52.477 ], [ -78.566, 52.488 ], [ -78.545, 52.515 ], [ -78.576, 52.539 ], [ -78.765, 52.57 ], [ -78.69, 52.598 ], [ -78.731, 52.618 ], [ -78.724, 52.652 ], [ -78.786, 52.659 ], [ -78.762, 52.696 ], [ -78.82, 52.701 ], [ -78.778, 52.714 ], [ -78.786, 52.741 ], [ -78.85, 52.757 ], [ -78.735, 52.789 ], [ -78.731, 52.83 ], [ -78.78, 52.82 ], [ -78.69, 52.885 ], [ -78.855, 52.884 ], [ -78.902, 52.927 ], [ -78.868, 52.968 ], [ -78.786, 52.982 ], [ -78.984, 53.028 ], [ -78.916, 53.064 ], [ -78.977, 53.07 ], [ -78.916, 53.166 ], [ -78.937, 53.187 ], [ -78.902, 53.201 ], [ -78.929, 53.221 ], [ -78.888, 53.232 ], [ -78.923, 53.248 ], [ -78.895, 53.269 ], [ -78.952, 53.291 ], [ -78.945, 53.392 ], [ -78.992, 53.454 ], [ -79.063, 53.442 ], [ -79.052, 53.461 ], [ -79.115, 53.509 ], [ -79.07, 53.531 ], [ -79.03, 53.535 ], [ -79.046, 53.516 ], [ -79.004, 53.498 ], [ -78.957, 53.516 ], [ -79.02, 53.571 ], [ -78.923, 53.567 ], [ -78.982, 53.615 ], [ -79.066, 53.598 ], [ -79.008, 53.648 ], [ -79.046, 53.673 ], [ -79.019, 53.694 ], [ -79.156, 53.708 ], [ -79.049, 53.726 ], [ -79.046, 53.79 ], [ -79.074, 53.804 ], [ -79.019, 53.824 ], [ -79.052, 53.838 ], [ -78.902, 53.817 ], [ -78.971, 53.855 ], [ -79.066, 53.858 ], [ -79.067, 53.894 ], [ -79.108, 53.906 ], [ -78.992, 53.913 ], [ -79.135, 53.961 ], [ -79.042, 53.947 ], [ -79.025, 53.961 ], [ -79.076, 53.968 ], [ -79.048, 53.98 ], [ -79.101, 53.982 ], [ -79.049, 54.01 ], [ -78.964, 54.002 ], [ -78.98, 54.019 ], [ -79.137, 54.083 ], [ -79.293, 54.091 ], [ -79.108, 54.112 ], [ -79.129, 54.129 ], [ -79.101, 54.139 ], [ -79.142, 54.146 ], [ -79.046, 54.18 ], [ -79.238, 54.162 ], [ -79.382, 54.194 ], [ -79.334, 54.249 ], [ -79.286, 54.256 ], [ -79.408, 54.271 ], [ -79.444, 54.284 ], [ -79.424, 54.307 ], [ -79.464, 54.31 ], [ -79.463, 54.353 ], [ -79.505, 54.372 ], [ -79.498, 54.406 ], [ -79.45, 54.42 ], [ -79.505, 54.427 ], [ -79.491, 54.463 ], [ -79.553, 54.509 ], [ -79.54, 54.535 ], [ -79.601, 54.557 ], [ -79.525, 54.591 ], [ -79.582, 54.606 ], [ -79.635, 54.578 ], [ -79.594, 54.633 ], [ -79.691, 54.633 ], [ -79.648, 54.65 ], [ -79.671, 54.674 ], [ -79.699, 54.653 ], [ -79.766, 54.66 ], [ -79.644, 54.701 ], [ -79.643, 54.738 ], [ -79.628, 54.742 ], [ -79.617, 54.715 ], [ -78.967, 54.852 ], [ -78.875, 54.908 ], [ -78.392, 55.028 ], [ -77.782, 55.274 ], [ -77.675, 55.367 ], [ -77.138, 55.658 ], [ -77.089, 55.714 ], [ -77.189, 55.682 ], [ -76.842, 55.934 ], [ -76.809, 55.986 ], [ -76.682, 56.043 ], [ -76.545, 56.295 ], [ -76.518, 56.414 ], [ -76.504, 56.784 ], [ -76.558, 57.031 ], [ -76.533, 57.115 ], [ -76.657, 57.404 ], [ -76.806, 57.613 ], [ -76.809, 57.676 ], [ -77.148, 58.018 ], [ -77.395, 58.148 ], [ -77.491, 58.168 ], [ -77.445, 58.185 ], [ -77.471, 58.212 ], [ -78.031, 58.388 ], [ -78.014, 58.424 ], [ -78.267, 58.519 ], [ -78.409, 58.63 ], [ -78.417, 58.601 ], [ -78.32, 58.546 ], [ -78.372, 58.542 ], [ -78.468, 58.612 ], [ -78.549, 58.609 ], [ -78.571, 58.639 ], [ -78.573, 58.675 ], [ -78.469, 58.706 ], [ -78.542, 58.765 ], [ -78.538, 58.795 ], [ -78.508, 58.779 ], [ -78.489, 58.806 ], [ -78.545, 58.902 ], [ -78.532, 58.943 ], [ -78.566, 58.958 ], [ -78.518, 58.963 ], [ -78.443, 58.916 ], [ -78.435, 58.954 ], [ -78.357, 58.959 ], [ -78.362, 58.914 ], [ -78.316, 58.926 ], [ -78.244, 58.998 ], [ -78.32, 58.991 ], [ -78.279, 59.017 ], [ -78.285, 59.053 ], [ -78.21, 59.053 ], [ -78.223, 59.108 ], [ -78.131, 59.108 ], [ -78.156, 59.155 ], [ -78.087, 59.161 ], [ -78.107, 59.21 ], [ -77.819, 59.293 ], [ -77.895, 59.313 ], [ -77.785, 59.327 ], [ -77.77, 59.351 ], [ -77.806, 59.368 ], [ -77.675, 59.402 ], [ -77.793, 59.433 ], [ -77.891, 59.401 ], [ -77.915, 59.419 ], [ -77.847, 59.45 ], [ -77.881, 59.485 ], [ -77.73, 59.549 ], [ -77.716, 59.621 ], [ -77.785, 59.659 ], [ -77.799, 59.683 ], [ -77.744, 59.697 ], [ -77.778, 59.71 ], [ -77.669, 59.677 ], [ -77.57, 59.693 ], [ -77.488, 59.648 ], [ -77.443, 59.578 ], [ -77.313, 59.567 ], [ -77.426, 59.595 ], [ -77.463, 59.677 ], [ -77.545, 59.69 ], [ -77.491, 59.718 ], [ -77.545, 59.745 ], [ -77.292, 59.8 ], [ -77.372, 59.9 ], [ -77.425, 59.919 ], [ -77.299, 59.971 ], [ -77.333, 59.984 ], [ -77.236, 59.998 ], [ -77.313, 60.025 ], [ -77.189, 60.06 ], [ -77.331, 60.036 ], [ -77.37, 60.067 ], [ -77.419, 60.047 ], [ -77.634, 60.066 ], [ -77.557, 60.131 ], [ -77.408, 60.135 ], [ -77.535, 60.184 ], [ -77.56, 60.211 ], [ -77.47, 60.217 ], [ -77.564, 60.267 ], [ -77.538, 60.286 ], [ -77.614, 60.266 ], [ -77.593, 60.321 ], [ -77.743, 60.404 ], [ -77.723, 60.446 ], [ -77.547, 60.547 ], [ -77.415, 60.547 ], [ -77.542, 60.576 ], [ -77.686, 60.558 ], [ -77.829, 60.643 ], [ -77.607, 60.759 ], [ -77.744, 60.767 ], [ -77.511, 60.841 ], [ -77.895, 60.752 ], [ -77.86, 60.793 ], [ -77.97, 60.793 ], [ -77.881, 60.827 ], [ -77.919, 60.835 ], [ -78.197, 60.793 ], [ -78.166, 60.868 ], [ -77.871, 61.05 ], [ -77.809, 61.057 ], [ -77.789, 61.156 ], [ -77.693, 61.207 ], [ -77.752, 61.232 ], [ -77.724, 61.273 ], [ -77.785, 61.455 ], [ -77.698, 61.432 ], [ -77.683, 61.465 ], [ -77.545, 61.485 ], [ -77.666, 61.528 ], [ -77.641, 61.56 ], [ -77.477, 61.54 ], [ -77.634, 61.582 ], [ -77.573, 61.601 ], [ -77.708, 61.616 ], [ -77.793, 61.701 ], [ -77.99, 61.715 ], [ -78.085, 61.888 ], [ -78.094, 61.977 ], [ -78.137, 62.013 ], [ -78.155, 62.297 ], [ -78.024, 62.392 ], [ -77.687, 62.477 ], [ -77.657, 62.517 ], [ -77.472, 62.594 ], [ -77.137, 62.527 ], [ -76.97, 62.543 ], [ -76.758, 62.511 ], [ -76.627, 62.462 ], [ -76.15, 62.387 ], [ -76.099, 62.346 ], [ -75.949, 62.356 ], [ -75.592, 62.273 ], [ -75.894, 62.164 ], [ -75.575, 62.246 ], [ -75.493, 62.296 ], [ -75.328, 62.317 ], [ -75.151, 62.285 ], [ -75.153, 62.232 ], [ -75.006, 62.269 ], [ -74.759, 62.152 ], [ -74.558, 62.109 ], [ -74.755, 62.214 ], [ -74.705, 62.253 ], [ -74.417, 62.253 ], [ -74.278, 62.323 ], [ -73.998, 62.367 ], [ -73.872, 62.465 ], [ -73.671, 62.482 ], [ -73.571, 62.395 ], [ -73.21, 62.313 ], [ -73.196, 62.261 ], [ -72.899, 62.143 ], [ -72.947, 62.123 ], [ -72.783, 62.109 ], [ -72.824, 62.136 ], [ -72.734, 62.15 ], [ -72.629, 62.117 ], [ -72.666, 62.061 ], [ -72.598, 62.048 ], [ -72.608, 61.972 ], [ -72.685, 61.951 ], [ -72.691, 61.902 ], [ -72.796, 61.835 ], [ -72.666, 61.883 ], [ -72.663, 61.85 ], [ -72.602, 61.813 ], [ -72.632, 61.896 ], [ -72.605, 61.944 ], [ -72.232, 61.881 ], [ -72.132, 61.801 ], [ -72.206, 61.793 ], [ -72.187, 61.78 ], [ -72.224, 61.75 ], [ -72.076, 61.745 ], [ -71.995, 61.677 ], [ -72.085, 61.606 ], [ -72.243, 61.618 ], [ -72.303, 61.568 ], [ -72.221, 61.601 ], [ -71.979, 61.604 ], [ -71.935, 61.671 ], [ -71.957, 61.711 ], [ -71.581, 61.614 ], [ -71.556, 61.561 ], [ -71.857, 61.534 ], [ -71.793, 61.527 ], [ -71.796, 61.492 ], [ -71.748, 61.479 ], [ -71.892, 61.431 ], [ -71.583, 61.41 ], [ -71.823, 61.355 ], [ -71.666, 61.334 ], [ -71.727, 61.287 ], [ -71.597, 61.259 ], [ -71.631, 61.204 ], [ -71.573, 61.221 ], [ -71.573, 61.156 ], [ -71.508, 61.17 ], [ -71.535, 61.211 ], [ -71.498, 61.231 ], [ -71.372, 61.129 ], [ -71.213, 61.167 ], [ -71.185, 61.123 ], [ -71.039, 61.132 ], [ -70.935, 61.107 ], [ -70.939, 61.074 ], [ -70.79, 61.055 ], [ -70.762, 61.086 ], [ -70.658, 61.054 ], [ -70.668, 61.027 ], [ -70.535, 61.012 ], [ -70.569, 61.046 ], [ -70.527, 61.065 ], [ -70.426, 61.027 ], [ -70.443, 61.058 ], [ -70.404, 61.06 ], [ -70.426, 61.088 ], [ -70.343, 61.068 ], [ -70.325, 61.1 ], [ -70.247, 61.074 ], [ -70.155, 61.088 ], [ -70.11, 61.06 ], [ -70.16, 61.022 ], [ -70.103, 61.02 ], [ -70.09, 60.961 ], [ -70.09, 60.903 ], [ -70.151, 60.882 ], [ -70.055, 60.876 ], [ -70.059, 60.85 ], [ -69.916, 60.81 ], [ -69.85, 60.855 ], [ -69.939, 60.84 ], [ -69.777, 60.92 ], [ -69.74, 60.923 ], [ -69.739, 60.886 ], [ -69.703, 60.874 ], [ -69.662, 60.885 ], [ -69.651, 60.917 ], [ -69.692, 60.959 ], [ -69.651, 61.064 ], [ -69.537, 61.08 ], [ -69.424, 60.923 ], [ -69.37, 60.917 ], [ -69.381, 60.8 ], [ -69.72, 60.684 ], [ -69.667, 60.567 ], [ -69.829, 60.526 ], [ -69.75, 60.462 ], [ -69.776, 60.425 ], [ -69.72, 60.376 ], [ -69.765, 60.317 ], [ -69.602, 60.225 ], [ -69.651, 60.184 ], [ -69.596, 60.179 ], [ -69.628, 60.077 ], [ -69.723, 60.047 ], [ -69.826, 60.072 ], [ -69.843, 60.029 ], [ -69.773, 60.004 ], [ -69.822, 59.989 ], [ -70.336, 60.032 ], [ -70.309, 60.012 ], [ -70.572, 59.995 ], [ -70.996, 60.076 ], [ -71.035, 60.066 ], [ -70.578, 59.977 ], [ -70.227, 59.987 ], [ -70.045, 59.951 ], [ -69.735, 59.97 ], [ -69.728, 59.922 ], [ -69.768, 59.916 ], [ -69.562, 59.865 ], [ -69.612, 59.784 ], [ -69.548, 59.765 ], [ -69.658, 59.703 ], [ -69.521, 59.677 ], [ -69.516, 59.649 ], [ -69.749, 59.516 ], [ -69.758, 59.49 ], [ -69.699, 59.485 ], [ -69.649, 59.428 ], [ -69.671, 59.389 ], [ -69.632, 59.385 ], [ -69.755, 59.318 ], [ -69.627, 59.307 ], [ -69.423, 59.362 ], [ -69.359, 59.314 ], [ -69.255, 59.325 ], [ -69.266, 59.277 ], [ -69.233, 59.241 ], [ -69.295, 59.216 ], [ -69.365, 59.244 ], [ -69.389, 59.194 ], [ -69.45, 59.229 ], [ -69.543, 59.17 ], [ -69.516, 59.108 ], [ -69.466, 59.137 ], [ -69.342, 59.094 ], [ -69.43, 59.025 ], [ -69.504, 59.073 ], [ -69.452, 58.895 ], [ -69.479, 58.873 ], [ -69.523, 58.89 ], [ -69.565, 58.806 ], [ -69.665, 58.792 ], [ -69.72, 58.867 ], [ -69.672, 58.927 ], [ -69.709, 58.922 ], [ -69.729, 58.983 ], [ -69.796, 58.981 ], [ -69.863, 59.06 ], [ -69.866, 58.987 ], [ -69.898, 58.963 ], [ -69.803, 58.919 ], [ -69.802, 58.826 ], [ -69.912, 58.874 ], [ -69.89, 58.833 ], [ -70.254, 58.772 ], [ -70.041, 58.738 ], [ -69.921, 58.779 ], [ -69.918, 58.686 ], [ -69.861, 58.715 ], [ -69.797, 58.701 ], [ -69.877, 58.645 ], [ -69.814, 58.597 ], [ -69.608, 58.76 ], [ -69.487, 58.792 ], [ -69.378, 58.869 ], [ -69.125, 58.902 ], [ -68.895, 58.878 ], [ -68.773, 58.922 ], [ -68.41, 58.824 ], [ -68.356, 58.772 ], [ -68.381, 58.701 ], [ -68.329, 58.675 ], [ -68.349, 58.6 ], [ -68.274, 58.587 ], [ -68.274, 58.525 ], [ -68.191, 58.546 ], [ -68.221, 58.484 ], [ -68.206, 58.434 ], [ -68.354, 58.124 ], [ -68.52, 58.031 ], [ -68.97, 57.96 ], [ -69.224, 57.862 ], [ -69.37, 57.77 ], [ -68.95, 57.941 ], [ -68.418, 58.039 ], [ -68.31, 58.121 ], [ -68.293, 58.222 ], [ -68.252, 58.237 ], [ -68.187, 58.364 ], [ -68.174, 58.491 ], [ -68.123, 58.532 ], [ -68.027, 58.522 ], [ -68.006, 58.58 ], [ -67.954, 58.544 ], [ -67.965, 58.518 ], [ -67.89, 58.499 ], [ -67.924, 58.405 ], [ -67.863, 58.309 ], [ -67.9, 58.256 ], [ -68.082, 58.155 ], [ -68.13, 58.083 ], [ -67.999, 58.141 ], [ -67.953, 58.212 ], [ -67.863, 58.237 ], [ -67.801, 58.299 ], [ -67.821, 58.399 ], [ -67.787, 58.47 ], [ -67.739, 58.469 ], [ -67.675, 58.423 ], [ -67.732, 58.285 ], [ -67.676, 58.279 ], [ -67.648, 58.236 ], [ -67.702, 58.141 ], [ -67.67, 58.072 ], [ -67.74, 57.964 ], [ -67.713, 57.927 ], [ -67.707, 57.991 ], [ -67.642, 58.049 ], [ -67.662, 58.116 ], [ -67.568, 58.23 ], [ -67.16, 58.38 ], [ -67.087, 58.363 ], [ -67.081, 58.422 ], [ -67.006, 58.437 ], [ -66.947, 58.498 ], [ -66.884, 58.487 ], [ -66.896, 58.45 ], [ -66.852, 58.425 ], [ -66.807, 58.498 ], [ -66.615, 58.498 ], [ -66.669, 58.54 ], [ -66.624, 58.551 ], [ -66.595, 58.677 ], [ -66.469, 58.722 ], [ -66.451, 58.744 ], [ -66.491, 58.765 ], [ -66.472, 58.813 ], [ -66.382, 58.854 ], [ -66.116, 58.726 ], [ -66.079, 58.659 ], [ -65.944, 58.621 ], [ -66.018, 58.498 ], [ -65.999, 58.409 ], [ -66.095, 58.36 ], [ -66.053, 58.333 ], [ -66.035, 58.376 ], [ -65.923, 58.443 ], [ -65.98, 58.49 ], [ -65.889, 58.58 ], [ -65.828, 58.58 ], [ -65.962, 58.688 ], [ -66.04, 58.697 ], [ -66.043, 58.757 ], [ -66.109, 58.779 ], [ -66.019, 58.861 ], [ -65.971, 58.826 ], [ -65.796, 58.863 ], [ -65.937, 58.882 ], [ -65.982, 58.917 ], [ -65.862, 58.943 ], [ -65.885, 59.008 ], [ -65.677, 58.929 ], [ -65.689, 58.974 ], [ -65.793, 59.005 ], [ -65.683, 59.053 ], [ -65.507, 58.988 ], [ -65.594, 59.046 ], [ -65.529, 59.067 ], [ -65.32, 59.046 ], [ -65.542, 59.109 ], [ -65.642, 59.073 ], [ -65.718, 59.158 ], [ -65.683, 59.197 ], [ -65.745, 59.23 ], [ -65.739, 59.271 ], [ -65.68, 59.264 ], [ -65.594, 59.189 ], [ -65.603, 59.257 ], [ -65.492, 59.258 ], [ -65.566, 59.307 ], [ -65.58, 59.365 ], [ -65.559, 59.377 ], [ -65.358, 59.282 ], [ -65.447, 59.367 ], [ -65.433, 59.403 ], [ -65.382, 59.402 ], [ -65.498, 59.436 ], [ -65.471, 59.45 ], [ -65.56, 59.491 ], [ -65.186, 59.463 ], [ -65.053, 59.381 ], [ -64.984, 59.381 ], [ -65.181, 59.476 ], [ -65.412, 59.518 ], [ -65.546, 59.731 ], [ -65.466, 59.771 ], [ -65.492, 59.8 ], [ -65.368, 59.8 ], [ -65.379, 59.83 ], [ -65.323, 59.848 ], [ -65.084, 59.772 ], [ -64.984, 59.765 ], [ -65.224, 59.841 ], [ -65.203, 59.854 ], [ -65.231, 59.882 ], [ -65.14, 59.871 ], [ -65.138, 59.9 ], [ -65.21, 59.923 ], [ -65.141, 59.932 ], [ -65.135, 59.957 ], [ -65.071, 59.943 ], [ -65.129, 59.978 ], [ -65.067, 59.978 ], [ -65.129, 60.047 ], [ -65.046, 60.055 ], [ -65.025, 60.081 ], [ -65.063, 60.104 ], [ -65.001, 60.116 ], [ -64.952, 60.193 ], [ -64.874, 60.204 ], [ -64.957, 60.259 ], [ -64.864, 60.296 ], [ -64.849, 60.366 ], [ -64.628, 60.347 ], [ -64.531, 60.304 ], [ -64.845, 60.264 ], [ -64.858, 60.236 ], [ -64.81, 60.198 ], [ -64.636, 60.174 ], [ -64.599, 60.118 ], [ -64.741, 60.101 ], [ -64.705, 60.064 ], [ -64.782, 60.044 ], [ -64.904, 60.048 ], [ -64.845, 59.968 ], [ -64.69, 59.949 ], [ -64.654, 59.917 ], [ -64.671, 59.883 ], [ -64.768, 59.88 ], [ -64.748, 59.843 ], [ -64.814, 59.819 ], [ -64.774, 59.699 ], [ -64.885, 59.664 ], [ -64.903, 59.604 ], [ -64.893, 59.565 ], [ -64.772, 59.514 ], [ -64.702, 59.447 ], [ -64.453, 59.526 ], [ -64.349, 59.505 ], [ -64.503, 59.43 ], [ -64.486, 59.4 ], [ -64.537, 59.373 ], [ -64.505, 59.342 ], [ -64.536, 59.297 ], [ -64.507, 59.25 ], [ -64.534, 59.195 ], [ -64.469, 59.088 ], [ -64.348, 59.066 ], [ -64.292, 59.007 ], [ -64.438, 58.983 ], [ -64.754, 59.065 ], [ -64.824, 59.037 ], [ -64.864, 58.994 ], [ -64.84, 58.956 ], [ -64.882, 58.935 ], [ -64.823, 58.911 ], [ -64.702, 58.942 ], [ -64.568, 58.887 ], [ -64.31, 58.885 ], [ -64.259, 58.85 ], [ -64.262, 58.782 ], [ -64.157, 58.751 ], [ -63.982, 58.823 ], [ -63.842, 58.83 ], [ -63.76, 58.879 ], [ -63.572, 58.835 ], [ -63.484, 58.759 ], [ -63.574, 58.716 ], [ -64.059, 58.669 ], [ -64.097, 58.614 ], [ -64.078, 58.552 ], [ -64.007, 58.528 ], [ -63.89, 58.567 ], [ -63.82, 58.474 ], [ -64.156, 58.348 ], [ -64.209, 58.238 ], [ -64.39, 58.188 ], [ -64.428, 58.075 ], [ -64.221, 58.045 ], [ -64.214, 57.978 ], [ -64.054, 57.768 ], [ -64.011, 57.814 ], [ -63.939, 57.801 ], [ -63.892, 57.73 ], [ -63.818, 57.689 ], [ -63.77, 57.731 ], [ -63.696, 57.659 ], [ -63.649, 57.731 ], [ -63.611, 57.739 ], [ -63.584, 57.708 ], [ -63.765, 57.564 ], [ -63.765, 57.463 ], [ -63.708, 57.385 ], [ -63.838, 57.325 ], [ -63.869, 57.25 ], [ -63.85, 57.192 ], [ -63.82, 57.275 ], [ -63.743, 57.227 ], [ -63.79, 57.169 ], [ -63.795, 57.101 ], [ -63.876, 57.059 ], [ -63.866, 56.992 ], [ -63.915, 56.937 ], [ -63.871, 56.878 ], [ -63.997, 56.855 ], [ -63.993, 56.789 ], [ -64.084, 56.766 ], [ -64.126, 56.709 ], [ -63.953, 56.558 ], [ -63.947, 56.483 ], [ -63.877, 56.439 ], [ -64.17, 56.426 ], [ -64.108, 56.375 ], [ -64.137, 56.304 ], [ -64.091, 56.263 ], [ -63.942, 56.253 ], [ -63.877, 56.217 ], [ -64.011, 56.156 ], [ -64.01, 56.07 ], [ -63.862, 56.123 ], [ -63.841, 56.112 ], [ -63.878, 56.079 ], [ -63.804, 56.043 ], [ -63.445, 56.023 ], [ -63.84, 55.913 ], [ -63.762, 55.793 ], [ -63.696, 55.777 ], [ -63.749, 55.655 ], [ -63.682, 55.651 ], [ -63.669, 55.624 ], [ -63.685, 55.52 ], [ -63.767, 55.461 ], [ -63.642, 55.425 ], [ -63.337, 55.412 ], [ -63.33, 55.389 ], [ -63.343, 55.361 ], [ -63.578, 55.339 ], [ -63.542, 55.308 ], [ -63.66, 55.27 ], [ -63.551, 55.226 ], [ -63.41, 55.252 ], [ -63.454, 55.205 ], [ -63.549, 55.185 ], [ -63.589, 55.121 ], [ -63.576, 54.979 ], [ -63.605, 54.902 ], [ -63.815, 54.94 ], [ -63.846, 54.88 ], [ -63.824, 54.829 ], [ -63.904, 54.782 ], [ -63.729, 54.647 ], [ -63.74, 54.623 ], [ -63.802, 54.642 ], [ -63.899, 54.602 ], [ -64.052, 54.607 ], [ -64.114, 54.631 ], [ -64.181, 54.711 ], [ -64.392, 54.789 ], [ -64.458, 54.795 ], [ -64.576, 54.727 ], [ -64.768, 54.738 ], [ -64.758, 54.817 ], [ -64.782, 54.835 ], [ -64.848, 54.849 ], [ -64.941, 54.93 ], [ -65.103, 54.957 ], [ -65.221, 54.851 ], [ -65.296, 54.826 ], [ -65.473, 54.842 ], [ -65.445, 54.746 ], [ -65.48, 54.731 ], [ -65.626, 54.749 ], [ -65.681, 54.715 ], [ -65.819, 54.816 ], [ -65.856, 54.908 ], [ -66.04, 54.911 ], [ -66.254, 54.998 ], [ -66.559, 55.24 ], [ -66.677, 55.258 ], [ -66.7, 55.307 ], [ -66.77, 55.339 ], [ -66.837, 55.317 ], [ -66.689, 55.202 ], [ -66.743, 55.172 ], [ -66.762, 55.104 ], [ -66.661, 54.984 ], [ -66.729, 54.939 ], [ -66.607, 54.804 ], [ -66.721, 54.775 ], [ -66.701, 54.74 ], [ -66.967, 54.814 ], [ -67.025, 54.896 ], [ -67.309, 55.016 ], [ -67.274, 55.066 ], [ -67.379, 55.089 ], [ -67.435, 55.063 ], [ -67.423, 54.997 ], [ -67.265, 54.835 ], [ -67.086, 54.732 ], [ -67.086, 54.681 ], [ -67.261, 54.571 ], [ -67.234, 54.516 ], [ -67.268, 54.485 ], [ -67.499, 54.595 ], [ -67.509, 54.488 ], [ -67.633, 54.485 ], [ -67.75, 54.426 ], [ -67.746, 54.344 ], [ -67.691, 54.306 ], [ -67.64, 54.189 ], [ -67.774, 54.127 ], [ -67.808, 54.034 ], [ -67.615, 53.924 ], [ -67.595, 53.859 ], [ -67.523, 53.838 ], [ -67.512, 53.814 ], [ -67.595, 53.783 ], [ -67.413, 53.694 ], [ -67.399, 53.635 ], [ -67.323, 53.566 ], [ -67.031, 53.515 ], [ -66.89, 53.415 ], [ -67.01, 53.353 ], [ -66.962, 53.295 ], [ -66.996, 53.081 ], [ -67.048, 53.074 ], [ -67.051, 53.123 ], [ -67.241, 53.167 ], [ -67.385, 53.105 ], [ -67.347, 52.916 ], [ -67.302, 52.868 ], [ -67.165, 52.82 ], [ -67.062, 52.875 ], [ -67.041, 52.775 ], [ -66.866, 52.662 ], [ -66.852, 52.731 ], [ -66.769, 52.679 ], [ -66.769, 52.765 ], [ -66.656, 52.796 ], [ -66.625, 52.937 ], [ -66.508, 52.958 ], [ -66.456, 53.03 ], [ -66.364, 53.002 ], [ -66.291, 52.902 ], [ -66.288, 52.847 ], [ -66.391, 52.872 ], [ -66.401, 52.844 ], [ -66.288, 52.61 ], [ -66.374, 52.669 ], [ -66.405, 52.648 ], [ -66.35, 52.359 ], [ -66.436, 52.376 ], [ -66.48, 52.335 ], [ -66.374, 52.142 ], [ -66.264, 52.156 ], [ -66.284, 52.307 ], [ -66.195, 52.221 ], [ -66.078, 52.17 ], [ -66.088, 52.091 ], [ -65.992, 52.06 ], [ -65.94, 52.094 ], [ -65.655, 52.108 ], [ -65.683, 52.025 ], [ -65.662, 51.988 ], [ -65.614, 52.032 ], [ -65.552, 52.032 ], [ -65.5, 52.098 ], [ -65.414, 51.984 ], [ -65.376, 51.984 ], [ -65.359, 51.95 ], [ -65.394, 51.898 ], [ -65.339, 51.819 ], [ -65.277, 51.867 ], [ -65.184, 51.823 ], [ -65.184, 51.774 ], [ -65.032, 51.761 ], [ -64.957, 51.723 ], [ -64.919, 51.761 ], [ -64.771, 51.764 ], [ -64.53, 51.592 ], [ -64.345, 51.668 ], [ -64.279, 51.74 ], [ -64.334, 51.819 ], [ -64.362, 51.967 ], [ -64.338, 52.012 ], [ -64.276, 51.967 ], [ -64.235, 51.981 ], [ -64.272, 52.039 ], [ -64.252, 52.115 ], [ -64.155, 52.132 ], [ -64.221, 52.266 ], [ -64.128, 52.387 ], [ -64.19, 52.572 ], [ -64.162, 52.596 ], [ -64.166, 52.675 ], [ -64.107, 52.72 ], [ -63.719, 52.779 ], [ -63.612, 52.861 ], [ -63.596, 52.771 ], [ -63.439, 52.716 ], [ -63.379, 52.651 ], [ -63.876, 52.608 ], [ -63.995, 52.558 ], [ -64.081, 52.473 ], [ -63.973, 52.354 ], [ -63.75, 52.322 ], [ -63.783, 52.291 ], [ -63.714, 52.229 ], [ -63.64, 52.051 ], [ -63.82, 52.068 ], [ -63.739, 52.0 ], [ -57.101, 52.0 ], [ -57.1, 51.419 ], [ -57.19, 51.419 ], [ -57.25, 51.508 ], [ -57.603, 51.433 ], [ -57.576, 51.467 ], [ -57.679, 51.434 ], [ -57.686, 51.48 ], [ -57.749, 51.463 ], [ -57.771, 51.408 ], [ -57.796, 51.44 ], [ -58.04, 51.314 ], [ -58.234, 51.277 ], [ -58.255, 51.329 ], [ -58.289, 51.336 ], [ -58.289, 51.275 ], [ -58.454, 51.317 ], [ -58.59, 51.251 ], [ -58.623, 51.277 ], [ -58.618, 51.233 ], [ -58.677, 51.244 ], [ -58.59, 51.186 ], [ -58.626, 51.151 ], [ -58.83, 51.09 ], [ -58.851, 51.055 ], [ -58.83, 51.042 ], [ -58.892, 50.994 ], [ -58.895, 51.055 ], [ -59.008, 51.015 ], [ -58.955, 51.003 ], [ -58.974, 50.953 ], [ -58.94, 50.885 ], [ -58.968, 50.877 ], [ -58.961, 50.821 ], [ -59.03, 50.781 ], [ -59.008, 50.761 ], [ -59.089, 50.784 ], [ -59.062, 50.875 ], [ -59.088, 50.888 ], [ -59.125, 50.802 ], [ -59.203, 50.732 ], [ -59.255, 50.761 ], [ -59.344, 50.675 ], [ -59.42, 50.665 ], [ -59.406, 50.644 ], [ -59.468, 50.592 ], [ -59.41, 50.572 ], [ -59.424, 50.54 ], [ -59.51, 50.546 ], [ -59.594, 50.479 ], [ -59.803, 50.446 ], [ -59.886, 50.377 ], [ -59.855, 50.332 ], [ -59.822, 50.357 ], [ -59.827, 50.328 ], [ -59.944, 50.261 ], [ -60.064, 50.254 ], [ -60.135, 50.213 ], [ -60.174, 50.233 ], [ -60.153, 50.288 ], [ -60.246, 50.235 ], [ -60.27, 50.24 ], [ -60.235, 50.274 ], [ -60.276, 50.295 ], [ -60.294, 50.247 ], [ -60.35, 50.253 ], [ -60.365, 50.226 ], [ -60.441, 50.261 ], [ -60.6, 50.216 ], [ -60.619, 50.254 ], [ -60.794, 50.205 ], [ -60.838, 50.22 ], [ -60.777, 50.261 ], [ -60.803, 50.267 ], [ -60.935, 50.199 ], [ -61.026, 50.227 ], [ -61.153, 50.185 ], [ -61.311, 50.199 ], [ -61.718, 50.1 ], [ -61.784, 50.11 ], [ -61.596, 50.158 ], [ -61.576, 50.187 ], [ -61.777, 50.134 ], [ -61.863, 50.23 ], [ -62.212, 50.242 ], [ -62.39, 50.295 ], [ -62.451, 50.265 ], [ -62.751, 50.287 ], [ -62.709, 50.315 ], [ -62.833, 50.287 ], [ -63.018, 50.315 ], [ -63.052, 50.287 ], [ -63.177, 50.29 ], [ -63.162, 50.261 ], [ -63.203, 50.245 ], [ -63.335, 50.25 ], [ -63.421, 50.219 ], [ -63.485, 50.264 ], [ -63.604, 50.254 ], [ -63.809, 50.315 ], [ -64.145, 50.268 ], [ -64.445, 50.323 ], [ -64.877, 50.273 ], [ -65.191, 50.287 ], [ -65.258, 50.322 ], [ -65.737, 50.257 ], [ -65.964, 50.293 ], [ -66.047, 50.226 ], [ -66.103, 50.244 ], [ -66.088, 50.192 ], [ -66.252, 50.22 ], [ -66.357, 50.201 ], [ -66.409, 50.222 ], [ -66.413, 50.264 ], [ -66.468, 50.269 ], [ -66.55, 50.198 ], [ -66.435, 50.158 ], [ -66.636, 50.185 ], [ -66.623, 50.151 ], [ -66.746, 50.054 ], [ -66.951, 49.986 ], [ -66.966, 49.915 ], [ -67.045, 49.828 ], [ -67.131, 49.831 ], [ -67.182, 49.755 ], [ -67.17, 49.678 ], [ -67.245, 49.568 ], [ -67.245, 49.459 ], [ -67.376, 49.339 ], [ -67.735, 49.315 ], [ -67.814, 49.28 ], [ -68.055, 49.294 ], [ -68.082, 49.26 ], [ -68.122, 49.271 ], [ -68.164, 49.206 ], [ -68.301, 49.198 ], [ -68.191, 49.167 ], [ -68.181, 49.124 ], [ -68.392, 49.064 ], [ -68.444, 49.062 ], [ -68.37, 49.116 ], [ -68.403, 49.185 ], [ -68.444, 49.198 ], [ -68.407, 49.123 ], [ -68.615, 49.039 ], [ -68.636, 48.965 ], [ -68.699, 48.945 ], [ -68.644, 48.918 ], [ -68.795, 48.907 ], [ -68.974, 48.788 ], [ -69.056, 48.774 ], [ -69.118, 48.631 ], [ -69.229, 48.592 ], [ -69.289, 48.465 ], [ -69.447, 48.296 ], [ -69.575, 48.245 ], [ -69.676, 48.15 ], [ -69.82, 48.162 ], [ -69.985, 48.278 ], [ -70.144, 48.273 ], [ -70.369, 48.374 ], [ -70.693, 48.393 ], [ -70.767, 48.435 ], [ -70.987, 48.465 ], [ -71.07, 48.445 ], [ -70.974, 48.451 ], [ -70.788, 48.396 ], [ -70.892, 48.363 ], [ -70.866, 48.324 ], [ -70.744, 48.355 ], [ -70.478, 48.356 ], [ -70.163, 48.245 ], [ -69.95, 48.231 ], [ -69.847, 48.143 ], [ -69.736, 48.123 ], [ -69.932, 47.773 ], [ -70.144, 47.656 ], [ -70.237, 47.496 ], [ -70.487, 47.445 ], [ -70.598, 47.249 ], [ -70.751, 47.092 ], [ -70.957, 47.021 ], [ -71.342, 46.742 ], [ -71.72, 46.67 ], [ -71.881, 46.691 ], [ -72.014, 46.608 ], [ -72.228, 46.553 ], [ -72.258, 46.471 ], [ -72.462, 46.402 ], [ -72.603, 46.301 ], [ -72.994, 46.211 ], [ -73.022, 46.11 ], [ -73.159, 46.075 ], [ -73.262, 45.902 ], [ -73.42, 45.765 ], [ -73.755, 45.676 ], [ -73.979, 45.498 ], [ -74.105, 45.485 ], [ -74.379, 45.562 ], [ -74.33, 45.51 ], [ -74.016, 45.45 ], [ -73.962, 45.354 ], [ -74.153, 45.32 ], [ -74.211, 45.265 ], [ -74.346, 45.221 ], [ -74.478, 45.317 ], [ -74.394, 45.573 ], [ -74.644, 45.656 ], [ -75.284, 45.577 ], [ -75.683, 45.469 ], [ -75.776, 45.394 ], [ -75.869, 45.393 ], [ -76.023, 45.505 ], [ -76.128, 45.53 ], [ -76.343, 45.474 ], [ -76.647, 45.581 ], [ -76.818, 45.886 ], [ -76.923, 45.884 ], [ -76.936, 45.794 ], [ -77.017, 45.796 ], [ -77.226, 45.891 ], [ -77.307, 46.02 ], [ -77.469, 46.115 ], [ -77.921, 46.236 ], [ -78.321, 46.266 ], [ -78.694, 46.337 ], [ -78.964, 46.533 ], [ -79.164, 46.824 ], [ -79.431, 47.087 ], [ -79.445, 47.275 ], [ -79.58, 47.452 ], [ -79.513, 47.597 ], [ -79.521, 50.943 ] ] ], [ [ [ -67.662, 58.327 ], [ -67.637, 58.402 ], [ -67.593, 58.422 ], [ -67.526, 58.347 ], [ -67.531, 58.297 ], [ -67.582, 58.278 ], [ -67.662, 58.327 ] ] ], [ [ [ -69.12, 58.957 ], [ -69.061, 59.011 ], [ -68.995, 59.016 ], [ -68.975, 58.99 ], [ -69.12, 58.957 ] ] ] ] } },
{ "type": "Feature", "properties": { "code": "CA-SK" }, "geometry": { "type": "MultiPolygon", "coordinates": [ [ [ [ -101.364, 48.993 ], [ -109.999, 48.993 ], [ -110.0, 60.0 ], [ -102.002, 60.0 ], [ -102.001, 55.816 ], [ -101.364, 48.993 ] ] ] ] } },
{ "type": "Feature", "properties": { "code": "CA-YT" }, "geometry": { "type": "MultiPolygon", "coordinates": [ [ [ [ -140.534, 60.219 ], [ -141.001, 60.321 ], [ -141.006, 69.651 ], [ -140.405, 69.601 ], [ -139.918, 69.621 ], [ -139.144, 69.514 ], [ -138.994, 69.422 ], [ -138.766, 69.359 ], [ -138.603, 69.243 ], [ -138.445, 69.235 ], [ -138.398, 69.298 ], [ -138.452, 69.284 ], [ -138.427, 69.302 ], [ -138.357, 69.305 ], [ -138.312, 69.229 ], [ -138.096, 69.14 ], [ -137.224, 68.951 ], [ -136.993, 68.948 ], [ -136.745, 68.879 ], [ -136.445, 68.91 ], [ -136.445, 67.726 ], [ -136.423, 67.657 ], [ -136.247, 67.62 ], [ -136.157, 67.504 ], [ -136.201, 67.408 ], [ -136.116, 67.377 ], [ -136.138, 67.36 ], [ -136.095, 67.297 ], [ -136.138, 67.225 ], [ -136.237, 67.178 ], [ -136.204, 67.146 ], [ -136.222, 67.064 ], [ -136.167, 67.006 ], [ -133.831, 67.003 ], [ -134.091, 66.964 ], [ -133.925, 66.912 ], [ -133.77, 66.809 ], [ -133.834, 66.726 ], [ -133.755, 66.68 ], [ -133.775, 66.647 ], [ -133.592, 66.569 ], [ -133.692, 66.52 ], [ -133.629, 66.445 ], [ -133.76, 66.437 ], [ -133.819, 66.31 ], [ -133.633, 66.303 ], [ -133.564, 66.261 ], [ -133.567, 66.154 ], [ -133.664, 66.12 ], [ -133.705, 66.072 ], [ -133.608, 66.05 ], [ -133.631, 65.985 ], [ -133.612, 65.962 ], [ -133.388, 65.947 ], [ -133.331, 65.987 ], [ -132.955, 66.03 ], [ -132.907, 66.003 ], [ -132.994, 65.923 ], [ -132.902, 65.908 ], [ -132.583, 66.032 ], [ -132.482, 65.977 ], [ -132.391, 65.997 ], [ -132.335, 65.967 ], [ -132.347, 65.941 ], [ -132.513, 65.903 ], [ -132.569, 65.844 ], [ -132.371, 65.771 ], [ -132.173, 65.595 ], [ -132.276, 65.545 ], [ -132.322, 65.44 ], [ -132.53, 65.353 ], [ -132.554, 65.284 ], [ -132.781, 65.226 ], [ -132.72, 65.209 ], [ -132.788, 65.188 ], [ -132.716, 65.156 ], [ -132.554, 65.181 ], [ -132.527, 65.157 ], [ -132.553, 65.103 ], [ -132.371, 65.081 ], [ -132.334, 65.031 ], [ -132.507, 64.965 ], [ -132.481, 64.88 ], [ -132.615, 64.816 ], [ -132.556, 64.771 ], [ -132.321, 64.769 ], [ -132.054, 64.696 ], [ -131.938, 64.597 ], [ -131.682, 64.521 ], [ -131.806, 64.427 ], [ -131.819, 64.378 ], [ -131.682, 64.392 ], [ -131.599, 64.369 ], [ -131.427, 64.416 ], [ -131.384, 64.468 ], [ -131.146, 64.424 ], [ -131.003, 64.325 ], [ -131.061, 64.28 ], [ -130.975, 64.264 ], [ -130.933, 64.208 ], [ -130.873, 64.19 ], [ -130.942, 64.129 ], [ -130.859, 64.077 ], [ -130.863, 64.042 ], [ -130.757, 64.047 ], [ -130.775, 64.011 ], [ -130.74, 63.973 ], [ -130.53, 63.934 ], [ -130.362, 63.842 ], [ -130.114, 63.804 ], [ -130.108, 63.767 ], [ -130.279, 63.737 ], [ -130.318, 63.703 ], [ -130.252, 63.667 ], [ -130.095, 63.698 ], [ -130.094, 63.633 ], [ -129.956, 63.617 ], [ -129.955, 63.583 ], [ -129.887, 63.563 ], [ -129.823, 63.478 ], [ -129.909, 63.439 ], [ -129.919, 63.373 ], [ -130.129, 63.317 ], [ -130.15, 63.268 ], [ -130.058, 63.27 ], [ -129.977, 63.207 ], [ -129.905, 63.197 ], [ -129.845, 63.091 ], [ -129.614, 63.072 ], [ -129.6, 63.047 ], [ -129.707, 62.95 ], [ -129.702, 62.892 ], [ -129.773, 62.869 ], [ -129.637, 62.762 ], [ -129.624, 62.705 ], [ -129.517, 62.673 ], [ -129.495, 62.608 ], [ -129.554, 62.593 ], [ -129.552, 62.566 ], [ -129.452, 62.59 ], [ -129.172, 62.479 ], [ -129.305, 62.423 ], [ -129.216, 62.378 ], [ -129.309, 62.321 ], [ -129.202, 62.211 ], [ -129.288, 62.153 ], [ -129.13, 62.116 ], [ -128.894, 62.117 ], [ -128.849, 62.069 ], [ -128.779, 62.057 ], [ -128.685, 62.12 ], [ -128.547, 62.122 ], [ -128.382, 62.031 ], [ -128.381, 61.99 ], [ -128.277, 61.947 ], [ -128.225, 61.858 ], [ -128.084, 61.85 ], [ -128.009, 61.775 ], [ -127.981, 61.694 ], [ -127.807, 61.611 ], [ -127.548, 61.512 ], [ -127.313, 61.522 ], [ -127.146, 61.465 ], [ -127.121, 61.397 ], [ -127.063, 61.37 ], [ -127.007, 61.188 ], [ -127.031, 61.153 ], [ -127.012, 61.127 ], [ -127.1, 61.071 ], [ -127.058, 61.043 ], [ -126.937, 61.059 ], [ -126.901, 60.946 ], [ -126.916, 60.852 ], [ -126.881, 60.833 ], [ -126.885, 60.782 ], [ -126.834, 60.755 ], [ -126.773, 60.784 ], [ -126.675, 60.746 ], [ -126.51, 60.815 ], [ -126.289, 60.78 ], [ -126.221, 60.806 ], [ -126.244, 60.846 ], [ -126.201, 60.864 ], [ -126.122, 60.866 ], [ -126.114, 60.826 ], [ -126.014, 60.803 ], [ -125.901, 60.895 ], [ -125.715, 60.834 ], [ -125.364, 60.782 ], [ -125.179, 60.85 ], [ -124.892, 60.855 ], [ -124.869, 60.926 ], [ -124.806, 60.968 ], [ -124.599, 60.965 ], [ -124.479, 60.788 ], [ -124.62, 60.682 ], [ -124.457, 60.569 ], [ -124.416, 60.479 ], [ -124.216, 60.461 ], [ -124.196, 60.33 ], [ -123.981, 60.098 ], [ -124.026, 60.02 ], [ -123.865, 60.038 ], [ -123.819, 60.0 ], [ -139.06, 60.0 ], [ -139.182, 60.073 ], [ -139.073, 60.3 ], [ -139.102, 60.347 ], [ -139.68, 60.327 ], [ -139.968, 60.188 ], [ -140.424, 60.293 ], [ -140.534, 60.219 ] ] ], [ [ [ -139.081, 69.65 ], [ -138.87, 69.592 ], [ -139.028, 69.585 ], [ -139.138, 69.535 ], [ -139.26, 69.585 ], [ -139.336, 69.572 ], [ -139.218, 69.632 ], [ -139.081, 69.65 ] ] ] ] } },
{ "type": "Feature", "properties": { "code": "MX-AGU" }, "geometry": { "type": "MultiPolygon", "coordinates": [ [ [ [ -101.845, 22.017 ], [ -101.892, 21.956 ], [ -102.049, 21.866 ], [ -102.08, 21.768 ], [ -102.259, 21.671 ], [ -102.514, 21.706 ], [ -102.63, 21.773 ], [ -102.76, 21.749 ], [ -102.825, 21.787 ], [ -102.856, 21.85 ], [ -102.842, 21.933 ], [ -102.652, 22.187 ], [ -102.676, 22.261 ], [ -102.654, 22.292 ], [ -102.493, 22.308 ], [ -102.456, 22.36 ], [ -102.345, 22.397 ], [ -102.292, 22.465 ], [ -102.211, 22.355 ], [ -102.166, 22.374 ], [ -102.132, 22.322 ], [ -101.999, 22.275 ], [ -101.98, 22.123 ], [ -101.845, 22.017 ] ] ] ] } },
{ "type": "Feature", "properties": { "code": "MX-BCN" }, "geometry": { "type": "MultiPolygon", "coordinates": [ [ [ [ -115.192, 28.361 ], [ -115.156, 28.141 ], [ -115.186, 28.106 ], [ -115.182, 28.028 ], [ -115.247, 28.034 ], [ -115.304, 28.095 ], [ -115.347, 28.071 ], [ -115.352, 28.116 ], [ -115.24, 28.234 ], [ -115.249, 28.359 ], [ -115.192, 28.361 ] ] ], [ [ [ -115.565, 28.307 ], [ -115.592, 28.298 ], [ -115.604, 28.31 ], [ -115.594, 28.317 ], [ -115.565, 28.307 ] ] ], [ [ [ -118.23, 29.062 ], [ -118.226, 28.915 ], [ -118.289, 28.868 ], [ -118.304, 28.998 ], [ -118.369, 29.114 ], [ -118.296, 29.186 ], [ -118.256, 29.181 ], [ -118.286, 29.136 ], [ -118.23, 29.062 ] ] ], [ [ [ -114.395, 29.96 ], [ -114.422, 29.966 ], [ -114.419, 29.987 ], [ -114.402, 29.986 ], [ -114.395, 29.96 ] ] ], [ [ [ -114.724, 32.713 ], [ -114.803, 32.594 ], [ -114.809, 32.511 ], [ -114.926, 32.483 ], [ -114.982, 32.341 ], [ -115.037, 32.292 ], [ -114.956, 32.142 ], [ -114.979, 32.074 ], [ -114.937, 32.032 ], [ -114.934, 31.909 ], [ -115.035, 31.966 ], [ -115.012, 31.915 ], [ -114.835, 31.802 ], [ -114.781, 31.656 ], [ -114.853, 31.527 ], [ -114.889, 31.163 ], [ -114.813, 31.05 ], [ -114.822, 30.989 ], [ -114.71, 30.918 ], [ -114.698, 30.637 ], [ -114.631, 30.495 ], [ -114.66, 30.183 ], [ -114.533, 29.968 ], [ -114.409, 29.881 ], [ -114.392, 29.783 ], [ -114.323, 29.741 ], [ -114.281, 29.772 ], [ -114.208, 29.745 ], [ -113.636, 29.282 ], [ -113.623, 29.253 ], [ -113.655, 29.207 ], [ -113.536, 29.051 ], [ -113.564, 29.014 ], [ -113.525, 28.892 ], [ -113.477, 28.898 ], [ -113.479, 28.946 ], [ -113.388, 28.94 ], [ -113.354, 28.8 ], [ -113.26, 28.84 ], [ -113.196, 28.792 ], [ -113.103, 28.505 ], [ -113.002, 28.456 ], [ -112.902, 28.475 ], [ -112.88, 28.435 ], [ -112.846, 28.441 ], [ -112.872, 28.284 ], [ -112.786, 28.196 ], [ -112.805, 28.032 ], [ -112.764, 27.999 ], [ -114.063, 28.0 ], [ -114.038, 28.037 ], [ -114.1, 28.055 ], [ -114.113, 28.12 ], [ -114.057, 28.206 ], [ -114.078, 28.247 ], [ -114.125, 28.256 ], [ -114.043, 28.458 ], [ -114.096, 28.552 ], [ -114.16, 28.566 ], [ -114.175, 28.658 ], [ -114.272, 28.659 ], [ -114.275, 28.696 ], [ -114.347, 28.731 ], [ -114.419, 28.878 ], [ -114.477, 28.929 ], [ -114.543, 28.934 ], [ -114.561, 28.98 ], [ -114.592, 28.965 ], [ -114.631, 29.094 ], [ -114.705, 29.096 ], [ -114.744, 29.188 ], [ -114.785, 29.194 ], [ -114.972, 29.378 ], [ -115.187, 29.429 ], [ -115.286, 29.53 ], [ -115.452, 29.62 ], [ -115.499, 29.611 ], [ -115.698, 29.756 ], [ -115.7, 29.898 ], [ -115.811, 29.968 ], [ -115.783, 30.093 ], [ -115.837, 30.346 ], [ -115.975, 30.401 ], [ -115.934, 30.45 ], [ -115.989, 30.497 ], [ -115.962, 30.442 ], [ -116.015, 30.434 ], [ -115.98, 30.359 ], [ -116.005, 30.359 ], [ -116.049, 30.48 ], [ -116.031, 30.627 ], [ -116.058, 30.802 ], [ -116.176, 30.86 ], [ -116.25, 30.957 ], [ -116.335, 30.956 ], [ -116.309, 31.149 ], [ -116.342, 31.22 ], [ -116.508, 31.419 ], [ -116.676, 31.553 ], [ -116.681, 31.577 ], [ -116.645, 31.58 ], [ -116.648, 31.659 ], [ -116.75, 31.752 ], [ -116.644, 31.734 ], [ -116.612, 31.843 ], [ -116.755, 31.91 ], [ -116.77, 31.978 ], [ -116.865, 32.013 ], [ -116.923, 32.219 ], [ -117.025, 32.277 ], [ -117.123, 32.491 ], [ -117.125, 32.532 ], [ -114.724, 32.713 ] ] ], [ [ [ -116.104, 30.483 ], [ -116.123, 30.492 ], [ -116.11, 30.495 ], [ -116.104, 30.483 ] ] ], [ [ [ -117.248, 32.419 ], [ -117.243, 32.389 ], [ -117.254, 32.421 ], [ -117.248, 32.419 ] ] ], [ [ [ -114.098, 28.0 ], [ -114.108, 28.031 ], [ -114.071, 28.0 ], [ -114.098, 28.0 ] ] ], [ [ [ -114.134, 28.084 ], [ -114.147, 28.0 ], [ -114.207, 28.0 ], [ -114.134, 28.084 ] ] ], [ [ [ -112.894, 28.678 ], [ -112.752, 28.591 ], [ -112.774, 28.576 ], [ -112.894, 28.678 ] ] ], [ [ [ -112.557, 28.734 ], [ -112.554, 28.672 ], [ -112.604, 28.669 ], [ -112.613, 28.726 ], [ -112.557, 28.734 ] ] ], [ [ [ -113.527, 29.092 ], [ -113.506, 29.063 ], [ -113.492, 29.036 ], [ -113.527, 29.092 ] ] ], [ [ [ -113.102, 29.053 ], [ -113.115, 28.984 ], [ -113.406, 29.212 ], [ -113.45, 29.28 ], [ -113.496, 29.285 ], [ -113.589, 29.41 ], [ -113.571, 29.54 ], [ -113.511, 29.549 ], [ -113.395, 29.459 ], [ -113.35, 29.384 ], [ -113.37, 29.31 ], [ -113.169, 29.276 ], [ -113.174, 29.129 ], [ -113.148, 29.066 ], [ -113.102, 29.053 ] ] ] ] } },
{ "type": "Feature", "properties": { "code": "MX-BCS" }, "geometry": { "type": "MultiPolygon", "coordinates": [ [ [ [ -111.463, 24.33 ], [ -111.561, 24.362 ], [ -111.673, 24.358 ], [ -111.562, 24.378 ], [ -111.463, 24.33 ] ] ], [ [ [ -111.692, 24.374 ], [ -111.708, 24.3 ], [ -112.007, 24.514 ], [ -111.837, 24.513 ], [ -111.692, 24.374 ] ] ], [ [ [ -112.136, 24.633 ], [ -112.06, 24.541 ], [ -112.176, 24.654 ], [ -112.136, 24.698 ], [ -112.176, 24.763 ], [ -112.246, 24.789 ], [ -112.259, 24.749 ], [ -112.305, 24.792 ], [ -112.138, 25.265 ], [ -112.12, 25.221 ], [ -112.196, 24.915 ], [ -112.177, 24.872 ], [ -112.214, 24.848 ], [ -112.116, 24.689 ], [ -112.136, 24.633 ] ] ], [ [ [ -115.753, 24.953 ], [ -115.753, 24.955 ], [ -115.752, 24.953 ], [ -115.753, 24.953 ] ] ], [ [ [ -112.103, 25.489 ], [ -112.106, 25.326 ], [ -112.123, 25.282 ], [ -112.103, 25.489 ] ] ], [ [ [ -114.098, 28.0 ], [ -112.76, 27.998 ], [ -112.773, 27.864 ], [ -112.719, 27.826 ], [ -112.693, 27.743 ], [ -112.598, 27.654 ], [ -112.355, 27.547 ], [ -112.297, 27.381 ], [ -112.196, 27.25 ], [ -112.213, 27.21 ], [ -112.165, 27.167 ], [ -111.95, 27.093 ], [ -112.017, 26.979 ], [ -111.871, 26.828 ], [ -111.861, 26.784 ], [ -111.9, 26.715 ], [ -111.784, 26.572 ], [ -111.736, 26.54 ], [ -111.677, 26.582 ], [ -111.815, 26.715 ], [ -111.851, 26.88 ], [ -111.795, 26.884 ], [ -111.56, 26.696 ], [ -111.565, 26.558 ], [ -111.442, 26.518 ], [ -111.469, 26.42 ], [ -111.394, 26.33 ], [ -111.397, 26.252 ], [ -111.322, 26.098 ], [ -111.36, 25.964 ], [ -111.331, 25.837 ], [ -111.292, 25.812 ], [ -111.315, 25.82 ], [ -111.307, 25.779 ], [ -111.225, 25.724 ], [ -111.192, 25.615 ], [ -111.124, 25.53 ], [ -111.019, 25.515 ], [ -111.025, 25.447 ], [ -110.934, 25.291 ], [ -110.904, 25.143 ], [ -110.814, 25.033 ], [ -110.758, 25.012 ], [ -110.684, 24.883 ], [ -110.665, 24.765 ], [ -110.724, 24.681 ], [ -110.74, 24.588 ], [ -110.687, 24.466 ], [ -110.682, 24.361 ], [ -110.562, 24.213 ], [ -110.325, 24.176 ], [ -110.369, 24.15 ], [ -110.432, 24.174 ], [ -110.417, 24.109 ], [ -110.35, 24.114 ], [ -110.306, 24.177 ], [ -110.332, 24.329 ], [ -110.246, 24.35 ], [ -110.173, 24.253 ], [ -110.007, 24.159 ], [ -109.988, 24.046 ], [ -109.931, 24.029 ], [ -109.828, 24.063 ], [ -109.803, 24.022 ], [ -109.837, 23.938 ], [ -109.698, 23.798 ], [ -109.696, 23.666 ], [ -109.468, 23.555 ], [ -109.478, 23.525 ], [ -109.426, 23.459 ], [ -109.438, 23.24 ], [ -109.532, 23.108 ], [ -109.713, 23.031 ], [ -109.732, 22.988 ], [ -109.895, 22.874 ], [ -110.0, 22.894 ], [ -110.098, 23.018 ], [ -110.167, 23.321 ], [ -110.307, 23.541 ], [ -110.648, 23.734 ], [ -111.04, 24.104 ], [ -111.444, 24.324 ], [ -111.36, 24.29 ], [ -111.596, 24.442 ], [ -111.679, 24.586 ], [ -111.699, 24.536 ], [ -111.803, 24.546 ], [ -111.762, 24.515 ], [ -111.813, 24.506 ], [ -111.849, 24.654 ], [ -111.942, 24.744 ], [ -111.912, 24.737 ], [ -112.008, 24.875 ], [ -111.967, 24.744 ], [ -112.025, 24.756 ], [ -112.036, 24.84 ], [ -112.043, 24.753 ], [ -112.078, 24.762 ], [ -112.124, 24.874 ], [ -112.09, 24.901 ], [ -112.097, 25.0 ], [ -112.145, 24.874 ], [ -112.166, 24.954 ], [ -112.123, 25.038 ], [ -112.131, 25.172 ], [ -112.078, 25.259 ], [ -112.083, 25.444 ], [ -112.031, 25.474 ], [ -112.084, 25.481 ], [ -112.063, 25.495 ], [ -112.081, 25.721 ], [ -112.104, 25.504 ], [ -112.109, 25.784 ], [ -112.179, 25.955 ], [ -112.239, 26.041 ], [ -112.309, 26.07 ], [ -112.343, 26.178 ], [ -112.403, 26.24 ], [ -112.453, 26.263 ], [ -112.498, 26.235 ], [ -112.56, 26.301 ], [ -112.689, 26.323 ], [ -113.061, 26.599 ], [ -113.057, 26.65 ], [ -113.143, 26.758 ], [ -113.119, 26.794 ], [ -113.216, 26.744 ], [ -113.238, 26.787 ], [ -113.125, 26.886 ], [ -113.146, 26.97 ], [ -113.193, 26.945 ], [ -113.204, 26.853 ], [ -113.258, 26.825 ], [ -113.271, 26.752 ], [ -113.471, 26.805 ], [ -113.543, 26.719 ], [ -113.637, 26.726 ], [ -113.725, 26.8 ], [ -113.816, 26.949 ], [ -113.91, 26.992 ], [ -114.005, 26.977 ], [ -114.114, 27.105 ], [ -114.182, 27.14 ], [ -114.274, 27.149 ], [ -114.294, 27.125 ], [ -114.435, 27.176 ], [ -114.43, 27.209 ], [ -114.488, 27.238 ], [ -114.506, 27.406 ], [ -114.597, 27.477 ], [ -114.734, 27.521 ], [ -114.782, 27.603 ], [ -114.876, 27.644 ], [ -114.849, 27.641 ], [ -114.862, 27.69 ], [ -114.9, 27.664 ], [ -114.951, 27.716 ], [ -115.002, 27.716 ], [ -115.084, 27.851 ], [ -114.499, 27.774 ], [ -114.304, 27.872 ], [ -114.305, 27.765 ], [ -114.151, 27.67 ], [ -114.103, 27.602 ], [ -114.048, 27.653 ], [ -114.075, 27.69 ], [ -113.953, 27.656 ], [ -113.919, 27.719 ], [ -114.025, 27.75 ], [ -114.067, 27.804 ], [ -114.042, 27.732 ], [ -114.125, 27.714 ], [ -114.172, 27.789 ], [ -114.131, 27.889 ], [ -114.153, 27.945 ], [ -114.268, 27.887 ], [ -114.262, 27.944 ], [ -114.207, 28.0 ], [ -114.147, 28.0 ], [ -114.106, 27.928 ], [ -114.098, 28.0 ] ] ], [ [ [ -113.265, 26.709 ], [ -113.174, 26.72 ], [ -113.138, 26.665 ], [ -113.265, 26.709 ] ] ], [ [ [ -112.045, 27.217 ], [ -112.087, 27.183 ], [ -112.109, 27.237 ], [ -112.09, 27.26 ], [ -112.045, 27.217 ] ] ], [ [ [ -111.856, 27.438 ], [ -111.879, 27.428 ], [ -111.904, 27.438 ], [ -111.879, 27.453 ], [ -111.856, 27.438 ] ] ], [ [ [ -115.159, 27.86 ], [ -115.178, 27.851 ], [ -115.218, 27.896 ], [ -115.197, 27.891 ], [ -115.159, 27.86 ] ] ], [ [ [ -109.798, 24.155 ], [ -109.874, 24.152 ], [ -109.933, 24.374 ], [ -109.823, 24.209 ], [ -109.798, 24.155 ] ] ], [ [ [ -110.296, 24.477 ], [ -110.348, 24.402 ], [ -110.397, 24.511 ], [ -110.376, 24.531 ], [ -110.416, 24.57 ], [ -110.398, 24.591 ], [ -110.296, 24.477 ] ] ], [ [ [ -110.569, 24.844 ], [ -110.561, 24.815 ], [ -110.587, 24.829 ], [ -110.569, 24.844 ] ] ], [ [ [ -110.707, 25.105 ], [ -110.575, 25.016 ], [ -110.525, 24.88 ], [ -110.579, 24.864 ], [ -110.574, 24.887 ], [ -110.642, 24.914 ], [ -110.676, 25.011 ], [ -110.713, 25.029 ], [ -110.707, 25.105 ] ] ], [ [ [ -110.694, 25.303 ], [ -110.707, 25.272 ], [ -110.729, 25.26 ], [ -110.733, 25.288 ], [ -110.694, 25.303 ] ] ], [ [ [ -110.792, 25.695 ], [ -110.762, 25.694 ], [ -110.765, 25.594 ], [ -110.806, 25.644 ], [ -110.792, 25.695 ] ] ], [ [ [ -111.037, 25.714 ], [ -111.013, 25.679 ], [ -111.029, 25.652 ], [ -111.059, 25.701 ], [ -111.037, 25.714 ] ] ], [ [ [ -111.258, 25.813 ], [ -111.245, 25.787 ], [ -111.246, 25.766 ], [ -111.258, 25.813 ] ] ], [ [ [ -111.067, 25.966 ], [ -111.12, 25.992 ], [ -111.205, 25.804 ], [ -111.23, 25.824 ], [ -111.176, 26.043 ], [ -111.056, 26.072 ], [ -111.082, 26.029 ], [ -111.067, 25.966 ] ] ], [ [ [ -111.275, 26.136 ], [ -111.264, 26.105 ], [ -111.286, 26.103 ], [ -111.275, 26.136 ] ] ] ] } },
{ "type": "Feature", "properties": { "code": "MX-CAM" }, "geometry": { "type": "MultiPolygon", "coordinates": [ [ [ [ -91.556, 18.792 ], [ -91.525, 18.752 ], [ -91.621, 18.745 ], [ -91.689, 18.669 ], [ -91.723, 18.663 ], [ -91.703, 18.697 ], [ -91.843, 18.651 ], [ -91.556, 18.792 ] ] ], [ [ [ -89.154, 18.031 ], [ -89.16, 17.814 ], [ -90.991, 17.802 ], [ -90.992, 17.968 ], [ -91.124, 17.976 ], [ -91.332, 18.067 ], [ -91.541, 18.105 ], [ -91.589, 18.098 ], [ -91.633, 17.951 ], [ -91.859, 17.954 ], [ -92.156, 18.169 ], [ -92.149, 18.462 ], [ -92.368, 18.461 ], [ -92.486, 18.648 ], [ -91.948, 18.691 ], [ -91.86, 18.622 ], [ -91.867, 18.598 ], [ -91.932, 18.594 ], [ -91.95, 18.63 ], [ -92.008, 18.613 ], [ -91.991, 18.594 ], [ -92.039, 18.601 ], [ -92.053, 18.547 ], [ -91.955, 18.548 ], [ -91.888, 18.506 ], [ -91.97, 18.594 ], [ -91.902, 18.581 ], [ -91.915, 18.56 ], [ -91.874, 18.526 ], [ -91.895, 18.526 ], [ -91.826, 18.491 ], [ -91.86, 18.433 ], [ -91.802, 18.386 ], [ -91.813, 18.451 ], [ -91.772, 18.437 ], [ -91.798, 18.491 ], [ -91.682, 18.451 ], [ -91.504, 18.464 ], [ -91.486, 18.436 ], [ -91.484, 18.498 ], [ -91.539, 18.471 ], [ -91.504, 18.512 ], [ -91.182, 18.657 ], [ -91.299, 18.629 ], [ -91.266, 18.736 ], [ -91.302, 18.781 ], [ -91.367, 18.771 ], [ -91.415, 18.814 ], [ -91.237, 18.958 ], [ -91.391, 18.871 ], [ -91.415, 18.827 ], [ -91.505, 18.817 ], [ -90.936, 19.163 ], [ -90.742, 19.343 ], [ -90.703, 19.711 ], [ -90.665, 19.782 ], [ -90.478, 19.922 ], [ -90.464, 19.978 ], [ -90.5, 20.079 ], [ -90.49, 20.534 ], [ -90.459, 20.716 ], [ -90.381, 20.824 ], [ -90.374, 20.519 ], [ -90.236, 20.51 ], [ -90.169, 20.425 ], [ -90.13, 20.439 ], [ -90.094, 20.407 ], [ -90.018, 20.468 ], [ -89.811, 20.137 ], [ -89.63, 20.019 ], [ -89.455, 19.777 ], [ -89.374, 19.594 ], [ -89.135, 19.405 ], [ -89.037, 19.289 ], [ -89.021, 19.033 ], [ -89.082, 18.961 ], [ -89.109, 18.691 ], [ -89.067, 18.59 ], [ -89.076, 18.506 ], [ -89.045, 18.492 ], [ -89.036, 18.203 ], [ -89.154, 18.031 ] ] ] ] } },
{ "type": "Feature", "properties": { "code": "MX-CHH" }, "geometry": { "type": "MultiPolygon", "coordinates": [ [ [ [ -108.215, 31.778 ], [ -106.517, 31.774 ], [ -106.392, 31.746 ], [ -106.209, 31.477 ], [ -105.961, 31.371 ], [ -105.364, 30.85 ], [ -105.205, 30.802 ], [ -104.934, 30.611 ], [ -104.859, 30.497 ], [ -104.853, 30.412 ], [ -104.682, 30.193 ], [ -104.702, 30.055 ], [ -104.68, 29.942 ], [ -104.57, 29.788 ], [ -104.531, 29.668 ], [ -104.444, 29.589 ], [ -104.338, 29.524 ], [ -104.267, 29.527 ], [ -104.057, 29.339 ], [ -103.784, 29.275 ], [ -103.778, 29.235 ], [ -103.702, 29.188 ], [ -103.55, 29.155 ], [ -103.387, 29.029 ], [ -103.31, 29.031 ], [ -103.963, 27.919 ], [ -103.627, 26.644 ], [ -103.988, 26.775 ], [ -104.155, 26.768 ], [ -104.235, 26.723 ], [ -104.557, 26.341 ], [ -104.833, 26.487 ], [ -104.988, 26.504 ], [ -105.026, 26.459 ], [ -105.117, 26.552 ], [ -105.327, 26.459 ], [ -105.578, 26.587 ], [ -105.68, 26.699 ], [ -105.808, 26.693 ], [ -106.028, 26.839 ], [ -106.092, 26.735 ], [ -106.129, 26.768 ], [ -106.158, 26.742 ], [ -106.166, 26.621 ], [ -106.225, 26.56 ], [ -106.196, 26.445 ], [ -106.432, 26.362 ], [ -106.378, 26.132 ], [ -106.41, 26.051 ], [ -106.512, 26.022 ], [ -106.536, 25.792 ], [ -106.759, 25.62 ], [ -106.937, 25.642 ], [ -107.255, 25.863 ], [ -107.385, 26.122 ], [ -107.776, 26.201 ], [ -107.835, 26.6 ], [ -108.0, 26.815 ], [ -108.021, 26.92 ], [ -108.197, 26.971 ], [ -108.269, 27.052 ], [ -108.374, 27.077 ], [ -108.466, 26.98 ], [ -108.496, 27.028 ], [ -108.574, 27.043 ], [ -108.687, 27.204 ], [ -108.637, 27.314 ], [ -108.66, 27.525 ], [ -108.779, 27.622 ], [ -108.763, 27.675 ], [ -108.871, 27.757 ], [ -108.906, 27.836 ], [ -109.013, 27.894 ], [ -109.154, 28.199 ], [ -109.051, 28.284 ], [ -108.88, 28.289 ], [ -108.64, 28.239 ], [ -108.54, 28.32 ], [ -108.646, 28.608 ], [ -108.61, 28.743 ], [ -108.708, 29.401 ], [ -108.613, 29.408 ], [ -108.537, 30.039 ], [ -108.583, 30.507 ], [ -109.043, 30.828 ], [ -108.968, 31.327 ], [ -108.215, 31.327 ], [ -108.215, 31.778 ] ] ] ] } },
{ "type": "Feature", "properties": { "code": "MX-CHP" }, "geometry": { "type": "MultiPolygon", "coordinates": [ [ [ [ -94.082, 16.095 ], [ -94.03, 16.04 ], [ -93.964, 15.998 ], [ -94.115, 16.057 ], [ -94.082, 16.095 ] ] ], [ [ [ -91.438, 17.254 ], [ -91.365, 17.19 ], [ -91.28, 17.18 ], [ -91.055, 16.908 ], [ -90.993, 16.874 ], [ -90.955, 16.899 ], [ -90.969, 16.874 ], [ -90.919, 16.836 ], [ -90.811, 16.813 ], [ -90.735, 16.747 ], [ -90.668, 16.653 ], [ -90.667, 16.587 ], [ -90.634, 16.592 ], [ -90.648, 16.53 ], [ -90.612, 16.508 ], [ -90.633, 16.483 ], [ -90.544, 16.49 ], [ -90.476, 16.431 ], [ -90.395, 16.419 ], [ -90.38, 16.367 ], [ -90.418, 16.367 ], [ -90.405, 16.332 ], [ -90.445, 16.308 ], [ -90.414, 16.288 ], [ -90.459, 16.259 ], [ -90.434, 16.236 ], [ -90.462, 16.189 ], [ -90.426, 16.163 ], [ -90.459, 16.117 ], [ -90.434, 16.107 ], [ -90.486, 16.071 ], [ -91.74, 16.061 ], [ -92.211, 15.272 ], [ -92.074, 15.074 ], [ -92.154, 14.996 ], [ -92.155, 14.901 ], [ -92.192, 14.835 ], [ -92.161, 14.683 ], [ -92.226, 14.549 ], [ -92.841, 15.161 ], [ -92.84, 15.182 ], [ -92.781, 15.159 ], [ -92.737, 15.093 ], [ -92.768, 15.171 ], [ -92.864, 15.191 ], [ -92.983, 15.266 ], [ -93.2, 15.491 ], [ -93.656, 15.839 ], [ -93.943, 16.011 ], [ -93.854, 16.025 ], [ -93.898, 16.089 ], [ -94.084, 16.149 ], [ -94.04, 16.303 ], [ -94.125, 16.509 ], [ -94.04, 16.643 ], [ -94.041, 16.801 ], [ -93.911, 16.881 ], [ -93.905, 17.001 ], [ -93.868, 17.012 ], [ -93.873, 17.15 ], [ -93.619, 17.316 ], [ -93.511, 17.546 ], [ -93.414, 17.638 ], [ -93.313, 17.964 ], [ -93.271, 17.994 ], [ -93.186, 17.974 ], [ -93.088, 17.9 ], [ -92.998, 17.933 ], [ -93.011, 17.708 ], [ -92.983, 17.542 ], [ -92.91, 17.526 ], [ -92.829, 17.402 ], [ -92.755, 17.364 ], [ -92.383, 17.623 ], [ -92.343, 17.713 ], [ -92.081, 17.787 ], [ -92.078, 17.833 ], [ -91.996, 17.905 ], [ -91.954, 17.902 ], [ -91.943, 17.854 ], [ -91.915, 17.888 ], [ -91.819, 17.885 ], [ -91.784, 17.84 ], [ -91.794, 17.729 ], [ -91.698, 17.714 ], [ -91.645, 17.525 ], [ -91.501, 17.464 ], [ -91.492, 17.401 ], [ -91.424, 17.386 ], [ -91.387, 17.333 ], [ -91.429, 17.313 ], [ -91.438, 17.254 ] ] ] ] } },
{ "type": "Feature", "properties": { "code": "MX-CMX" }, "geometry": { "type": "MultiPolygon", "coordinates": [ [ [ [ -99.124, 19.571 ], [ -99.039, 19.427 ], [ -99.059, 19.377 ], [ -98.99, 19.337 ], [ -98.96, 19.275 ], [ -98.942, 19.121 ], [ -99.043, 19.058 ], [ -99.262, 19.121 ], [ -99.335, 19.247 ], [ -99.309, 19.363 ], [ -99.26, 19.361 ], [ -99.124, 19.571 ] ] ] ] } },
{ "type": "Feature", "properties": { "code": "MX-COA" }, "geometry": { "type": "MultiPolygon", "coordinates": [ [ [ [ -102.321, 29.894 ], [ -102.109, 29.802 ], [ -101.806, 29.812 ], [ -101.632, 29.776 ], [ -101.565, 29.786 ], [ -101.546, 29.82 ], [ -101.543, 29.771 ], [ -101.405, 29.778 ], [ -101.358, 29.667 ], [ -101.301, 29.65 ], [ -101.312, 29.598 ], [ -101.234, 29.623 ], [ -101.213, 29.532 ], [ -101.038, 29.46 ], [ -101.008, 29.381 ], [ -100.796, 29.258 ], [ -100.763, 29.174 ], [ -100.669, 29.116 ], [ -100.624, 28.925 ], [ -100.534, 28.83 ], [ -100.384, 28.537 ], [ -100.323, 28.51 ], [ -100.356, 28.478 ], [ -100.275, 28.277 ], [ -100.056, 28.138 ], [ -99.991, 28.008 ], [ -99.881, 27.906 ], [ -99.863, 27.805 ], [ -99.807, 27.771 ], [ -99.976, 27.638 ], [ -100.182, 27.794 ], [ -100.358, 27.674 ], [ -100.455, 27.354 ], [ -100.512, 27.366 ], [ -100.628, 27.328 ], [ -100.813, 27.199 ], [ -100.8, 27.06 ], [ -100.754, 27.013 ], [ -100.704, 27.027 ], [ -100.712, 27.064 ], [ -100.665, 27.1 ], [ -100.56, 27.053 ], [ -100.552, 26.887 ], [ -100.609, 26.716 ], [ -100.711, 26.617 ], [ -100.753, 26.732 ], [ -101.216, 26.373 ], [ -101.109, 26.283 ], [ -101.049, 26.166 ], [ -100.946, 26.108 ], [ -100.923, 26.0 ], [ -100.848, 25.957 ], [ -100.846, 25.785 ], [ -100.782, 25.678 ], [ -100.572, 25.524 ], [ -100.571, 25.498 ], [ -100.665, 25.53 ], [ -100.696, 25.506 ], [ -100.572, 25.414 ], [ -100.499, 25.397 ], [ -100.468, 25.343 ], [ -100.303, 25.345 ], [ -100.199, 25.276 ], [ -100.258, 25.257 ], [ -100.274, 25.203 ], [ -100.402, 25.193 ], [ -100.596, 25.229 ], [ -100.794, 25.122 ], [ -100.835, 25.041 ], [ -100.732, 24.962 ], [ -100.796, 24.893 ], [ -100.767, 24.776 ], [ -100.828, 24.565 ], [ -101.097, 24.641 ], [ -101.231, 24.818 ], [ -101.342, 24.812 ], [ -101.344, 24.838 ], [ -101.442, 24.752 ], [ -101.617, 24.757 ], [ -101.654, 24.826 ], [ -101.574, 24.807 ], [ -101.591, 24.882 ], [ -101.768, 24.938 ], [ -101.861, 25.076 ], [ -102.2, 25.166 ], [ -102.634, 25.116 ], [ -102.839, 24.899 ], [ -102.843, 24.728 ], [ -102.972, 24.807 ], [ -103.226, 24.887 ], [ -103.275, 25.072 ], [ -103.388, 25.141 ], [ -103.506, 25.281 ], [ -103.48, 25.377 ], [ -103.424, 25.417 ], [ -103.484, 25.485 ], [ -103.488, 25.541 ], [ -103.32, 25.699 ], [ -103.35, 26.074 ], [ -103.27, 26.313 ], [ -103.326, 26.409 ], [ -103.627, 26.644 ], [ -103.963, 27.919 ], [ -103.313, 29.025 ], [ -103.302, 29.002 ], [ -103.123, 28.996 ], [ -103.105, 29.058 ], [ -102.988, 29.177 ], [ -102.859, 29.229 ], [ -102.9, 29.264 ], [ -102.883, 29.344 ], [ -102.838, 29.366 ], [ -102.839, 29.452 ], [ -102.691, 29.737 ], [ -102.515, 29.785 ], [ -102.406, 29.777 ], [ -102.321, 29.894 ] ] ] ] } },
{ "type": "Feature", "properties": { "code": "MX-COL" }, "geometry": { "type": "MultiPolygon", "coordinates": [ [ [ [ -114.72, 18.352 ], [ -114.734, 18.329 ], [ -114.799, 18.331 ], [ -114.776, 18.355 ], [ -114.72, 18.352 ] ] ], [ [ [ -110.919, 18.781 ], [ -110.924, 18.727 ], [ -110.979, 18.717 ], [ -111.067, 18.769 ], [ -111.001, 18.868 ], [ -110.919, 18.781 ] ] ], [ [ [ -103.953, 18.849 ], [ -104.332, 19.022 ], [ -104.3, 19.066 ], [ -104.329, 19.099 ], [ -104.386, 19.115 ], [ -104.44, 19.082 ], [ -104.592, 19.173 ], [ -104.526, 19.253 ], [ -104.475, 19.23 ], [ -104.421, 19.288 ], [ -104.385, 19.27 ], [ -104.215, 19.32 ], [ -104.056, 19.537 ], [ -104.051, 19.502 ], [ -103.833, 19.398 ], [ -103.649, 19.501 ], [ -103.601, 19.408 ], [ -103.491, 19.311 ], [ -103.525, 19.093 ], [ -103.478, 18.966 ], [ -103.578, 18.884 ], [ -103.612, 18.888 ], [ -103.627, 18.802 ], [ -103.742, 18.69 ], [ -103.953, 18.849 ] ] ], [ [ [ -110.814, 19.348 ], [ -110.788, 19.314 ], [ -110.83, 19.273 ], [ -110.814, 19.348 ] ] ] ] } },
{ "type": "Feature", "properties": { "code": "MX-DUR" }, "geometry": { "type": "MultiPolygon", "coordinates": [ [ [ [ -106.855, 24.789 ], [ -106.943, 24.809 ], [ -106.963, 24.879 ], [ -107.036, 24.92 ], [ -107.115, 25.145 ], [ -107.083, 25.465 ], [ -106.937, 25.642 ], [ -106.74, 25.622 ], [ -106.544, 25.78 ], [ -106.512, 26.022 ], [ -106.41, 26.051 ], [ -106.378, 26.132 ], [ -106.432, 26.362 ], [ -106.196, 26.445 ], [ -106.225, 26.56 ], [ -106.166, 26.621 ], [ -106.145, 26.762 ], [ -106.092, 26.735 ], [ -106.028, 26.839 ], [ -105.808, 26.693 ], [ -105.68, 26.699 ], [ -105.578, 26.587 ], [ -105.327, 26.459 ], [ -105.117, 26.552 ], [ -105.026, 26.459 ], [ -104.988, 26.504 ], [ -104.833, 26.487 ], [ -104.557, 26.341 ], [ -104.235, 26.723 ], [ -104.155, 26.768 ], [ -104.01, 26.777 ], [ -103.627, 26.644 ], [ -103.285, 26.364 ], [ -103.27, 26.313 ], [ -103.35, 26.074 ], [ -103.32, 25.699 ], [ -103.488, 25.541 ], [ -103.484, 25.485 ], [ -103.424, 25.417 ], [ -103.48, 25.377 ], [ -103.506, 25.281 ], [ -103.388, 25.141 ], [ -103.275, 25.072 ], [ -103.226, 24.887 ], [ -102.972, 24.807 ], [ -102.843, 24.728 ], [ -102.839, 24.899 ], [ -102.668, 25.079 ], [ -102.492, 24.824 ], [ -102.49, 24.474 ], [ -102.757, 24.409 ], [ -103.282, 24.483 ], [ -103.398, 24.425 ], [ -103.413, 24.36 ], [ -103.516, 24.341 ], [ -103.67, 24.162 ], [ -103.836, 24.085 ], [ -103.839, 23.945 ], [ -103.905, 23.925 ], [ -103.851, 23.851 ], [ -103.879, 23.773 ], [ -103.81, 23.671 ], [ -103.833, 23.63 ], [ -103.918, 23.653 ], [ -103.952, 23.551 ], [ -104.104, 23.45 ], [ -104.134, 23.187 ], [ -104.189, 23.118 ], [ -104.209, 22.644 ], [ -104.311, 22.319 ], [ -104.335, 22.475 ], [ -104.477, 22.417 ], [ -104.533, 22.427 ], [ -104.614, 22.481 ], [ -104.659, 22.617 ], [ -104.754, 22.674 ], [ -104.997, 22.543 ], [ -104.989, 22.692 ], [ -104.889, 22.79 ], [ -104.945, 22.916 ], [ -105.179, 23.032 ], [ -105.389, 23.033 ], [ -105.392, 23.15 ], [ -105.515, 23.146 ], [ -105.678, 23.282 ], [ -105.726, 23.487 ], [ -105.766, 23.551 ], [ -105.843, 23.581 ], [ -105.897, 23.714 ], [ -105.922, 23.902 ], [ -105.862, 24.064 ], [ -105.948, 24.073 ], [ -106.035, 24.261 ], [ -106.196, 24.39 ], [ -106.309, 24.374 ], [ -106.405, 24.29 ], [ -106.525, 24.306 ], [ -106.606, 24.381 ], [ -106.622, 24.482 ], [ -106.756, 24.704 ], [ -106.855, 24.789 ] ] ] ] } },
{ "type": "Feature", "properties": { "code": "MX-GRO" }, "geometry": { "type": "MultiPolygon", "coordinates": [ [ [ [ -98.555, 16.318 ], [ -98.777, 16.555 ], [ -98.907, 16.535 ], [ -99.374, 16.668 ], [ -99.663, 16.698 ], [ -99.858, 16.796 ], [ -99.836, 16.802 ], [ -99.877, 16.815 ], [ -99.858, 16.851 ], [ -99.914, 16.827 ], [ -99.992, 16.91 ], [ -101.059, 17.264 ], [ -101.055, 17.303 ], [ -101.182, 17.413 ], [ -101.456, 17.526 ], [ -101.441, 17.557 ], [ -101.496, 17.614 ], [ -101.553, 17.611 ], [ -101.644, 17.668 ], [ -101.672, 17.74 ], [ -101.811, 17.89 ], [ -102.037, 17.991 ], [ -102.1, 17.982 ], [ -102.169, 17.921 ], [ -102.164, 18.154 ], [ -102.133, 18.186 ], [ -101.931, 18.208 ], [ -101.876, 18.295 ], [ -101.881, 18.523 ], [ -101.802, 18.588 ], [ -101.645, 18.58 ], [ -101.515, 18.478 ], [ -101.257, 18.537 ], [ -101.024, 18.539 ], [ -100.953, 18.466 ], [ -100.925, 18.501 ], [ -100.818, 18.498 ], [ -100.741, 18.436 ], [ -100.7, 18.441 ], [ -100.72, 18.378 ], [ -100.689, 18.326 ], [ -100.652, 18.359 ], [ -100.632, 18.337 ], [ -100.61, 18.418 ], [ -100.742, 18.524 ], [ -100.772, 18.684 ], [ -100.745, 18.734 ], [ -100.789, 18.801 ], [ -100.735, 18.857 ], [ -100.685, 18.794 ], [ -100.624, 18.871 ], [ -100.448, 18.839 ], [ -100.43, 18.637 ], [ -100.356, 18.555 ], [ -100.366, 18.455 ], [ -100.303, 18.39 ], [ -100.148, 18.491 ], [ -100.071, 18.61 ], [ -99.85, 18.663 ], [ -99.785, 18.622 ], [ -99.66, 18.764 ], [ -99.56, 18.676 ], [ -99.495, 18.674 ], [ -99.507, 18.624 ], [ -99.468, 18.615 ], [ -99.39, 18.506 ], [ -99.345, 18.498 ], [ -99.331, 18.453 ], [ -99.245, 18.454 ], [ -99.216, 18.546 ], [ -99.161, 18.553 ], [ -99.059, 18.385 ], [ -99.031, 18.238 ], [ -99.002, 18.243 ], [ -98.969, 18.186 ], [ -98.93, 18.195 ], [ -98.92, 18.14 ], [ -98.83, 18.116 ], [ -98.751, 18.008 ], [ -98.555, 17.952 ], [ -98.427, 17.964 ], [ -98.331, 17.873 ], [ -98.389, 17.641 ], [ -98.374, 17.528 ], [ -98.324, 17.465 ], [ -98.325, 17.317 ], [ -98.272, 17.295 ], [ -98.228, 17.223 ], [ -98.15, 17.215 ], [ -98.003, 17.026 ], [ -98.079, 16.766 ], [ -98.161, 16.705 ], [ -98.24, 16.703 ], [ -98.234, 16.581 ], [ -98.346, 16.547 ], [ -98.315, 16.467 ], [ -98.343, 16.41 ], [ -98.555, 16.318 ] ] ] ] } },
{ "type": "Feature", "properties": { "code": "MX-GUA" }, "geometry": { "type": "MultiPolygon", "coordinates": [ [ [ [ -99.791, 21.419 ], [ -99.793, 21.291 ], [ -99.72, 21.27 ], [ -99.714, 21.234 ], [ -99.827, 21.158 ], [ -99.96, 21.201 ], [ -100.036, 21.179 ], [ -100.106, 20.917 ], [ -100.162, 20.879 ], [ -100.235, 20.931 ], [ -100.342, 20.897 ], [ -100.412, 20.912 ], [ -100.439, 20.97 ], [ -100.51, 20.896 ], [ -100.565, 20.74 ], [ -100.558, 20.658 ], [ -100.491, 20.543 ], [ -100.469, 20.402 ], [ -100.374, 20.272 ], [ -100.286, 20.213 ], [ -100.349, 20.122 ], [ -100.391, 20.113 ], [ -100.379, 19.975 ], [ -100.49, 19.954 ], [ -100.518, 19.909 ], [ -100.561, 19.947 ], [ -100.775, 19.91 ], [ -100.83, 19.976 ], [ -100.914, 19.925 ], [ -100.988, 19.94 ], [ -101.045, 19.992 ], [ -100.986, 20.023 ], [ -101.021, 20.097 ], [ -101.163, 20.102 ], [ -101.213, 20.03 ], [ -101.393, 20.039 ], [ -101.42, 20.054 ], [ -101.434, 20.225 ], [ -101.377, 20.27 ], [ -101.461, 20.335 ], [ -101.615, 20.318 ], [ -101.673, 20.191 ], [ -101.893, 20.199 ], [ -101.932, 20.252 ], [ -101.949, 20.366 ], [ -102.006, 20.335 ], [ -101.996, 20.403 ], [ -102.1, 20.387 ], [ -101.968, 20.587 ], [ -101.983, 20.64 ], [ -102.085, 20.729 ], [ -102.088, 20.791 ], [ -101.855, 21.148 ], [ -101.772, 21.23 ], [ -101.662, 21.251 ], [ -101.573, 21.348 ], [ -101.568, 21.406 ], [ -101.64, 21.553 ], [ -101.538, 21.637 ], [ -101.586, 21.755 ], [ -101.521, 21.841 ], [ -101.449, 21.822 ], [ -101.326, 21.873 ], [ -101.236, 21.758 ], [ -100.961, 21.75 ], [ -100.627, 21.492 ], [ -100.499, 21.514 ], [ -100.463, 21.637 ], [ -100.404, 21.678 ], [ -100.076, 21.554 ], [ -99.959, 21.459 ], [ -99.791, 21.419 ] ] ] ] } },
{ "type": "Feature", "properties": { "code": "MX-HID" }, "geometry": { "type": "MultiPolygon", "coordinates": [ [ [ [ -99.042, 21.176 ], [ -99.043, 21.268 ], [ -98.996, 21.296 ], [ -98.939, 21.291 ], [ -98.906, 21.216 ], [ -98.824, 21.177 ], [ -98.592, 21.212 ], [ -98.59, 21.372 ], [ -98.515, 21.399 ], [ -98.443, 21.354 ], [ -98.492, 21.256 ], [ -98.41, 21.178 ], [ -98.359, 21.155 ], [ -98.286, 21.246 ], [ -98.278, 21.124 ], [ -98.212, 21.151 ], [ -98.13, 21.072 ], [ -98.232, 20.938 ], [ -98.23, 20.831 ], [ -98.424, 20.869 ], [ -98.419, 20.788 ], [ -98.495, 20.757 ], [ -98.465, 20.73 ], [ -98.417, 20.745 ], [ -98.419, 20.709 ], [ -98.508, 20.625 ], [ -98.571, 20.495 ], [ -98.501, 20.362 ], [ -98.468, 20.354 ], [ -98.377, 20.465 ], [ -98.336, 20.435 ], [ -98.111, 20.688 ], [ -98.022, 20.661 ], [ -98.0, 20.484 ], [ -98.159, 20.33 ], [ -98.251, 20.303 ], [ -98.276, 20.242 ], [ -98.246, 20.202 ], [ -98.135, 20.21 ], [ -98.101, 20.102 ], [ -98.251, 19.849 ], [ -98.143, 19.673 ], [ -98.252, 19.72 ], [ -98.346, 19.595 ], [ -98.487, 19.644 ], [ -98.659, 19.586 ], [ -98.596, 19.721 ], [ -98.642, 19.795 ], [ -98.698, 19.85 ], [ -98.766, 19.841 ], [ -98.835, 19.886 ], [ -98.916, 19.804 ], [ -98.959, 19.809 ], [ -98.943, 19.99 ], [ -99.018, 20.042 ], [ -99.202, 19.979 ], [ -99.223, 19.897 ], [ -99.387, 19.756 ], [ -99.432, 19.897 ], [ -99.512, 19.935 ], [ -99.486, 20.061 ], [ -99.549, 20.158 ], [ -99.658, 20.136 ], [ -99.844, 20.309 ], [ -99.82, 20.512 ], [ -99.645, 20.562 ], [ -99.49, 20.661 ], [ -99.521, 20.735 ], [ -99.492, 20.834 ], [ -99.398, 20.914 ], [ -99.354, 21.028 ], [ -99.38, 21.096 ], [ -99.303, 21.147 ], [ -99.228, 21.119 ], [ -99.042, 21.176 ] ] ] ] } },
{ "type": "Feature", "properties": { "code": "MX-JAL" }, "geometry": { "type": "MultiPolygon", "coordinates": [ [ [ [ -104.593, 19.15 ], [ -104.734, 19.228 ], [ -104.807, 19.229 ], [ -104.801, 19.295 ], [ -104.881, 19.279 ], [ -105.017, 19.368 ], [ -105.07, 19.448 ], [ -105.088, 19.561 ], [ -105.251, 19.666 ], [ -105.526, 20.032 ], [ -105.559, 20.218 ], [ -105.656, 20.313 ], [ -105.699, 20.407 ], [ -105.576, 20.488 ], [ -105.301, 20.532 ], [ -105.244, 20.584 ], [ -105.234, 20.636 ], [ -105.291, 20.685 ], [ -105.126, 20.891 ], [ -105.057, 20.937 ], [ -104.924, 20.931 ], [ -104.788, 21.02 ], [ -104.728, 21.01 ], [ -104.621, 20.923 ], [ -104.523, 20.907 ], [ -104.286, 20.708 ], [ -104.271, 20.862 ], [ -104.208, 20.993 ], [ -104.224, 21.169 ], [ -104.202, 21.199 ], [ -104.04, 21.22 ], [ -103.969, 21.287 ], [ -103.945, 21.375 ], [ -104.21, 21.519 ], [ -104.098, 21.784 ], [ -104.399, 22.085 ], [ -104.33, 22.264 ], [ -104.132, 22.343 ], [ -103.952, 22.37 ], [ -103.927, 22.507 ], [ -103.992, 22.574 ], [ -103.983, 22.772 ], [ -103.779, 22.735 ], [ -103.795, 22.624 ], [ -103.851, 22.569 ], [ -103.848, 22.506 ], [ -103.887, 22.467 ], [ -103.866, 22.409 ], [ -103.89, 22.286 ], [ -103.852, 22.179 ], [ -103.728, 22.606 ], [ -103.645, 22.589 ], [ -103.645, 22.543 ], [ -103.608, 22.524 ], [ -103.683, 22.322 ], [ -103.658, 22.117 ], [ -103.569, 22.152 ], [ -103.489, 22.135 ], [ -103.448, 22.242 ], [ -103.406, 22.259 ], [ -103.359, 22.349 ], [ -103.427, 22.41 ], [ -103.373, 22.517 ], [ -103.185, 22.38 ], [ -103.189, 22.322 ], [ -103.115, 22.338 ], [ -103.092, 22.298 ], [ -103.038, 22.287 ], [ -103.079, 22.193 ], [ -103.127, 22.174 ], [ -103.083, 22.099 ], [ -103.156, 21.998 ], [ -103.289, 21.985 ], [ -103.527, 21.817 ], [ -103.519, 21.6 ], [ -103.644, 21.487 ], [ -103.734, 21.525 ], [ -103.704, 21.384 ], [ -103.747, 21.228 ], [ -103.653, 21.265 ], [ -103.611, 21.198 ], [ -103.508, 21.196 ], [ -103.232, 21.079 ], [ -103.06, 21.045 ], [ -103.045, 21.288 ], [ -102.915, 21.282 ], [ -102.815, 21.341 ], [ -102.787, 21.295 ], [ -102.647, 21.487 ], [ -102.641, 21.568 ], [ -102.776, 21.608 ], [ -102.76, 21.749 ], [ -102.661, 21.778 ], [ -102.468, 21.695 ], [ -102.231, 21.678 ], [ -102.08, 21.768 ], [ -102.049, 21.866 ], [ -101.892, 21.956 ], [ -101.845, 22.017 ], [ -101.529, 21.877 ], [ -101.521, 21.841 ], [ -101.586, 21.755 ], [ -101.538, 21.637 ], [ -101.64, 21.553 ], [ -101.568, 21.406 ], [ -101.573, 21.348 ], [ -101.674, 21.243 ], [ -101.785, 21.222 ], [ -102.046, 20.872 ], [ -102.094, 20.759 ], [ -101.968, 20.587 ], [ -102.1, 20.387 ], [ -102.243, 20.34 ], [ -102.297, 20.362 ], [ -102.421, 20.343 ], [ -102.65, 20.223 ], [ -103.078, 20.105 ], [ -103.074, 19.997 ], [ -103.036, 19.97 ], [ -102.934, 19.99 ], [ -102.767, 19.955 ], [ -102.757, 19.891 ], [ -102.707, 19.862 ], [ -102.81, 19.821 ], [ -102.817, 19.79 ], [ -102.739, 19.598 ], [ -102.746, 19.476 ], [ -102.607, 19.49 ], [ -102.545, 19.4 ], [ -102.658, 19.231 ], [ -102.751, 19.259 ], [ -102.884, 19.203 ], [ -102.967, 19.074 ], [ -103.122, 19.006 ], [ -103.149, 18.954 ], [ -103.282, 19.053 ], [ -103.348, 18.978 ], [ -103.478, 18.966 ], [ -103.525, 19.093 ], [ -103.491, 19.311 ], [ -103.601, 19.408 ], [ -103.649, 19.501 ], [ -103.833, 19.398 ], [ -104.051, 19.502 ], [ -104.056, 19.537 ], [ -104.215, 19.32 ], [ -104.385, 19.27 ], [ -104.421, 19.288 ], [ -104.475, 19.23 ], [ -104.536, 19.249 ], [ -104.593, 19.15 ] ] ] ] } },
{ "type": "Feature", "properties": { "code": "MX-MEX" }, "geometry": { "type": "MultiPolygon", "coordinates": [ [ [ [ -98.641, 19.462 ], [ -98.672, 19.39 ], [ -98.633, 19.19 ], [ -98.64, 19.047 ], [ -98.71, 18.97 ], [ -98.811, 18.969 ], [ -98.84, 19.045 ], [ -98.964, 19.089 ], [ -98.939, 19.137 ], [ -98.967, 19.303 ], [ -99.059, 19.377 ], [ -99.039, 19.427 ], [ -99.124, 19.571 ], [ -99.26, 19.361 ], [ -99.309, 19.363 ], [ -99.335, 19.247 ], [ -99.285, 19.142 ], [ -99.332, 19.089 ], [ -99.306, 19.047 ], [ -99.337, 19.018 ], [ -99.302, 18.952 ], [ -99.472, 18.8 ], [ -99.495, 18.674 ], [ -99.56, 18.676 ], [ -99.66, 18.764 ], [ -99.785, 18.622 ], [ -99.85, 18.663 ], [ -100.071, 18.61 ], [ -100.126, 18.514 ], [ -100.275, 18.392 ], [ -100.316, 18.394 ], [ -100.366, 18.455 ], [ -100.35, 18.533 ], [ -100.43, 18.637 ], [ -100.448, 18.839 ], [ -100.624, 18.871 ], [ -100.527, 18.949 ], [ -100.517, 19.004 ], [ -100.299, 19.259 ], [ -100.33, 19.323 ], [ -100.146, 19.436 ], [ -100.215, 19.565 ], [ -100.123, 19.938 ], [ -99.951, 20.171 ], [ -99.888, 20.19 ], [ -99.938, 20.252 ], [ -99.844, 20.309 ], [ -99.658, 20.136 ], [ -99.549, 20.158 ], [ -99.486, 20.061 ], [ -99.512, 19.935 ], [ -99.432, 19.897 ], [ -99.387, 19.756 ], [ -99.223, 19.897 ], [ -99.202, 19.979 ], [ -99.034, 20.041 ], [ -98.943, 19.99 ], [ -98.959, 19.809 ], [ -98.916, 19.804 ], [ -98.835, 19.886 ], [ -98.766, 19.841 ], [ -98.689, 19.844 ], [ -98.596, 19.721 ], [ -98.659, 19.586 ], [ -98.709, 19.583 ], [ -98.641, 19.462 ] ] ] ] } },
{ "type": "Feature", "properties": { "code": "MX-MIC" }, "geometry": { "type": "MultiPolygon", "coordinates": [ [ [ [ -102.169, 17.921 ], [ -103.362, 18.267 ], [ -103.498, 18.333 ], [ -103.575, 18.492 ], [ -103.707, 18.591 ], [ -103.686, 18.629 ], [ -103.742, 18.69 ], [ -103.627, 18.802 ], [ -103.612, 18.888 ], [ -103.525, 18.915 ], [ -103.491, 18.969 ], [ -103.348, 18.978 ], [ -103.282, 19.053 ], [ -103.149, 18.954 ], [ -103.122, 19.006 ], [ -102.967, 19.074 ], [ -102.884, 19.203 ], [ -102.751, 19.259 ], [ -102.658, 19.231 ], [ -102.549, 19.387 ], [ -102.607, 19.49 ], [ -102.746, 19.476 ], [ -102.739, 19.598 ], [ -102.817, 19.79 ], [ -102.81, 19.821 ], [ -102.707, 19.862 ], [ -102.757, 19.891 ], [ -102.763, 19.952 ], [ -102.934, 19.99 ], [ -103.036, 19.97 ], [ -103.074, 19.997 ], [ -103.078, 20.105 ], [ -102.65, 20.223 ], [ -102.421, 20.343 ], [ -102.297, 20.362 ], [ -102.243, 20.34 ], [ -101.996, 20.403 ], [ -102.016, 20.344 ], [ -101.949, 20.366 ], [ -101.932, 20.252 ], [ -101.893, 20.199 ], [ -101.673, 20.191 ], [ -101.615, 20.318 ], [ -101.461, 20.335 ], [ -101.377, 20.27 ], [ -101.434, 20.225 ], [ -101.42, 20.054 ], [ -101.393, 20.039 ], [ -101.213, 20.03 ], [ -101.163, 20.102 ], [ -101.021, 20.097 ], [ -100.983, 20.043 ], [ -101.045, 19.992 ], [ -101.017, 19.951 ], [ -100.914, 19.925 ], [ -100.83, 19.976 ], [ -100.775, 19.91 ], [ -100.561, 19.947 ], [ -100.532, 19.905 ], [ -100.49, 19.954 ], [ -100.379, 19.975 ], [ -100.391, 20.113 ], [ -100.349, 20.122 ], [ -100.286, 20.213 ], [ -100.236, 20.191 ], [ -100.177, 20.086 ], [ -100.177, 19.978 ], [ -100.123, 19.938 ], [ -100.215, 19.565 ], [ -100.146, 19.436 ], [ -100.33, 19.323 ], [ -100.299, 19.259 ], [ -100.664, 18.812 ], [ -100.685, 18.794 ], [ -100.735, 18.857 ], [ -100.789, 18.801 ], [ -100.745, 18.734 ], [ -100.772, 18.684 ], [ -100.742, 18.524 ], [ -100.6, 18.4 ], [ -100.632, 18.337 ], [ -100.652, 18.359 ], [ -100.689, 18.326 ], [ -100.72, 18.378 ], [ -100.7, 18.441 ], [ -100.741, 18.436 ], [ -100.818, 18.498 ], [ -100.925, 18.501 ], [ -100.953, 18.466 ], [ -101.024, 18.539 ], [ -101.257, 18.537 ], [ -101.515, 18.478 ], [ -101.645, 18.58 ], [ -101.802, 18.588 ], [ -101.881, 18.523 ], [ -101.876, 18.295 ], [ -101.931, 18.208 ], [ -102.133, 18.186 ], [ -102.164, 18.154 ], [ -102.169, 17.921 ] ] ] ] } },
{ "type": "Feature", "properties": { "code": "MX-MOR" }, "geometry": { "type": "MultiPolygon", "coordinates": [ [ [ [ -98.646, 19.024 ], [ -98.677, 18.941 ], [ -98.658, 18.891 ], [ -98.733, 18.812 ], [ -98.666, 18.692 ], [ -98.75, 18.692 ], [ -98.677, 18.428 ], [ -98.826, 18.494 ], [ -99.05, 18.35 ], [ -99.155, 18.549 ], [ -99.216, 18.546 ], [ -99.245, 18.454 ], [ -99.331, 18.453 ], [ -99.345, 18.498 ], [ -99.39, 18.506 ], [ -99.468, 18.615 ], [ -99.507, 18.624 ], [ -99.472, 18.8 ], [ -99.391, 18.896 ], [ -99.308, 18.935 ], [ -99.332, 19.089 ], [ -99.285, 19.142 ], [ -99.043, 19.058 ], [ -99.006, 19.089 ], [ -98.898, 19.075 ], [ -98.84, 19.045 ], [ -98.804, 18.966 ], [ -98.72, 18.965 ], [ -98.646, 19.024 ] ] ] ] } },
{ "type": "Feature", "properties": { "code": "MX-NAY" }, "geometry": { "type": "MultiPolygon", "coordinates": [ [ [ [ -106.232, 21.335 ], [ -106.247, 21.29 ], [ -106.279, 21.315 ], [ -106.232, 21.335 ] ] ], [ [ [ -106.373, 21.482 ], [ -106.387, 21.421 ], [ -106.493, 21.469 ], [ -106.46, 21.495 ], [ -106.373, 21.482 ] ] ], [ [ [ -106.514, 21.579 ], [ -106.532, 21.542 ], [ -106.631, 21.601 ], [ -106.661, 21.693 ], [ -106.548, 21.669 ], [ -106.514, 21.579 ] ] ], [ [ [ -106.678, 21.775 ], [ -106.658, 21.74 ], [ -106.679, 21.727 ], [ -106.678, 21.775 ] ] ], [ [ [ -105.362, 20.763 ], [ -105.411, 20.734 ], [ -105.545, 20.768 ], [ -105.487, 20.796 ], [ -105.31, 21.031 ], [ -105.234, 21.061 ], [ -105.216, 21.204 ], [ -105.243, 21.342 ], [ -105.187, 21.453 ], [ -105.218, 21.517 ], [ -105.264, 21.513 ], [ -105.448, 21.631 ], [ -105.632, 21.956 ], [ -105.655, 22.256 ], [ -105.733, 22.504 ], [ -105.679, 22.449 ], [ -105.677, 22.535 ], [ -105.591, 22.544 ], [ -105.5, 22.49 ], [ -105.443, 22.515 ], [ -105.487, 22.684 ], [ -105.574, 22.761 ], [ -105.572, 22.791 ], [ -105.445, 22.914 ], [ -105.472, 22.974 ], [ -105.452, 23.024 ], [ -105.23, 23.037 ], [ -105.083, 22.995 ], [ -104.935, 22.896 ], [ -104.889, 22.79 ], [ -104.989, 22.692 ], [ -104.997, 22.543 ], [ -104.774, 22.676 ], [ -104.659, 22.617 ], [ -104.614, 22.481 ], [ -104.533, 22.427 ], [ -104.477, 22.417 ], [ -104.335, 22.475 ], [ -104.311, 22.319 ], [ -104.399, 22.085 ], [ -104.098, 21.784 ], [ -104.21, 21.519 ], [ -103.945, 21.375 ], [ -103.969, 21.287 ], [ -104.04, 21.22 ], [ -104.202, 21.199 ], [ -104.224, 21.169 ], [ -104.208, 20.993 ], [ -104.271, 20.862 ], [ -104.286, 20.708 ], [ -104.523, 20.907 ], [ -104.621, 20.923 ], [ -104.768, 21.02 ], [ -104.924, 20.931 ], [ -105.095, 20.918 ], [ -105.278, 20.69 ], [ -105.362, 20.763 ] ] ] ] } },
{ "type": "Feature", "properties": { "code": "MX-NLE" }, "geometry": { "type": "MultiPolygon", "coordinates": [ [ [ [ -99.807, 27.771 ], [ -99.711, 27.67 ], [ -99.91, 27.572 ], [ -99.915, 27.534 ], [ -99.904, 27.5 ], [ -99.778, 27.482 ], [ -99.756, 27.45 ], [ -99.712, 27.2 ], [ -99.676, 27.154 ], [ -99.732, 26.932 ], [ -99.563, 26.835 ], [ -99.653, 26.684 ], [ -99.558, 26.685 ], [ -99.391, 26.598 ], [ -99.42, 26.399 ], [ -99.392, 26.366 ], [ -99.333, 26.395 ], [ -99.254, 26.295 ], [ -99.18, 26.289 ], [ -99.133, 26.057 ], [ -99.037, 26.101 ], [ -98.889, 25.971 ], [ -98.83, 26.059 ], [ -98.569, 25.997 ], [ -98.561, 25.503 ], [ -98.554, 25.477 ], [ -98.45, 25.469 ], [ -98.446, 25.425 ], [ -98.887, 25.086 ], [ -98.981, 25.071 ], [ -99.034, 25.12 ], [ -99.107, 25.049 ], [ -99.145, 25.052 ], [ -99.143, 25.013 ], [ -99.188, 25.007 ], [ -99.142, 24.946 ], [ -99.193, 24.878 ], [ -99.164, 24.776 ], [ -99.294, 24.827 ], [ -99.479, 24.74 ], [ -99.5, 24.674 ], [ -99.547, 24.646 ], [ -99.651, 24.639 ], [ -99.737, 24.57 ], [ -99.71, 24.472 ], [ -99.606, 24.513 ], [ -99.574, 24.362 ], [ -99.609, 24.092 ], [ -99.464, 23.957 ], [ -99.452, 23.892 ], [ -99.502, 23.89 ], [ -99.6, 23.767 ], [ -99.84, 23.741 ], [ -99.95, 23.539 ], [ -99.906, 23.375 ], [ -100.043, 23.415 ], [ -100.126, 23.356 ], [ -100.055, 23.314 ], [ -100.057, 23.241 ], [ -100.327, 23.254 ], [ -100.34, 23.19 ], [ -100.422, 23.211 ], [ -100.451, 23.258 ], [ -100.473, 23.433 ], [ -100.453, 23.5 ], [ -100.494, 23.662 ], [ -100.48, 23.789 ], [ -100.597, 23.974 ], [ -100.618, 24.311 ], [ -100.828, 24.565 ], [ -100.767, 24.776 ], [ -100.796, 24.893 ], [ -100.732, 24.962 ], [ -100.835, 25.041 ], [ -100.771, 25.147 ], [ -100.657, 25.212 ], [ -100.529, 25.229 ], [ -100.402, 25.193 ], [ -100.274, 25.203 ], [ -100.258, 25.257 ], [ -100.199, 25.276 ], [ -100.303, 25.345 ], [ -100.468, 25.343 ], [ -100.499, 25.397 ], [ -100.572, 25.414 ], [ -100.696, 25.506 ], [ -100.665, 25.53 ], [ -100.571, 25.498 ], [ -100.572, 25.524 ], [ -100.782, 25.678 ], [ -100.846, 25.785 ], [ -100.848, 25.957 ], [ -100.923, 26.0 ], [ -100.946, 26.108 ], [ -101.049, 26.166 ], [ -101.109, 26.283 ], [ -101.216, 26.373 ], [ -100.753, 26.732 ], [ -100.711, 26.617 ], [ -100.609, 26.716 ], [ -100.552, 26.887 ], [ -100.56, 27.053 ], [ -100.665, 27.1 ], [ -100.712, 27.064 ], [ -100.704, 27.027 ], [ -100.754, 27.013 ], [ -100.8, 27.06 ], [ -100.813, 27.199 ], [ -100.628, 27.328 ], [ -100.512, 27.366 ], [ -100.455, 27.354 ], [ -100.358, 27.674 ], [ -100.182, 27.794 ], [ -99.976, 27.638 ], [ -99.807, 27.771 ] ] ] ] } },
{ "type": "Feature", "properties": { "code": "MX-OAX" }, "geometry": { "type": "MultiPolygon", "coordinates": [ [ [ [ -94.115, 16.057 ], [ -94.392, 16.178 ], [ -94.722, 16.2 ], [ -94.712, 16.23 ], [ -94.587, 16.282 ], [ -94.581, 16.326 ], [ -94.67, 16.364 ], [ -94.793, 16.258 ], [ -94.807, 16.299 ], [ -94.773, 16.327 ], [ -94.814, 16.403 ], [ -94.879, 16.425 ], [ -94.975, 16.326 ], [ -95.033, 16.326 ], [ -95.064, 16.268 ], [ -94.902, 16.252 ], [ -94.834, 16.286 ], [ -94.859, 16.256 ], [ -94.93, 16.244 ], [ -94.806, 16.237 ], [ -94.767, 16.199 ], [ -95.149, 16.187 ], [ -95.353, 16.079 ], [ -95.434, 15.975 ], [ -95.96, 15.828 ], [ -96.237, 15.683 ], [ -96.431, 15.696 ], [ -96.556, 15.659 ], [ -96.845, 15.733 ], [ -97.266, 15.936 ], [ -97.773, 15.979 ], [ -98.172, 16.209 ], [ -98.082, 16.189 ], [ -98.068, 16.202 ], [ -98.553, 16.315 ], [ -98.343, 16.41 ], [ -98.315, 16.467 ], [ -98.346, 16.547 ], [ -98.234, 16.581 ], [ -98.24, 16.703 ], [ -98.161, 16.705 ], [ -98.079, 16.766 ], [ -98.059, 16.9 ], [ -98.002, 17.015 ], [ -98.15, 17.215 ], [ -98.228, 17.223 ], [ -98.272, 17.295 ], [ -98.325, 17.317 ], [ -98.324, 17.465 ], [ -98.374, 17.528 ], [ -98.389, 17.641 ], [ -98.328, 17.858 ], [ -98.348, 17.892 ], [ -98.31, 17.923 ], [ -98.243, 17.914 ], [ -98.149, 18.026 ], [ -97.925, 18.036 ], [ -97.874, 17.917 ], [ -97.796, 17.943 ], [ -97.733, 18.015 ], [ -97.812, 18.155 ], [ -97.725, 18.302 ], [ -97.606, 18.36 ], [ -97.64, 18.171 ], [ -97.545, 18.106 ], [ -97.481, 17.985 ], [ -97.427, 17.99 ], [ -97.356, 18.111 ], [ -97.253, 18.169 ], [ -96.995, 18.123 ], [ -96.894, 18.234 ], [ -96.79, 18.284 ], [ -96.644, 18.505 ], [ -96.664, 18.669 ], [ -96.562, 18.593 ], [ -96.411, 18.539 ], [ -96.357, 18.387 ], [ -96.26, 18.3 ], [ -96.229, 18.201 ], [ -96.17, 18.186 ], [ -96.16, 18.15 ], [ -95.966, 18.166 ], [ -95.838, 18.12 ], [ -95.775, 17.995 ], [ -95.894, 17.824 ], [ -95.909, 17.756 ], [ -95.785, 17.523 ], [ -95.6, 17.518 ], [ -95.431, 17.636 ], [ -95.364, 17.641 ], [ -95.208, 17.732 ], [ -95.206, 17.648 ], [ -95.255, 17.583 ], [ -95.076, 17.391 ], [ -94.999, 17.36 ], [ -94.972, 17.237 ], [ -94.938, 17.217 ], [ -93.873, 17.15 ], [ -93.868, 17.012 ], [ -93.905, 17.001 ], [ -93.911, 16.881 ], [ -94.041, 16.801 ], [ -94.04, 16.643 ], [ -94.125, 16.509 ], [ -94.04, 16.303 ], [ -94.06, 16.185 ], [ -94.084, 16.149 ], [ -94.128, 16.221 ], [ -94.267, 16.215 ], [ -94.378, 16.295 ], [ -94.417, 16.293 ], [ -94.437, 16.246 ], [ -94.345, 16.163 ], [ -94.293, 16.141 ], [ -94.266, 16.148 ], [ -94.341, 16.182 ], [ -94.219, 16.161 ], [ -94.184, 16.12 ], [ -94.094, 16.099 ], [ -94.115, 16.057 ] ] ] ] } },
{ "type": "Feature", "properties": { "code": "MX-PUE" }, "geometry": { "type": "MultiPolygon", "coordinates": [ [ [ [ -98.677, 18.941 ], [ -98.633, 19.19 ], [ -98.672, 19.39 ], [ -98.641, 19.462 ], [ -98.466, 19.438 ], [ -98.343, 19.229 ], [ -98.193, 19.106 ], [ -98.108, 19.135 ], [ -98.05, 19.209 ], [ -97.884, 19.166 ], [ -97.847, 19.212 ], [ -97.883, 19.267 ], [ -97.828, 19.311 ], [ -97.668, 19.284 ], [ -97.62, 19.319 ], [ -97.621, 19.365 ], [ -97.693, 19.381 ], [ -97.759, 19.448 ], [ -97.844, 19.436 ], [ -97.882, 19.501 ], [ -97.843, 19.543 ], [ -98.035, 19.636 ], [ -98.044, 19.719 ], [ -98.073, 19.716 ], [ -98.073, 19.677 ], [ -98.143, 19.673 ], [ -98.251, 19.849 ], [ -98.101, 20.086 ], [ -98.135, 20.21 ], [ -98.269, 20.222 ], [ -98.251, 20.303 ], [ -98.159, 20.33 ], [ -97.965, 20.516 ], [ -97.944, 20.612 ], [ -97.966, 20.682 ], [ -97.896, 20.758 ], [ -97.887, 20.82 ], [ -97.779, 20.814 ], [ -97.701, 20.644 ], [ -97.722, 20.611 ], [ -97.589, 20.582 ], [ -97.559, 20.504 ], [ -97.622, 20.421 ], [ -97.693, 20.466 ], [ -97.778, 20.43 ], [ -97.774, 20.273 ], [ -97.678, 20.179 ], [ -97.605, 20.187 ], [ -97.579, 20.119 ], [ -97.47, 20.238 ], [ -97.403, 20.26 ], [ -97.136, 20.122 ], [ -97.309, 19.897 ], [ -97.308, 19.748 ], [ -97.384, 19.647 ], [ -97.392, 19.576 ], [ -97.321, 19.481 ], [ -97.408, 19.446 ], [ -97.317, 19.388 ], [ -97.27, 19.4 ], [ -97.209, 19.33 ], [ -97.049, 19.317 ], [ -96.982, 19.281 ], [ -97.109, 19.179 ], [ -97.167, 19.194 ], [ -97.264, 19.16 ], [ -97.226, 18.892 ], [ -97.331, 18.81 ], [ -97.328, 18.722 ], [ -97.287, 18.663 ], [ -97.136, 18.65 ], [ -97.091, 18.551 ], [ -97.101, 18.485 ], [ -96.8, 18.551 ], [ -96.732, 18.39 ], [ -96.79, 18.284 ], [ -96.894, 18.234 ], [ -96.995, 18.123 ], [ -97.256, 18.168 ], [ -97.356, 18.111 ], [ -97.453, 17.978 ], [ -97.502, 18.006 ], [ -97.545, 18.106 ], [ -97.64, 18.171 ], [ -97.606, 18.36 ], [ -97.725, 18.302 ], [ -97.812, 18.155 ], [ -97.733, 18.005 ], [ -97.858, 17.916 ], [ -97.925, 18.036 ], [ -98.162, 18.024 ], [ -98.243, 17.914 ], [ -98.31, 17.923 ], [ -98.348, 17.892 ], [ -98.427, 17.964 ], [ -98.555, 17.952 ], [ -98.705, 17.991 ], [ -98.788, 18.034 ], [ -98.83, 18.116 ], [ -98.92, 18.14 ], [ -98.93, 18.195 ], [ -98.969, 18.186 ], [ -99.002, 18.243 ], [ -99.031, 18.238 ], [ -99.05, 18.35 ], [ -98.826, 18.494 ], [ -98.677, 18.428 ], [ -98.75, 18.692 ], [ -98.666, 18.692 ], [ -98.733, 18.812 ], [ -98.658, 18.891 ], [ -98.677, 18.941 ] ] ] ] } },
{ "type": "Feature", "properties": { "code": "MX-QUE" }, "geometry": { "type": "MultiPolygon", "coordinates": [ [ [ [ -99.043, 21.268 ], [ -99.042, 21.176 ], [ -99.228, 21.119 ], [ -99.303, 21.147 ], [ -99.38, 21.096 ], [ -99.354, 21.028 ], [ -99.398, 20.914 ], [ -99.492, 20.834 ], [ -99.521, 20.735 ], [ -99.49, 20.661 ], [ -99.645, 20.562 ], [ -99.82, 20.512 ], [ -99.844, 20.309 ], [ -99.938, 20.252 ], [ -99.888, 20.19 ], [ -99.951, 20.171 ], [ -100.123, 19.938 ], [ -100.166, 19.96 ], [ -100.198, 20.144 ], [ -100.374, 20.272 ], [ -100.469, 20.402 ], [ -100.491, 20.543 ], [ -100.558, 20.658 ], [ -100.565, 20.74 ], [ -100.46, 20.967 ], [ -100.383, 20.904 ], [ -100.235, 20.931 ], [ -100.162, 20.879 ], [ -100.087, 20.945 ], [ -100.036, 21.179 ], [ -99.96, 21.201 ], [ -99.827, 21.158 ], [ -99.714, 21.234 ], [ -99.72, 21.27 ], [ -99.793, 21.291 ], [ -99.791, 21.419 ], [ -99.748, 21.505 ], [ -99.679, 21.493 ], [ -99.582, 21.394 ], [ -99.476, 21.407 ], [ -99.375, 21.437 ], [ -99.325, 21.534 ], [ -99.266, 21.538 ], [ -99.198, 21.646 ], [ -99.099, 21.382 ], [ -99.112, 21.29 ], [ -99.043, 21.268 ] ] ] ] } },
{ "type": "Feature", "properties": { "code": "MX-ROO" }, "geometry": { "type": "MultiPolygon", "coordinates": [ [ [ [ -87.379, 18.402 ], [ -87.31, 18.567 ], [ -87.335, 18.454 ], [ -87.379, 18.402 ] ] ], [ [ [ -87.255, 18.724 ], [ -87.263, 18.629 ], [ -87.269, 18.739 ], [ -87.255, 18.724 ] ] ], [ [ [ -88.283, 18.491 ], [ -88.528, 18.454 ], [ -88.617, 18.235 ], [ -88.697, 18.178 ], [ -88.727, 18.067 ], [ -88.871, 17.891 ], [ -89.049, 17.999 ], [ -89.146, 17.951 ], [ -89.154, 18.031 ], [ -89.036, 18.203 ], [ -89.045, 18.492 ], [ -89.076, 18.506 ], [ -89.067, 18.59 ], [ -89.109, 18.691 ], [ -89.082, 18.961 ], [ -89.021, 19.033 ], [ -89.014, 19.218 ], [ -89.135, 19.405 ], [ -89.415, 19.651 ], [ -89.369, 19.82 ], [ -89.202, 19.842 ], [ -89.056, 19.932 ], [ -88.928, 19.941 ], [ -88.839, 20.014 ], [ -88.791, 19.981 ], [ -88.79, 20.019 ], [ -88.707, 20.081 ], [ -88.445, 20.184 ], [ -88.346, 20.319 ], [ -88.261, 20.263 ], [ -88.272, 20.343 ], [ -88.194, 20.453 ], [ -88.106, 20.428 ], [ -87.988, 20.443 ], [ -87.675, 20.648 ], [ -87.534, 20.956 ], [ -87.585, 21.111 ], [ -87.525, 21.299 ], [ -87.54, 21.499 ], [ -87.475, 21.48 ], [ -87.493, 21.468 ], [ -87.238, 21.443 ], [ -87.156, 21.482 ], [ -87.138, 21.563 ], [ -87.257, 21.528 ], [ -87.337, 21.555 ], [ -87.402, 21.509 ], [ -87.413, 21.534 ], [ -87.365, 21.574 ], [ -87.272, 21.561 ], [ -87.134, 21.619 ], [ -87.043, 21.602 ], [ -86.919, 21.44 ], [ -86.828, 21.433 ], [ -86.815, 21.205 ], [ -86.791, 21.158 ], [ -86.742, 21.164 ], [ -86.875, 20.855 ], [ -87.067, 20.619 ], [ -87.235, 20.493 ], [ -87.43, 20.221 ], [ -87.471, 20.069 ], [ -87.434, 19.889 ], [ -87.48, 19.784 ], [ -87.444, 19.913 ], [ -87.478, 19.965 ], [ -87.475, 19.876 ], [ -87.455, 19.889 ], [ -87.525, 19.803 ], [ -87.58, 19.799 ], [ -87.667, 19.634 ], [ -87.66, 19.684 ], [ -87.741, 19.672 ], [ -87.732, 19.601 ], [ -87.66, 19.568 ], [ -87.674, 19.506 ], [ -87.565, 19.568 ], [ -87.441, 19.554 ], [ -87.426, 19.592 ], [ -87.444, 19.574 ], [ -87.529, 19.588 ], [ -87.447, 19.581 ], [ -87.44, 19.636 ], [ -87.413, 19.578 ], [ -87.458, 19.455 ], [ -87.535, 19.402 ], [ -87.571, 19.396 ], [ -87.537, 19.437 ], [ -87.618, 19.405 ], [ -87.676, 19.311 ], [ -87.688, 19.242 ], [ -87.639, 19.221 ], [ -87.567, 19.317 ], [ -87.496, 19.328 ], [ -87.516, 19.287 ], [ -87.461, 19.321 ], [ -87.533, 19.228 ], [ -87.662, 18.767 ], [ -87.737, 18.645 ], [ -87.763, 18.429 ], [ -87.841, 18.278 ], [ -87.845, 18.197 ], [ -87.859, 18.245 ], [ -87.887, 18.23 ], [ -87.866, 18.328 ], [ -87.885, 18.292 ], [ -87.879, 18.341 ], [ -87.935, 18.4 ], [ -87.935, 18.443 ], [ -88.078, 18.499 ], [ -88.002, 18.69 ], [ -88.036, 18.875 ], [ -88.127, 18.73 ], [ -88.135, 18.77 ], [ -88.199, 18.74 ], [ -88.248, 18.696 ], [ -88.255, 18.676 ], [ -88.187, 18.739 ], [ -88.195, 18.676 ], [ -88.151, 18.699 ], [ -88.283, 18.491 ] ] ], [ [ [ -86.737, 20.592 ], [ -86.886, 20.359 ], [ -86.995, 20.261 ], [ -87.02, 20.397 ], [ -86.937, 20.547 ], [ -86.824, 20.55 ], [ -86.737, 20.592 ] ] ], [ [ [ -86.72, 21.213 ], [ -86.742, 21.288 ], [ -86.701, 21.199 ], [ -86.72, 21.213 ] ] ] ] } },
{ "type": "Feature", "properties": { "code": "MX-SIN" }, "geometry": { "type": "MultiPolygon", "coordinates": [ [ [ [ -105.679, 22.449 ], [ -105.758, 22.535 ], [ -105.8, 22.638 ], [ -106.002, 22.823 ], [ -105.984, 22.857 ], [ -106.032, 22.83 ], [ -106.22, 23.052 ], [ -106.371, 23.184 ], [ -106.43, 23.185 ], [ -106.523, 23.408 ], [ -106.793, 23.632 ], [ -106.902, 23.847 ], [ -107.036, 23.981 ], [ -107.543, 24.347 ], [ -107.775, 24.477 ], [ -107.8, 24.512 ], [ -107.498, 24.344 ], [ -107.553, 24.378 ], [ -107.498, 24.358 ], [ -107.478, 24.4 ], [ -107.53, 24.522 ], [ -107.593, 24.52 ], [ -107.553, 24.508 ], [ -107.624, 24.458 ], [ -107.677, 24.502 ], [ -107.719, 24.492 ], [ -107.821, 24.595 ], [ -107.937, 24.639 ], [ -107.807, 24.529 ], [ -107.909, 24.578 ], [ -107.995, 24.648 ], [ -108.06, 24.786 ], [ -107.979, 24.757 ], [ -108.013, 24.837 ], [ -107.985, 24.953 ], [ -108.049, 25.001 ], [ -108.041, 24.838 ], [ -108.088, 24.823 ], [ -108.328, 25.111 ], [ -108.266, 25.097 ], [ -108.183, 24.981 ], [ -108.131, 24.977 ], [ -108.132, 25.019 ], [ -108.163, 25.022 ], [ -108.137, 25.06 ], [ -108.013, 25.002 ], [ -108.004, 25.031 ], [ -108.12, 25.123 ], [ -108.173, 25.114 ], [ -108.218, 25.173 ], [ -108.352, 25.17 ], [ -108.355, 25.207 ], [ -108.314, 25.186 ], [ -108.317, 25.229 ], [ -108.361, 25.269 ], [ -108.399, 25.145 ], [ -108.396, 25.214 ], [ -108.435, 25.261 ], [ -108.614, 25.343 ], [ -108.732, 25.358 ], [ -108.594, 25.351 ], [ -108.687, 25.399 ], [ -108.766, 25.381 ], [ -108.78, 25.399 ], [ -108.73, 25.406 ], [ -108.747, 25.445 ], [ -108.78, 25.433 ], [ -108.769, 25.54 ], [ -108.896, 25.56 ], [ -108.885, 25.497 ], [ -108.93, 25.466 ], [ -108.952, 25.504 ], [ -109.035, 25.465 ], [ -109.116, 25.536 ], [ -109.058, 25.585 ], [ -108.98, 25.545 ], [ -108.896, 25.653 ], [ -108.838, 25.805 ], [ -108.901, 25.701 ], [ -109.062, 25.59 ], [ -109.131, 25.583 ], [ -109.171, 25.649 ], [ -109.25, 25.686 ], [ -109.156, 25.557 ], [ -109.228, 25.629 ], [ -109.41, 25.646 ], [ -109.301, 25.659 ], [ -109.287, 25.711 ], [ -109.378, 25.762 ], [ -109.4, 25.679 ], [ -109.406, 25.759 ], [ -109.441, 25.793 ], [ -109.433, 26.022 ], [ -109.293, 26.237 ], [ -109.28, 26.161 ], [ -109.231, 26.263 ], [ -109.156, 26.308 ], [ -109.177, 26.263 ], [ -109.095, 26.215 ], [ -109.109, 26.263 ], [ -109.083, 26.277 ], [ -109.116, 26.289 ], [ -109.13, 26.348 ], [ -108.507, 26.802 ], [ -108.466, 26.98 ], [ -108.374, 27.077 ], [ -108.269, 27.052 ], [ -108.197, 26.971 ], [ -108.021, 26.92 ], [ -108.0, 26.815 ], [ -107.835, 26.6 ], [ -107.776, 26.201 ], [ -107.361, 26.107 ], [ -107.255, 25.863 ], [ -106.937, 25.642 ], [ -107.083, 25.465 ], [ -107.115, 25.145 ], [ -107.036, 24.92 ], [ -106.963, 24.879 ], [ -106.932, 24.8 ], [ -106.855, 24.789 ], [ -106.756, 24.704 ], [ -106.622, 24.482 ], [ -106.596, 24.368 ], [ -106.476, 24.286 ], [ -106.389, 24.296 ], [ -106.274, 24.391 ], [ -106.184, 24.385 ], [ -106.035, 24.261 ], [ -105.948, 24.073 ], [ -105.862, 24.064 ], [ -105.922, 23.902 ], [ -105.897, 23.714 ], [ -105.843, 23.581 ], [ -105.766, 23.551 ], [ -105.715, 23.464 ], [ -105.688, 23.297 ], [ -105.622, 23.228 ], [ -105.515, 23.146 ], [ -105.392, 23.15 ], [ -105.389, 23.033 ], [ -105.452, 23.024 ], [ -105.471, 22.986 ], [ -105.445, 22.914 ], [ -105.577, 22.77 ], [ -105.487, 22.684 ], [ -105.443, 22.515 ], [ -105.5, 22.49 ], [ -105.591, 22.544 ], [ -105.677, 22.535 ], [ -105.679, 22.449 ] ] ], [ [ [ -108.819, 25.421 ], [ -108.804, 25.375 ], [ -109.013, 25.447 ], [ -108.901, 25.447 ], [ -108.819, 25.421 ] ] ] ] } },
{ "type": "Feature", "properties": { "code": "MX-SLP" }, "geometry": { "type": "MultiPolygon", "coordinates": [ [ [ [ -100.828, 24.565 ], [ -100.618, 24.311 ], [ -100.597, 23.974 ], [ -100.48, 23.789 ], [ -100.494, 23.662 ], [ -100.453, 23.5 ], [ -100.473, 23.433 ], [ -100.439, 23.229 ], [ -100.34, 23.19 ], [ -100.327, 23.254 ], [ -100.057, 23.241 ], [ -100.089, 23.121 ], [ -100.006, 23.165 ], [ -99.908, 22.984 ], [ -99.933, 22.935 ], [ -100.037, 22.88 ], [ -100.0, 22.783 ], [ -99.537, 22.617 ], [ -99.548, 22.728 ], [ -99.432, 22.636 ], [ -99.379, 22.683 ], [ -99.229, 22.445 ], [ -98.831, 22.358 ], [ -98.656, 22.443 ], [ -98.357, 22.245 ], [ -98.361, 22.153 ], [ -98.452, 21.98 ], [ -98.59, 21.98 ], [ -98.588, 21.952 ], [ -98.528, 21.959 ], [ -98.562, 21.882 ], [ -98.491, 21.853 ], [ -98.456, 21.797 ], [ -98.57, 21.692 ], [ -98.624, 21.685 ], [ -98.642, 21.609 ], [ -98.521, 21.504 ], [ -98.515, 21.399 ], [ -98.59, 21.372 ], [ -98.592, 21.212 ], [ -98.807, 21.174 ], [ -98.906, 21.216 ], [ -98.939, 21.291 ], [ -99.043, 21.268 ], [ -99.112, 21.29 ], [ -99.099, 21.382 ], [ -99.198, 21.646 ], [ -99.266, 21.538 ], [ -99.325, 21.534 ], [ -99.381, 21.433 ], [ -99.57, 21.392 ], [ -99.72, 21.515 ], [ -99.791, 21.419 ], [ -99.959, 21.459 ], [ -100.076, 21.554 ], [ -100.404, 21.678 ], [ -100.463, 21.637 ], [ -100.499, 21.514 ], [ -100.627, 21.492 ], [ -100.961, 21.75 ], [ -101.236, 21.758 ], [ -101.326, 21.873 ], [ -101.449, 21.822 ], [ -101.521, 21.841 ], [ -101.325, 22.088 ], [ -101.379, 22.382 ], [ -101.299, 22.46 ], [ -101.352, 22.59 ], [ -101.554, 22.603 ], [ -101.63, 22.498 ], [ -101.762, 22.45 ], [ -101.813, 22.465 ], [ -101.953, 22.648 ], [ -102.154, 22.796 ], [ -102.251, 22.984 ], [ -102.228, 23.101 ], [ -102.299, 23.25 ], [ -102.231, 23.278 ], [ -102.19, 23.404 ], [ -102.138, 23.406 ], [ -102.114, 23.345 ], [ -102.034, 23.376 ], [ -101.828, 23.581 ], [ -101.728, 23.618 ], [ -101.664, 23.707 ], [ -101.45, 23.834 ], [ -101.316, 23.97 ], [ -101.227, 24.003 ], [ -100.97, 24.402 ], [ -100.852, 24.491 ], [ -100.828, 24.565 ] ] ] ] } },
{ "type": "Feature", "properties": { "code": "MX-SON" }, "geometry": { "type": "MultiPolygon", "coordinates": [ [ [ [ -109.27, 26.277 ], [ -109.251, 26.289 ], [ -109.293, 26.237 ], [ -109.27, 26.277 ] ] ], [ [ [ -109.225, 26.334 ], [ -109.156, 26.308 ], [ -109.231, 26.263 ], [ -109.225, 26.334 ] ] ], [ [ [ -110.044, 27.087 ], [ -109.958, 27.052 ], [ -109.938, 27.021 ], [ -110.044, 27.087 ] ] ], [ [ [ -110.597, 27.406 ], [ -110.594, 27.332 ], [ -110.534, 27.284 ], [ -110.604, 27.318 ], [ -110.597, 27.406 ] ] ], [ [ [ -111.387, 27.988 ], [ -111.366, 27.953 ], [ -111.395, 27.979 ], [ -111.387, 27.988 ] ] ], [ [ [ -112.326, 28.763 ], [ -112.583, 28.875 ], [ -112.486, 28.972 ], [ -112.5, 29.076 ], [ -112.465, 29.182 ], [ -112.264, 29.247 ], [ -112.273, 29.138 ], [ -112.196, 29.021 ], [ -112.276, 28.805 ], [ -112.253, 28.769 ], [ -112.326, 28.763 ] ] ], [ [ [ -114.819, 32.499 ], [ -111.067, 31.334 ], [ -108.968, 31.327 ], [ -109.04, 30.814 ], [ -108.8, 30.636 ], [ -108.645, 30.573 ], [ -108.583, 30.507 ], [ -108.537, 30.039 ], [ -108.613, 29.408 ], [ -108.708, 29.401 ], [ -108.61, 28.743 ], [ -108.646, 28.608 ], [ -108.54, 28.32 ], [ -108.64, 28.239 ], [ -108.88, 28.289 ], [ -109.051, 28.284 ], [ -109.154, 28.199 ], [ -109.013, 27.894 ], [ -108.906, 27.836 ], [ -108.871, 27.757 ], [ -108.763, 27.675 ], [ -108.779, 27.622 ], [ -108.66, 27.525 ], [ -108.637, 27.314 ], [ -108.687, 27.204 ], [ -108.574, 27.043 ], [ -108.496, 27.028 ], [ -108.466, 26.98 ], [ -108.507, 26.802 ], [ -109.139, 26.332 ], [ -109.157, 26.364 ], [ -109.184, 26.379 ], [ -109.17, 26.359 ], [ -109.25, 26.334 ], [ -109.256, 26.498 ], [ -109.387, 26.638 ], [ -109.483, 26.682 ], [ -109.429, 26.672 ], [ -109.441, 26.715 ], [ -109.529, 26.751 ], [ -109.553, 26.717 ], [ -109.494, 26.669 ], [ -109.605, 26.697 ], [ -109.664, 26.674 ], [ -109.768, 26.707 ], [ -109.831, 26.766 ], [ -109.946, 26.997 ], [ -109.883, 26.941 ], [ -109.952, 27.099 ], [ -110.016, 27.119 ], [ -110.062, 27.082 ], [ -110.288, 27.148 ], [ -110.448, 27.274 ], [ -110.522, 27.29 ], [ -110.426, 27.302 ], [ -110.5, 27.393 ], [ -110.551, 27.377 ], [ -110.627, 27.641 ], [ -110.568, 27.681 ], [ -110.603, 27.681 ], [ -110.595, 27.715 ], [ -110.548, 27.743 ], [ -110.6, 27.752 ], [ -110.61, 27.825 ], [ -110.521, 27.845 ], [ -110.513, 27.873 ], [ -110.849, 27.907 ], [ -110.808, 27.928 ], [ -110.839, 27.989 ], [ -110.891, 27.9 ], [ -110.864, 27.89 ], [ -110.886, 27.839 ], [ -110.999, 27.964 ], [ -111.105, 27.935 ], [ -111.333, 28.16 ], [ -111.452, 28.326 ], [ -111.438, 28.387 ], [ -111.708, 28.46 ], [ -111.761, 28.584 ], [ -111.949, 28.757 ], [ -111.894, 28.781 ], [ -111.867, 28.75 ], [ -111.868, 28.803 ], [ -111.925, 28.802 ], [ -112.03, 28.861 ], [ -112.106, 28.957 ], [ -112.171, 28.973 ], [ -112.166, 29.12 ], [ -112.227, 29.188 ], [ -112.211, 29.253 ], [ -112.239, 29.315 ], [ -112.314, 29.331 ], [ -112.333, 29.297 ], [ -112.411, 29.345 ], [ -112.378, 29.486 ], [ -112.58, 29.718 ], [ -112.669, 29.898 ], [ -112.746, 29.91 ], [ -112.73, 30.013 ], [ -112.759, 30.059 ], [ -112.764, 30.212 ], [ -112.861, 30.269 ], [ -112.871, 30.429 ], [ -113.08, 30.67 ], [ -113.129, 30.812 ], [ -113.097, 30.946 ], [ -113.131, 31.065 ], [ -113.083, 30.989 ], [ -113.056, 31.031 ], [ -113.049, 31.157 ], [ -113.092, 31.202 ], [ -113.197, 31.225 ], [ -113.233, 31.288 ], [ -113.276, 31.278 ], [ -113.241, 31.241 ], [ -113.622, 31.326 ], [ -113.66, 31.498 ], [ -113.885, 31.615 ], [ -113.94, 31.6 ], [ -113.978, 31.663 ], [ -113.981, 31.587 ], [ -113.951, 31.568 ], [ -113.983, 31.532 ], [ -114.029, 31.492 ], [ -114.159, 31.495 ], [ -114.494, 31.677 ], [ -114.585, 31.761 ], [ -114.687, 31.766 ], [ -114.934, 31.909 ], [ -114.937, 32.032 ], [ -114.979, 32.074 ], [ -114.967, 32.181 ], [ -115.04, 32.277 ], [ -114.926, 32.483 ], [ -114.819, 32.499 ] ] ], [ [ [ -114.786, 31.803 ], [ -114.653, 31.69 ], [ -114.763, 31.716 ], [ -114.798, 31.757 ], [ -114.786, 31.803 ] ] ] ] } },
{ "type": "Feature", "properties": { "code": "MX-TAB" }, "geometry": { "type": "MultiPolygon", "coordinates": [ [ [ [ -90.992, 17.968 ], [ -90.992, 17.252 ], [ -91.433, 17.255 ], [ -91.435, 17.303 ], [ -91.387, 17.333 ], [ -91.424, 17.386 ], [ -91.492, 17.401 ], [ -91.501, 17.464 ], [ -91.645, 17.525 ], [ -91.698, 17.714 ], [ -91.794, 17.729 ], [ -91.776, 17.774 ], [ -91.799, 17.869 ], [ -91.915, 17.888 ], [ -91.943, 17.854 ], [ -91.967, 17.909 ], [ -92.078, 17.833 ], [ -92.081, 17.787 ], [ -92.148, 17.788 ], [ -92.368, 17.697 ], [ -92.383, 17.623 ], [ -92.755, 17.364 ], [ -92.829, 17.402 ], [ -92.91, 17.526 ], [ -92.983, 17.542 ], [ -93.011, 17.708 ], [ -92.998, 17.933 ], [ -93.088, 17.9 ], [ -93.186, 17.974 ], [ -93.271, 17.994 ], [ -93.313, 17.964 ], [ -93.414, 17.638 ], [ -93.511, 17.546 ], [ -93.59, 17.376 ], [ -93.643, 17.421 ], [ -93.623, 17.563 ], [ -93.734, 17.671 ], [ -93.937, 17.759 ], [ -93.97, 17.832 ], [ -94.077, 17.882 ], [ -94.051, 17.994 ], [ -94.137, 18.207 ], [ -93.861, 18.307 ], [ -93.878, 18.257 ], [ -93.781, 18.273 ], [ -93.739, 18.341 ], [ -93.593, 18.345 ], [ -93.576, 18.412 ], [ -93.848, 18.3 ], [ -93.84, 18.319 ], [ -93.552, 18.429 ], [ -93.156, 18.443 ], [ -93.176, 18.378 ], [ -93.122, 18.389 ], [ -93.128, 18.341 ], [ -93.088, 18.393 ], [ -93.138, 18.429 ], [ -92.856, 18.466 ], [ -92.717, 18.592 ], [ -92.669, 18.429 ], [ -92.662, 18.536 ], [ -92.696, 18.616 ], [ -92.486, 18.648 ], [ -92.368, 18.461 ], [ -92.149, 18.462 ], [ -92.156, 18.169 ], [ -91.891, 17.967 ], [ -91.633, 17.951 ], [ -91.589, 18.098 ], [ -91.477, 18.102 ], [ -91.124, 17.976 ], [ -90.992, 17.968 ] ] ] ] } },
{ "type": "Feature", "properties": { "code": "MX-TAM" }, "geometry": { "type": "MultiPolygon", "coordinates": [ [ [ [ -97.798, 22.763 ], [ -97.796, 22.724 ], [ -97.843, 22.685 ], [ -97.815, 22.72 ], [ -97.798, 22.763 ] ] ], [ [ [ -99.706, 27.663 ], [ -99.59, 27.642 ], [ -99.507, 27.574 ], [ -99.473, 27.427 ], [ -99.521, 27.311 ], [ -99.432, 27.208 ], [ -99.462, 27.057 ], [ -99.248, 26.827 ], [ -99.165, 26.54 ], [ -99.103, 26.512 ], [ -99.085, 26.408 ], [ -98.801, 26.372 ], [ -98.654, 26.244 ], [ -98.582, 26.262 ], [ -98.472, 26.208 ], [ -98.429, 26.218 ], [ -98.3, 26.111 ], [ -98.185, 26.065 ], [ -98.103, 26.075 ], [ -98.065, 26.042 ], [ -97.802, 26.064 ], [ -97.66, 26.031 ], [ -97.425, 25.855 ], [ -97.346, 25.852 ], [ -97.351, 25.918 ], [ -97.266, 25.961 ], [ -97.139, 25.966 ], [ -97.165, 25.723 ], [ -97.319, 25.39 ], [ -97.459, 25.179 ], [ -97.651, 24.516 ], [ -97.725, 23.806 ], [ -97.822, 23.788 ], [ -97.759, 23.769 ], [ -97.761, 23.652 ], [ -97.733, 23.775 ], [ -97.722, 23.739 ], [ -97.769, 23.26 ], [ -97.742, 22.972 ], [ -97.754, 22.849 ], [ -97.754, 22.923 ], [ -97.838, 22.74 ], [ -97.877, 22.739 ], [ -97.855, 22.699 ], [ -97.893, 22.61 ], [ -97.858, 22.593 ], [ -97.834, 22.67 ], [ -97.85, 22.535 ], [ -97.782, 22.273 ], [ -97.852, 22.22 ], [ -97.913, 22.267 ], [ -97.909, 22.319 ], [ -98.093, 22.373 ], [ -98.198, 22.481 ], [ -98.29, 22.467 ], [ -98.309, 22.4 ], [ -98.656, 22.443 ], [ -98.831, 22.358 ], [ -99.206, 22.438 ], [ -99.265, 22.478 ], [ -99.379, 22.683 ], [ -99.432, 22.636 ], [ -99.548, 22.728 ], [ -99.528, 22.625 ], [ -99.554, 22.621 ], [ -100.0, 22.783 ], [ -100.04, 22.868 ], [ -99.908, 22.984 ], [ -100.006, 23.165 ], [ -100.089, 23.121 ], [ -100.046, 23.297 ], [ -100.126, 23.356 ], [ -100.043, 23.415 ], [ -99.906, 23.375 ], [ -99.952, 23.528 ], [ -99.853, 23.726 ], [ -99.6, 23.767 ], [ -99.502, 23.89 ], [ -99.45, 23.9 ], [ -99.476, 23.972 ], [ -99.609, 24.092 ], [ -99.574, 24.362 ], [ -99.606, 24.513 ], [ -99.71, 24.472 ], [ -99.737, 24.57 ], [ -99.651, 24.639 ], [ -99.547, 24.646 ], [ -99.5, 24.674 ], [ -99.479, 24.74 ], [ -99.294, 24.827 ], [ -99.164, 24.776 ], [ -99.193, 24.878 ], [ -99.142, 24.946 ], [ -99.188, 25.007 ], [ -99.143, 25.013 ], [ -99.145, 25.052 ], [ -99.107, 25.049 ], [ -99.034, 25.12 ], [ -98.981, 25.071 ], [ -98.887, 25.086 ], [ -98.446, 25.425 ], [ -98.45, 25.469 ], [ -98.554, 25.477 ], [ -98.561, 25.503 ], [ -98.569, 25.997 ], [ -98.83, 26.059 ], [ -98.889, 25.971 ], [ -99.037, 26.101 ], [ -99.133, 26.057 ], [ -99.18, 26.289 ], [ -99.254, 26.295 ], [ -99.333, 26.395 ], [ -99.392, 26.366 ], [ -99.42, 26.399 ], [ -99.391, 26.598 ], [ -99.558, 26.685 ], [ -99.653, 26.684 ], [ -99.563, 26.835 ], [ -99.732, 26.932 ], [ -99.676, 27.154 ], [ -99.712, 27.2 ], [ -99.756, 27.45 ], [ -99.778, 27.482 ], [ -99.904, 27.5 ], [ -99.915, 27.534 ], [ -99.91, 27.572 ], [ -99.706, 27.663 ] ] ] ] } },
{ "type": "Feature", "properties": { "code": "MX-TLA" }, "geometry": { "type": "MultiPolygon", "coordinates": [ [ [ [ -98.252, 19.72 ], [ -98.193, 19.679 ], [ -98.102, 19.671 ], [ -98.073, 19.677 ], [ -98.063, 19.731 ], [ -98.028, 19.692 ], [ -98.035, 19.636 ], [ -97.843, 19.543 ], [ -97.882, 19.501 ], [ -97.844, 19.436 ], [ -97.759, 19.448 ], [ -97.693, 19.381 ], [ -97.621, 19.365 ], [ -97.62, 19.319 ], [ -97.668, 19.284 ], [ -97.828, 19.311 ], [ -97.884, 19.265 ], [ -97.852, 19.195 ], [ -97.906, 19.156 ], [ -98.05, 19.209 ], [ -98.108, 19.135 ], [ -98.216, 19.112 ], [ -98.433, 19.344 ], [ -98.466, 19.438 ], [ -98.641, 19.462 ], [ -98.709, 19.583 ], [ -98.487, 19.644 ], [ -98.346, 19.595 ], [ -98.252, 19.72 ] ] ] ] } },
{ "type": "Feature", "properties": { "code": "MX-VER" }, "geometry": { "type": "MultiPolygon", "coordinates": [ [ [ [ -97.782, 22.273 ], [ -97.761, 22.096 ], [ -97.61, 21.836 ], [ -97.316, 21.561 ], [ -97.419, 21.273 ], [ -97.472, 21.438 ], [ -97.391, 21.473 ], [ -97.37, 21.538 ], [ -97.625, 21.794 ], [ -97.659, 21.907 ], [ -97.781, 22.096 ], [ -97.72, 21.952 ], [ -97.658, 21.637 ], [ -97.562, 21.486 ], [ -97.489, 21.481 ], [ -97.497, 21.401 ], [ -97.197, 20.81 ], [ -97.178, 20.759 ], [ -97.198, 20.739 ], [ -97.151, 20.647 ], [ -96.676, 20.158 ], [ -96.456, 19.869 ], [ -96.36, 19.537 ], [ -96.316, 19.482 ], [ -96.29, 19.333 ], [ -96.157, 19.225 ], [ -96.132, 19.236 ], [ -96.061, 19.079 ], [ -95.977, 19.058 ], [ -95.904, 18.882 ], [ -95.753, 18.8 ], [ -95.753, 18.766 ], [ -95.915, 18.862 ], [ -95.959, 18.856 ], [ -95.807, 18.752 ], [ -95.866, 18.759 ], [ -95.862, 18.723 ], [ -95.775, 18.744 ], [ -95.568, 18.683 ], [ -95.728, 18.757 ], [ -95.733, 18.8 ], [ -95.584, 18.722 ], [ -95.19, 18.705 ], [ -95.024, 18.564 ], [ -94.787, 18.512 ], [ -94.718, 18.375 ], [ -94.543, 18.166 ], [ -94.467, 18.144 ], [ -94.137, 18.207 ], [ -94.051, 17.994 ], [ -94.077, 17.882 ], [ -93.97, 17.832 ], [ -93.937, 17.759 ], [ -93.734, 17.671 ], [ -93.623, 17.563 ], [ -93.643, 17.421 ], [ -93.59, 17.376 ], [ -93.637, 17.3 ], [ -93.873, 17.15 ], [ -94.938, 17.217 ], [ -94.972, 17.237 ], [ -94.999, 17.36 ], [ -95.076, 17.391 ], [ -95.255, 17.583 ], [ -95.206, 17.648 ], [ -95.208, 17.732 ], [ -95.364, 17.641 ], [ -95.431, 17.636 ], [ -95.6, 17.518 ], [ -95.77, 17.516 ], [ -95.909, 17.756 ], [ -95.894, 17.824 ], [ -95.775, 17.995 ], [ -95.838, 18.12 ], [ -95.966, 18.166 ], [ -96.16, 18.15 ], [ -96.17, 18.186 ], [ -96.229, 18.201 ], [ -96.26, 18.3 ], [ -96.357, 18.387 ], [ -96.411, 18.539 ], [ -96.562, 18.593 ], [ -96.664, 18.669 ], [ -96.634, 18.536 ], [ -96.728, 18.41 ], [ -96.786, 18.478 ], [ -96.8, 18.551 ], [ -97.087, 18.481 ], [ -97.136, 18.65 ], [ -97.304, 18.676 ], [ -97.342, 18.783 ], [ -97.282, 18.868 ], [ -97.226, 18.892 ], [ -97.264, 19.16 ], [ -97.167, 19.194 ], [ -97.109, 19.179 ], [ -96.982, 19.281 ], [ -97.049, 19.317 ], [ -97.209, 19.33 ], [ -97.27, 19.4 ], [ -97.317, 19.388 ], [ -97.408, 19.446 ], [ -97.321, 19.481 ], [ -97.392, 19.576 ], [ -97.384, 19.647 ], [ -97.308, 19.748 ], [ -97.309, 19.897 ], [ -97.136, 20.122 ], [ -97.403, 20.26 ], [ -97.47, 20.238 ], [ -97.579, 20.119 ], [ -97.605, 20.187 ], [ -97.678, 20.179 ], [ -97.774, 20.273 ], [ -97.778, 20.43 ], [ -97.693, 20.466 ], [ -97.622, 20.421 ], [ -97.559, 20.504 ], [ -97.589, 20.582 ], [ -97.722, 20.611 ], [ -97.701, 20.644 ], [ -97.779, 20.814 ], [ -97.887, 20.82 ], [ -97.896, 20.758 ], [ -97.966, 20.682 ], [ -97.946, 20.57 ], [ -98.0, 20.484 ], [ -98.022, 20.661 ], [ -98.079, 20.697 ], [ -98.336, 20.435 ], [ -98.377, 20.465 ], [ -98.468, 20.354 ], [ -98.569, 20.472 ], [ -98.508, 20.625 ], [ -98.419, 20.709 ], [ -98.417, 20.745 ], [ -98.465, 20.73 ], [ -98.495, 20.757 ], [ -98.419, 20.788 ], [ -98.424, 20.869 ], [ -98.23, 20.831 ], [ -98.232, 20.938 ], [ -98.13, 21.072 ], [ -98.212, 21.151 ], [ -98.278, 21.124 ], [ -98.286, 21.246 ], [ -98.313, 21.188 ], [ -98.373, 21.155 ], [ -98.486, 21.245 ], [ -98.49, 21.292 ], [ -98.443, 21.354 ], [ -98.515, 21.399 ], [ -98.53, 21.525 ], [ -98.642, 21.609 ], [ -98.624, 21.685 ], [ -98.57, 21.692 ], [ -98.456, 21.797 ], [ -98.491, 21.853 ], [ -98.562, 21.882 ], [ -98.528, 21.959 ], [ -98.588, 21.952 ], [ -98.59, 21.98 ], [ -98.452, 21.98 ], [ -98.349, 22.192 ], [ -98.374, 22.265 ], [ -98.616, 22.419 ], [ -98.439, 22.433 ], [ -98.309, 22.4 ], [ -98.29, 22.467 ], [ -98.198, 22.481 ], [ -98.093, 22.373 ], [ -97.909, 22.319 ], [ -97.913, 22.267 ], [ -97.863, 22.22 ], [ -97.782, 22.273 ] ] ], [ [ [ -97.685, 21.862 ], [ -97.61, 21.74 ], [ -97.64, 21.745 ], [ -97.685, 21.862 ] ] ] ] } },
{ "type": "Feature", "properties": { "code": "MX-YUC" }, "geometry": { "type": "MultiPolygon", "coordinates": [ [ [ [ -90.381, 20.824 ], [ -90.339, 20.972 ], [ -90.398, 20.821 ], [ -90.442, 20.787 ], [ -90.332, 21.032 ], [ -90.099, 21.164 ], [ -89.786, 21.285 ], [ -89.113, 21.363 ], [ -88.703, 21.459 ], [ -88.605, 21.534 ], [ -88.448, 21.575 ], [ -88.3, 21.555 ], [ -88.085, 21.589 ], [ -88.235, 21.574 ], [ -88.129, 21.616 ], [ -87.706, 21.533 ], [ -87.866, 21.555 ], [ -87.778, 21.511 ], [ -87.612, 21.507 ], [ -87.686, 21.529 ], [ -87.54, 21.499 ], [ -87.525, 21.299 ], [ -87.585, 21.111 ], [ -87.534, 20.956 ], [ -87.675, 20.648 ], [ -87.988, 20.443 ], [ -88.106, 20.428 ], [ -88.194, 20.453 ], [ -88.272, 20.343 ], [ -88.261, 20.263 ], [ -88.346, 20.319 ], [ -88.445, 20.184 ], [ -88.707, 20.081 ], [ -88.79, 20.019 ], [ -88.791, 19.981 ], [ -88.839, 20.014 ], [ -88.928, 19.941 ], [ -89.056, 19.932 ], [ -89.202, 19.842 ], [ -89.369, 19.82 ], [ -89.415, 19.651 ], [ -89.455, 19.777 ], [ -89.63, 20.019 ], [ -89.811, 20.137 ], [ -90.018, 20.468 ], [ -90.094, 20.407 ], [ -90.13, 20.439 ], [ -90.169, 20.425 ], [ -90.236, 20.51 ], [ -90.374, 20.519 ], [ -90.381, 20.824 ] ] ] ] } },
{ "type": "Feature", "properties": { "code": "MX-ZAC" }, "geometry": { "type": "MultiPolygon", "coordinates": [ [ [ [ -100.828, 24.565 ], [ -100.852, 24.491 ], [ -100.97, 24.402 ], [ -101.227, 24.003 ], [ -101.316, 23.97 ], [ -101.45, 23.834 ], [ -101.664, 23.707 ], [ -101.728, 23.618 ], [ -101.828, 23.581 ], [ -102.034, 23.376 ], [ -102.114, 23.345 ], [ -102.138, 23.406 ], [ -102.19, 23.404 ], [ -102.231, 23.278 ], [ -102.299, 23.25 ], [ -102.228, 23.101 ], [ -102.251, 22.984 ], [ -102.154, 22.796 ], [ -101.953, 22.648 ], [ -101.813, 22.465 ], [ -101.762, 22.45 ], [ -101.63, 22.498 ], [ -101.554, 22.603 ], [ -101.352, 22.59 ], [ -101.299, 22.46 ], [ -101.379, 22.382 ], [ -101.325, 22.088 ], [ -101.521, 21.841 ], [ -101.529, 21.877 ], [ -101.578, 21.881 ], [ -101.679, 21.962 ], [ -101.764, 21.963 ], [ -101.98, 22.123 ], [ -101.999, 22.275 ], [ -102.132, 22.322 ], [ -102.166, 22.374 ], [ -102.211, 22.355 ], [ -102.292, 22.465 ], [ -102.345, 22.397 ], [ -102.456, 22.36 ], [ -102.478, 22.315 ], [ -102.621, 22.307 ], [ -102.676, 22.261 ], [ -102.652, 22.187 ], [ -102.842, 21.933 ], [ -102.856, 21.85 ], [ -102.825, 21.787 ], [ -102.76, 21.749 ], [ -102.776, 21.608 ], [ -102.641, 21.568 ], [ -102.647, 21.487 ], [ -102.787, 21.295 ], [ -102.815, 21.341 ], [ -102.915, 21.282 ], [ -103.045, 21.288 ], [ -103.06, 21.045 ], [ -103.232, 21.079 ], [ -103.508, 21.196 ], [ -103.611, 21.198 ], [ -103.653, 21.265 ], [ -103.747, 21.228 ], [ -103.704, 21.384 ], [ -103.734, 21.525 ], [ -103.644, 21.487 ], [ -103.519, 21.6 ], [ -103.527, 21.817 ], [ -103.289, 21.985 ], [ -103.156, 21.998 ], [ -103.083, 22.099 ], [ -103.127, 22.174 ], [ -103.079, 22.193 ], [ -103.038, 22.287 ], [ -103.092, 22.298 ], [ -103.115, 22.338 ], [ -103.189, 22.322 ], [ -103.185, 22.38 ], [ -103.373, 22.517 ], [ -103.427, 22.41 ], [ -103.359, 22.349 ], [ -103.406, 22.259 ], [ -103.448, 22.242 ], [ -103.489, 22.135 ], [ -103.569, 22.152 ], [ -103.658, 22.117 ], [ -103.683, 22.322 ], [ -103.608, 22.524 ], [ -103.645, 22.543 ], [ -103.645, 22.589 ], [ -103.728, 22.606 ], [ -103.852, 22.179 ], [ -103.89, 22.286 ], [ -103.866, 22.409 ], [ -103.887, 22.467 ], [ -103.848, 22.506 ], [ -103.851, 22.569 ], [ -103.795, 22.624 ], [ -103.779, 22.735 ], [ -103.983, 22.772 ], [ -103.992, 22.574 ], [ -103.927, 22.507 ], [ -103.952, 22.37 ], [ -104.132, 22.343 ], [ -104.33, 22.264 ], [ -104.209, 22.644 ], [ -104.189, 23.118 ], [ -104.134, 23.187 ], [ -104.104, 23.45 ], [ -103.952, 23.551 ], [ -103.918, 23.653 ], [ -103.833, 23.63 ], [ -103.81, 23.671 ], [ -103.879, 23.773 ], [ -103.851, 23.851 ], [ -103.905, 23.925 ], [ -103.839, 23.945 ], [ -103.836, 24.085 ], [ -103.67, 24.162 ], [ -103.516, 24.341 ], [ -103.413, 24.36 ], [ -103.398, 24.425 ], [ -103.282, 24.483 ], [ -102.801, 24.41 ], [ -102.493, 24.46 ], [ -102.492, 24.824 ], [ -102.668, 25.079 ], [ -102.613, 25.122 ], [ -102.2, 25.166 ], [ -101.861, 25.076 ], [ -101.768, 24.938 ], [ -101.591, 24.882 ], [ -101.574, 24.807 ], [ -101.654, 24.826 ], [ -101.617, 24.757 ], [ -101.442, 24.752 ], [ -101.344, 24.838 ], [ -101.342, 24.812 ], [ -101.231, 24.818 ], [ -101.097, 24.641 ], [ -100.828, 24.565 ] ] ] ] } },
{ "type": "Feature", "properties": { "code": "US-AK" }, "geometry": { "type": "MultiPolygon", "coordinates": [ [ [ [ -179.119, 51.215 ], [ -179.144, 51.275 ], [ -179.088, 51.296 ], [ -179.062, 51.248 ], [ -179.119, 51.215 ] ] ], [ [ [ -178.987, 51.308 ], [ -178.972, 51.397 ], [ -178.904, 51.354 ], [ -178.987, 51.308 ] ] ], [ [ [ -177.838, 51.675 ], [ -177.917, 51.665 ], [ -177.896, 51.604 ], [ -177.933, 51.599 ], [ -177.974, 51.645 ], [ -178.101, 51.665 ], [ -178.08, 51.7 ], [ -177.963, 51.721 ], [ -177.955, 51.764 ], [ -178.214, 51.876 ], [ -178.148, 51.915 ], [ -177.952, 51.925 ], [ -177.841, 51.837 ], [ -177.622, 51.857 ], [ -177.647, 51.821 ], [ -177.8, 51.796 ], [ -177.773, 51.775 ], [ -177.838, 51.675 ] ] ], [ [ [ -176.588, 51.686 ], [ -176.71, 51.686 ], [ -176.71, 51.617 ], [ -176.751, 51.637 ], [ -176.814, 51.616 ], [ -176.827, 51.72 ], [ -176.917, 51.602 ], [ -176.978, 51.6 ], [ -176.967, 51.669 ], [ -176.82, 51.769 ], [ -176.909, 51.775 ], [ -176.905, 51.808 ], [ -176.704, 51.788 ], [ -176.78, 51.829 ], [ -176.706, 51.86 ], [ -176.779, 51.909 ], [ -176.759, 51.953 ], [ -176.546, 51.98 ], [ -176.549, 51.914 ], [ -176.641, 51.857 ], [ -176.588, 51.857 ], [ -176.594, 51.83 ], [ -176.428, 51.834 ], [ -176.416, 51.755 ], [ -176.471, 51.72 ], [ -176.491, 51.754 ], [ -176.588, 51.686 ] ] ], [ [ [ -178.814, 51.839 ], [ -178.748, 51.818 ], [ -178.74, 51.784 ], [ -178.808, 51.747 ], [ -178.859, 51.796 ], [ -178.814, 51.839 ] ] ], [ [ [ -177.137, 51.823 ], [ -177.128, 51.747 ], [ -177.157, 51.7 ], [ -177.204, 51.714 ], [ -177.278, 51.68 ], [ -177.436, 51.726 ], [ -177.599, 51.703 ], [ -177.66, 51.653 ], [ -177.705, 51.7 ], [ -177.646, 51.734 ], [ -177.523, 51.72 ], [ -177.292, 51.783 ], [ -177.216, 51.819 ], [ -177.194, 51.93 ], [ -177.075, 51.923 ], [ -177.047, 51.892 ], [ -177.137, 51.823 ] ] ], [ [ [ -176.341, 51.726 ], [ -176.397, 51.742 ], [ -176.409, 51.824 ], [ -176.389, 51.816 ], [ -176.423, 51.851 ], [ -176.279, 51.857 ], [ -176.354, 51.83 ], [ -176.265, 51.816 ], [ -176.341, 51.726 ] ] ], [ [ [ -176.106, 51.826 ], [ -176.094, 51.796 ], [ -176.136, 51.83 ], [ -176.149, 51.775 ], [ -176.224, 51.844 ], [ -176.174, 51.885 ], [ -176.112, 51.839 ], [ -176.063, 51.855 ], [ -175.991, 51.81 ], [ -176.106, 51.826 ] ] ], [ [ [ -175.977, 51.852 ], [ -176.108, 51.885 ], [ -176.01, 51.912 ], [ -175.991, 51.906 ], [ -176.019, 51.892 ], [ -175.971, 51.898 ], [ -175.957, 51.851 ], [ -175.977, 51.852 ] ] ], [ [ [ -175.752, 51.939 ], [ -175.724, 51.974 ], [ -175.662, 51.967 ], [ -175.752, 51.939 ] ] ], [ [ [ -175.875, 51.994 ], [ -175.806, 51.987 ], [ -175.91, 51.967 ], [ -175.939, 51.986 ], [ -175.875, 51.994 ] ] ], [ [ [ -176.143, 52.107 ], [ -176.069, 52.108 ], [ -175.996, 52.033 ], [ -175.964, 52.035 ], [ -176.03, 52.013 ], [ -176.043, 51.963 ], [ -176.165, 51.999 ], [ -176.187, 52.068 ], [ -176.143, 52.107 ] ] ], [ [ [ -173.239, 52.076 ], [ -173.49, 52.022 ], [ -173.689, 52.069 ], [ -173.836, 52.043 ], [ -174.059, 52.125 ], [ -173.887, 52.138 ], [ -173.901, 52.112 ], [ -173.847, 52.125 ], [ -173.806, 52.09 ], [ -173.765, 52.127 ], [ -173.592, 52.152 ], [ -173.531, 52.145 ], [ -173.545, 52.118 ], [ -173.353, 52.09 ], [ -173.276, 52.112 ], [ -172.956, 52.09 ], [ -173.239, 52.076 ] ] ], [ [ [ -174.099, 52.113 ], [ -174.223, 52.125 ], [ -174.216, 52.09 ], [ -174.321, 52.123 ], [ -174.43, 52.11 ], [ -174.374, 52.104 ], [ -174.411, 52.043 ], [ -174.525, 52.097 ], [ -174.49, 52.035 ], [ -174.542, 52.061 ], [ -174.539, 52.035 ], [ -174.627, 52.029 ], [ -174.709, 52.049 ], [ -174.715, 52.017 ], [ -174.888, 52.043 ], [ -175.035, 52.004 ], [ -175.341, 52.015 ], [ -175.161, 52.049 ], [ -175.02, 52.031 ], [ -175.02, 52.075 ], [ -174.975, 52.058 ], [ -174.907, 52.115 ], [ -174.894, 52.089 ], [ -174.855, 52.105 ], [ -174.786, 52.077 ], [ -174.723, 52.125 ], [ -174.602, 52.105 ], [ -174.498, 52.152 ], [ -174.559, 52.179 ], [ -174.413, 52.171 ], [ -174.449, 52.213 ], [ -174.339, 52.186 ], [ -174.228, 52.268 ], [ -174.345, 52.315 ], [ -174.347, 52.282 ], [ -174.416, 52.293 ], [ -174.436, 52.323 ], [ -174.339, 52.336 ], [ -174.347, 52.364 ], [ -174.19, 52.418 ], [ -174.086, 52.399 ], [ -174.011, 52.358 ], [ -173.992, 52.313 ], [ -174.052, 52.241 ], [ -174.203, 52.213 ], [ -174.099, 52.113 ] ] ], [ [ [ -172.529, 52.25 ], [ -172.633, 52.261 ], [ -172.579, 52.336 ], [ -172.441, 52.399 ], [ -172.302, 52.344 ], [ -172.529, 52.25 ] ] ], [ [ [ -171.256, 52.529 ], [ -171.208, 52.499 ], [ -171.222, 52.463 ], [ -171.312, 52.464 ], [ -171.256, 52.529 ] ] ], [ [ [ -170.622, 52.594 ], [ -170.837, 52.549 ], [ -170.847, 52.584 ], [ -170.744, 52.679 ], [ -170.647, 52.699 ], [ -170.564, 52.673 ], [ -170.622, 52.594 ] ] ], [ [ [ -170.194, 52.727 ], [ -170.187, 52.783 ], [ -170.056, 52.76 ], [ -170.063, 52.734 ], [ -170.194, 52.727 ] ] ], [ [ [ -169.723, 52.774 ], [ -169.865, 52.821 ], [ -169.964, 52.789 ], [ -170.012, 52.838 ], [ -169.783, 52.893 ], [ -169.687, 52.872 ], [ -169.723, 52.774 ] ] ], [ [ [ -170.125, 52.899 ], [ -170.103, 52.916 ], [ -169.995, 52.906 ], [ -170.031, 52.865 ], [ -170.125, 52.899 ] ] ], [ [ [ -169.753, 53.025 ], [ -169.681, 53.033 ], [ -169.666, 53.001 ], [ -169.748, 52.947 ], [ -169.753, 53.025 ] ] ], [ [ [ -168.329, 53.215 ], [ -168.49, 53.042 ], [ -168.584, 53.03 ], [ -168.679, 52.96 ], [ -168.775, 52.956 ], [ -168.766, 52.914 ], [ -168.809, 52.933 ], [ -169.036, 52.837 ], [ -169.111, 52.824 ], [ -168.981, 52.878 ], [ -168.953, 52.94 ], [ -168.871, 52.954 ], [ -168.851, 53.022 ], [ -168.772, 53.067 ], [ -168.796, 53.138 ], [ -168.775, 53.171 ], [ -168.623, 53.274 ], [ -168.528, 53.248 ], [ -168.361, 53.271 ], [ -168.351, 53.303 ], [ -168.433, 53.33 ], [ -168.365, 53.468 ], [ -168.237, 53.53 ], [ -168.008, 53.57 ], [ -167.795, 53.502 ], [ -167.871, 53.427 ], [ -167.85, 53.385 ], [ -168.329, 53.215 ] ] ], [ [ [ -169.633, 56.545 ], [ -169.789, 56.62 ], [ -169.474, 56.593 ], [ -169.633, 56.545 ] ] ], [ [ [ -170.29, 57.106 ], [ -170.276, 57.148 ], [ -170.385, 57.154 ], [ -170.412, 57.185 ], [ -170.104, 57.25 ], [ -170.29, 57.106 ] ] ], [ [ [ -172.474, 60.35 ], [ -172.6, 60.33 ], [ -173.058, 60.498 ], [ -173.038, 60.565 ], [ -172.925, 60.607 ], [ -172.907, 60.528 ], [ -172.812, 60.478 ], [ -172.534, 60.392 ], [ -172.38, 60.396 ], [ -172.209, 60.313 ], [ -172.474, 60.35 ] ] ], [ [ [ -173.062, 60.679 ], [ -173.053, 60.624 ], [ -173.114, 60.653 ], [ -173.062, 60.679 ] ] ], [ [ [ -169.79, 63.052 ], [ -169.777, 63.035 ], [ -169.932, 63.139 ], [ -169.79, 63.052 ] ] ], [ [ [ -170.45, 63.325 ], [ -170.708, 63.395 ], [ -170.485, 63.345 ], [ -170.382, 63.301 ], [ -170.296, 63.239 ], [ -170.45, 63.325 ] ] ], [ [ [ -169.331, 63.165 ], [ -169.145, 63.206 ], [ -169.351, 63.176 ], [ -169.526, 63.091 ], [ -169.577, 63.041 ], [ -169.543, 62.994 ], [ -169.666, 62.945 ], [ -169.756, 62.966 ], [ -169.762, 63.014 ], [ -169.705, 63.04 ], [ -169.817, 63.127 ], [ -170.094, 63.206 ], [ -170.262, 63.198 ], [ -170.218, 63.228 ], [ -170.235, 63.284 ], [ -170.444, 63.359 ], [ -170.796, 63.424 ], [ -170.856, 63.46 ], [ -171.084, 63.445 ], [ -171.439, 63.32 ], [ -171.736, 63.376 ], [ -171.821, 63.442 ], [ -171.853, 63.521 ], [ -171.808, 63.64 ], [ -171.752, 63.664 ], [ -171.728, 63.796 ], [ -171.636, 63.777 ], [ -171.634, 63.7 ], [ -171.407, 63.644 ], [ -171.489, 63.658 ], [ -171.544, 63.623 ], [ -171.487, 63.609 ], [ -171.31, 63.623 ], [ -171.379, 63.637 ], [ -170.937, 63.572 ], [ -170.646, 63.685 ], [ -170.31, 63.699 ], [ -170.082, 63.615 ], [ -170.039, 63.532 ], [ -170.085, 63.486 ], [ -169.657, 63.44 ], [ -169.522, 63.353 ], [ -169.291, 63.359 ], [ -169.187, 63.301 ], [ -169.07, 63.321 ], [ -169.221, 63.349 ], [ -168.686, 63.301 ], [ -168.741, 63.281 ], [ -168.729, 63.234 ], [ -168.812, 63.17 ], [ -169.331, 63.165 ] ] ], [ [ [ -169.441, 63.364 ], [ -169.489, 63.368 ], [ -169.508, 63.373 ], [ -169.441, 63.364 ] ] ], [ [ [ -171.029, 63.439 ], [ -170.784, 63.409 ], [ -171.059, 63.43 ], [ -171.029, 63.439 ] ] ], [ [ [ -171.09, 63.604 ], [ -171.071, 63.602 ], [ -171.075, 63.602 ], [ -171.09, 63.604 ] ] ], [ [ [ -171.09, 63.604 ], [ -171.158, 63.61 ], [ -171.144, 63.612 ], [ -171.09, 63.604 ] ] ], [ [ [ -168.036, 64.985 ], [ -168.027, 64.968 ], [ -168.097, 64.965 ], [ -168.036, 64.985 ] ] ], [ [ [ -168.91, 65.74 ], [ -168.952, 65.753 ], [ -168.943, 65.765 ], [ -168.91, 65.74 ] ] ], [ [ [ -167.849, 65.743 ], [ -167.738, 65.777 ], [ -167.76, 65.765 ], [ -167.849, 65.743 ] ] ], [ [ [ -167.695, 65.741 ], [ -167.731, 65.746 ], [ -167.703, 65.785 ], [ -167.556, 65.817 ], [ -167.663, 65.782 ], [ -167.64, 65.773 ], [ -167.695, 65.741 ] ] ], [ [ [ -166.404, 53.653 ], [ -166.562, 53.618 ], [ -166.521, 53.585 ], [ -166.576, 53.594 ], [ -166.596, 53.536 ], [ -166.665, 53.598 ], [ -166.637, 53.533 ], [ -166.713, 53.55 ], [ -166.659, 53.491 ], [ -166.734, 53.512 ], [ -166.795, 53.57 ], [ -166.752, 53.451 ], [ -166.805, 53.471 ], [ -166.829, 53.44 ], [ -166.877, 53.482 ], [ -166.918, 53.44 ], [ -166.939, 53.464 ], [ -166.987, 53.427 ], [ -167.007, 53.453 ], [ -167.292, 53.372 ], [ -167.322, 53.33 ], [ -167.459, 53.324 ], [ -167.508, 53.26 ], [ -167.606, 53.281 ], [ -167.665, 53.242 ], [ -167.85, 53.31 ], [ -167.703, 53.385 ], [ -167.487, 53.378 ], [ -167.514, 53.413 ], [ -167.475, 53.434 ], [ -167.322, 53.416 ], [ -167.336, 53.447 ], [ -167.292, 53.476 ], [ -167.159, 53.477 ], [ -167.185, 53.523 ], [ -166.96, 53.536 ], [ -167.144, 53.557 ], [ -167.162, 53.602 ], [ -167.134, 53.632 ], [ -167.048, 53.598 ], [ -167.054, 53.628 ], [ -166.994, 53.618 ], [ -167.062, 53.666 ], [ -167.028, 53.705 ], [ -166.916, 53.716 ], [ -166.863, 53.632 ], [ -166.843, 53.66 ], [ -166.802, 53.632 ], [ -166.829, 53.708 ], [ -166.767, 53.691 ], [ -166.746, 53.701 ], [ -166.787, 53.708 ], [ -166.706, 53.721 ], [ -166.938, 53.77 ], [ -167.038, 53.755 ], [ -167.097, 53.824 ], [ -167.151, 53.824 ], [ -167.163, 53.857 ], [ -167.022, 53.961 ], [ -166.856, 53.968 ], [ -166.754, 54.016 ], [ -166.746, 53.975 ], [ -166.699, 54.008 ], [ -166.635, 54.005 ], [ -166.589, 53.961 ], [ -166.637, 53.923 ], [ -166.633, 53.872 ], [ -166.582, 53.879 ], [ -166.61, 53.831 ], [ -166.489, 53.9 ], [ -166.459, 53.886 ], [ -166.37, 54.008 ], [ -166.349, 53.947 ], [ -166.26, 53.968 ], [ -166.267, 53.913 ], [ -166.219, 53.934 ], [ -166.247, 53.886 ], [ -166.337, 53.887 ], [ -166.357, 53.852 ], [ -166.432, 53.831 ], [ -166.411, 53.81 ], [ -166.542, 53.79 ], [ -166.493, 53.77 ], [ -166.575, 53.714 ], [ -166.555, 53.687 ], [ -166.514, 53.728 ], [ -166.476, 53.698 ], [ -166.471, 53.734 ], [ -166.42, 53.759 ], [ -166.377, 53.721 ], [ -166.346, 53.783 ], [ -166.318, 53.73 ], [ -166.278, 53.724 ], [ -166.289, 53.68 ], [ -166.425, 53.666 ], [ -166.404, 53.653 ] ] ], [ [ [ -166.121, 53.784 ], [ -166.192, 53.776 ], [ -166.172, 53.748 ], [ -166.226, 53.728 ], [ -166.213, 53.708 ], [ -166.298, 53.76 ], [ -166.291, 53.795 ], [ -166.238, 53.815 ], [ -166.233, 53.783 ], [ -166.198, 53.837 ], [ -166.089, 53.845 ], [ -166.121, 53.784 ] ] ], [ [ [ -166.157, 53.994 ], [ -166.08, 53.971 ], [ -166.112, 53.956 ], [ -166.191, 53.965 ], [ -166.157, 53.994 ] ] ], [ [ [ -165.294, 54.044 ], [ -165.486, 54.077 ], [ -165.267, 54.091 ], [ -165.246, 54.057 ], [ -165.294, 54.044 ] ] ], [ [ [ -165.102, 54.071 ], [ -165.226, 54.091 ], [ -165.133, 54.133 ], [ -165.04, 54.105 ], [ -164.946, 54.131 ], [ -164.965, 54.077 ], [ -165.102, 54.071 ] ] ], [ [ [ -165.839, 54.085 ], [ -165.901, 54.033 ], [ -165.972, 54.071 ], [ -166.041, 54.036 ], [ -166.123, 54.118 ], [ -166.082, 54.18 ], [ -165.946, 54.222 ], [ -165.88, 54.213 ], [ -165.875, 54.174 ], [ -165.815, 54.187 ], [ -165.739, 54.153 ], [ -165.822, 54.133 ], [ -165.657, 54.125 ], [ -165.781, 54.07 ], [ -165.839, 54.085 ] ] ], [ [ [ -165.625, 54.132 ], [ -165.596, 54.174 ], [ -165.632, 54.19 ], [ -165.575, 54.235 ], [ -165.684, 54.235 ], [ -165.627, 54.296 ], [ -165.587, 54.267 ], [ -165.494, 54.296 ], [ -165.562, 54.242 ], [ -165.547, 54.222 ], [ -165.405, 54.192 ], [ -165.486, 54.18 ], [ -165.555, 54.146 ], [ -165.551, 54.122 ], [ -165.625, 54.132 ] ] ], [ [ [ -162.482, 54.42 ], [ -162.368, 54.392 ], [ -162.413, 54.372 ], [ -162.482, 54.42 ] ] ], [ [ [ -162.615, 54.372 ], [ -162.796, 54.423 ], [ -162.841, 54.461 ], [ -162.827, 54.502 ], [ -162.595, 54.455 ], [ -162.546, 54.415 ], [ -162.55, 54.386 ], [ -162.647, 54.386 ], [ -162.615, 54.372 ] ] ], [ [ [ -163.115, 54.688 ], [ -163.238, 54.683 ], [ -163.369, 54.765 ], [ -163.431, 54.735 ], [ -163.449, 54.664 ], [ -163.623, 54.612 ], [ -163.79, 54.638 ], [ -164.133, 54.623 ], [ -164.33, 54.535 ], [ -164.334, 54.488 ], [ -164.406, 54.436 ], [ -164.653, 54.392 ], [ -164.845, 54.423 ], [ -164.91, 54.475 ], [ -164.958, 54.585 ], [ -164.701, 54.678 ], [ -164.547, 54.883 ], [ -164.478, 54.919 ], [ -164.225, 54.895 ], [ -164.157, 54.957 ], [ -163.757, 55.06 ], [ -163.526, 55.044 ], [ -163.54, 55.017 ], [ -163.445, 54.954 ], [ -163.354, 54.777 ], [ -163.144, 54.77 ], [ -163.051, 54.664 ], [ -163.155, 54.676 ], [ -163.115, 54.688 ] ] ], [ [ [ -162.309, 54.837 ], [ -162.374, 54.853 ], [ -162.436, 54.928 ], [ -162.263, 54.989 ], [ -162.229, 54.921 ], [ -162.309, 54.837 ] ] ], [ [ [ -161.77, 55.059 ], [ -161.813, 55.085 ], [ -161.783, 55.145 ], [ -161.813, 55.161 ], [ -161.826, 55.099 ], [ -161.908, 55.143 ], [ -161.844, 55.171 ], [ -161.731, 55.161 ], [ -161.653, 55.106 ], [ -161.77, 55.059 ] ] ], [ [ [ -161.34, 55.219 ], [ -161.331, 55.17 ], [ -161.36, 55.163 ], [ -161.44, 55.197 ], [ -161.34, 55.219 ] ] ], [ [ [ -161.692, 55.212 ], [ -161.683, 55.231 ], [ -161.549, 55.253 ], [ -161.564, 55.208 ], [ -161.692, 55.212 ] ] ], [ [ [ -160.538, 55.133 ], [ -160.676, 55.168 ], [ -160.683, 55.211 ], [ -160.772, 55.181 ], [ -160.819, 55.12 ], [ -160.854, 55.332 ], [ -160.784, 55.39 ], [ -160.696, 55.407 ], [ -160.659, 55.364 ], [ -160.703, 55.318 ], [ -160.679, 55.307 ], [ -160.61, 55.325 ], [ -160.59, 55.384 ], [ -160.545, 55.386 ], [ -160.586, 55.3 ], [ -160.546, 55.25 ], [ -160.58, 55.236 ], [ -160.463, 55.188 ], [ -160.559, 55.188 ], [ -160.519, 55.179 ], [ -160.538, 55.133 ] ] ], [ [ [ -160.401, 55.287 ], [ -160.531, 55.325 ], [ -160.345, 55.371 ], [ -160.325, 55.277 ], [ -160.336, 55.249 ], [ -160.401, 55.287 ] ] ], [ [ [ -163.139, 55.404 ], [ -163.195, 55.413 ], [ -163.168, 55.437 ], [ -163.143, 55.441 ], [ -163.139, 55.404 ] ] ], [ [ [ -160.688, 58.819 ], [ -160.868, 58.592 ], [ -160.966, 58.55 ], [ -161.086, 58.553 ], [ -161.079, 58.63 ], [ -161.172, 58.691 ], [ -161.078, 58.639 ], [ -161.062, 58.701 ], [ -160.688, 58.819 ] ] ], [ [ [ -160.424, 58.724 ], [ -160.406, 58.751 ], [ -160.384, 58.711 ], [ -160.433, 58.685 ], [ -160.424, 58.724 ] ] ], [ [ [ -165.692, 59.903 ], [ -165.755, 59.925 ], [ -165.884, 59.881 ], [ -165.974, 59.904 ], [ -165.979, 59.876 ], [ -166.123, 59.841 ], [ -166.247, 59.854 ], [ -166.267, 59.834 ], [ -166.134, 59.822 ], [ -166.082, 59.779 ], [ -166.182, 59.756 ], [ -166.298, 59.831 ], [ -166.613, 59.856 ], [ -167.021, 59.991 ], [ -167.011, 60.012 ], [ -167.122, 60.001 ], [ -167.254, 60.088 ], [ -167.307, 60.07 ], [ -167.329, 60.129 ], [ -167.453, 60.217 ], [ -167.305, 60.239 ], [ -166.82, 60.218 ], [ -166.802, 60.286 ], [ -166.761, 60.304 ], [ -166.578, 60.315 ], [ -166.559, 60.359 ], [ -166.459, 60.387 ], [ -166.404, 60.348 ], [ -166.185, 60.402 ], [ -166.152, 60.381 ], [ -166.157, 60.437 ], [ -166.109, 60.416 ], [ -166.076, 60.334 ], [ -165.81, 60.346 ], [ -165.684, 60.3 ], [ -165.718, 60.246 ], [ -165.678, 60.211 ], [ -165.733, 60.176 ], [ -165.678, 60.156 ], [ -165.671, 60.122 ], [ -165.726, 60.066 ], [ -165.623, 60.025 ], [ -165.644, 59.998 ], [ -165.613, 59.976 ], [ -165.541, 59.985 ], [ -165.578, 59.963 ], [ -165.555, 59.944 ], [ -165.692, 59.903 ] ] ], [ [ [ -166.01, 62.023 ], [ -165.972, 62.072 ], [ -165.944, 62.018 ], [ -166.01, 62.023 ] ] ], [ [ [ -164.587, 63.064 ], [ -164.563, 63.056 ], [ -164.584, 63.042 ], [ -164.612, 63.056 ], [ -164.587, 63.064 ] ] ], [ [ [ -162.359, 63.546 ], [ -162.718, 63.575 ], [ -162.666, 63.617 ], [ -162.428, 63.642 ], [ -162.341, 63.602 ], [ -162.359, 63.546 ] ] ], [ [ [ -167.239, 65.909 ], [ -166.836, 66.042 ], [ -167.109, 65.949 ], [ -167.239, 65.909 ] ] ], [ [ [ -166.597, 66.105 ], [ -166.801, 66.051 ], [ -166.322, 66.193 ], [ -166.187, 66.21 ], [ -166.597, 66.105 ] ] ], [ [ [ -166.089, 66.256 ], [ -166.042, 66.26 ], [ -166.147, 66.22 ], [ -166.089, 66.256 ] ] ], [ [ [ -165.97, 66.287 ], [ -165.815, 66.326 ], [ -165.964, 66.264 ], [ -166.006, 66.267 ], [ -165.97, 66.287 ] ] ], [ [ [ -165.705, 66.362 ], [ -165.489, 66.409 ], [ -165.601, 66.377 ], [ -165.705, 66.362 ] ] ], [ [ [ -165.448, 66.419 ], [ -165.424, 66.421 ], [ -165.489, 66.409 ], [ -165.448, 66.419 ] ] ], [ [ [ -165.382, 66.426 ], [ -165.423, 66.421 ], [ -165.343, 66.437 ], [ -165.382, 66.426 ] ] ], [ [ [ -164.867, 66.507 ], [ -165.321, 66.441 ], [ -164.763, 66.546 ], [ -164.746, 66.541 ], [ -164.867, 66.507 ] ] ], [ [ [ -163.17, 69.578 ], [ -163.176, 69.482 ], [ -163.185, 69.61 ], [ -163.172, 69.658 ], [ -163.129, 69.682 ], [ -163.17, 69.578 ] ] ], [ [ [ -163.03, 69.833 ], [ -162.841, 69.935 ], [ -163.012, 69.832 ], [ -163.129, 69.702 ], [ -163.03, 69.833 ] ] ], [ [ [ -162.806, 69.948 ], [ -162.642, 70.066 ], [ -162.556, 70.09 ], [ -162.806, 69.948 ] ] ], [ [ [ -162.485, 70.173 ], [ -162.309, 70.241 ], [ -162.163, 70.27 ], [ -162.344, 70.22 ], [ -162.56, 70.106 ], [ -162.485, 70.173 ] ] ], [ [ [ -161.977, 70.312 ], [ -161.888, 70.354 ], [ -161.551, 70.326 ], [ -161.838, 70.343 ], [ -161.977, 70.312 ] ] ], [ [ [ -159.585, 54.824 ], [ -159.513, 54.779 ], [ -159.547, 54.754 ], [ -159.594, 54.767 ], [ -159.585, 54.824 ] ] ], [ [ [ -159.318, 54.885 ], [ -159.298, 54.92 ], [ -159.339, 54.935 ], [ -159.213, 54.931 ], [ -159.246, 54.89 ], [ -159.318, 54.885 ] ] ], [ [ [ -159.408, 54.982 ], [ -159.425, 55.03 ], [ -159.483, 55.017 ], [ -159.463, 55.064 ], [ -159.345, 55.051 ], [ -159.395, 55.025 ], [ -159.339, 54.976 ], [ -159.434, 54.942 ], [ -159.452, 54.966 ], [ -159.408, 54.982 ] ] ], [ [ [ -159.88, 55.105 ], [ -159.949, 55.129 ], [ -159.983, 55.099 ], [ -159.946, 55.07 ], [ -160.031, 55.071 ], [ -160.017, 55.045 ], [ -160.208, 54.874 ], [ -160.237, 54.889 ], [ -160.24, 54.927 ], [ -160.093, 55.051 ], [ -160.175, 55.058 ], [ -160.12, 55.071 ], [ -160.195, 55.122 ], [ -160.072, 55.099 ], [ -160.111, 55.161 ], [ -160.018, 55.105 ], [ -160.065, 55.201 ], [ -159.954, 55.176 ], [ -159.977, 55.208 ], [ -159.932, 55.219 ], [ -159.949, 55.252 ], [ -159.887, 55.297 ], [ -159.865, 55.251 ], [ -159.922, 55.222 ], [ -159.917, 55.157 ], [ -159.901, 55.14 ], [ -159.858, 55.19 ], [ -159.826, 55.181 ], [ -159.88, 55.105 ] ] ], [ [ [ -159.579, 55.092 ], [ -159.579, 55.051 ], [ -159.648, 55.043 ], [ -159.659, 55.065 ], [ -159.613, 55.092 ], [ -159.64, 55.134 ], [ -159.577, 55.112 ], [ -159.6, 55.133 ], [ -159.545, 55.15 ], [ -159.606, 55.168 ], [ -159.534, 55.251 ], [ -159.545, 55.198 ], [ -159.507, 55.171 ], [ -159.524, 55.071 ], [ -159.494, 55.048 ], [ -159.579, 55.092 ] ] ], [ [ [ -160.067, 55.345 ], [ -160.032, 55.314 ], [ -160.097, 55.315 ], [ -160.067, 55.345 ] ] ], [ [ [ -160.312, 55.397 ], [ -160.347, 55.417 ], [ -160.305, 55.458 ], [ -160.171, 55.454 ], [ -160.148, 55.386 ], [ -160.259, 55.422 ], [ -160.312, 55.397 ] ] ], [ [ [ -159.36, 55.798 ], [ -159.313, 55.811 ], [ -159.29, 55.768 ], [ -159.36, 55.798 ] ] ], [ [ [ -155.63, 55.763 ], [ -155.719, 55.775 ], [ -155.75, 55.818 ], [ -155.663, 55.856 ], [ -155.635, 55.906 ], [ -155.556, 55.915 ], [ -155.557, 55.8 ], [ -155.63, 55.763 ] ] ], [ [ [ -158.907, 55.825 ], [ -158.9, 55.874 ], [ -158.828, 55.897 ], [ -158.709, 55.831 ], [ -158.858, 55.863 ], [ -158.887, 55.831 ], [ -158.851, 55.821 ], [ -158.907, 55.825 ] ] ], [ [ [ -156.695, 56.009 ], [ -156.745, 56.041 ], [ -156.701, 56.066 ], [ -156.695, 56.009 ] ] ], [ [ [ -156.774, 56.224 ], [ -156.775, 56.153 ], [ -156.805, 56.165 ], [ -156.774, 56.224 ] ] ], [ [ [ -157.826, 56.362 ], [ -157.806, 56.329 ], [ -157.833, 56.314 ], [ -157.885, 56.334 ], [ -157.826, 56.362 ] ] ], [ [ [ -154.419, 56.558 ], [ -154.46, 56.545 ], [ -154.443, 56.581 ], [ -154.517, 56.59 ], [ -154.529, 56.552 ], [ -154.488, 56.517 ], [ -154.611, 56.483 ], [ -154.738, 56.398 ], [ -154.791, 56.431 ], [ -154.7, 56.53 ], [ -154.536, 56.598 ], [ -154.416, 56.587 ], [ -154.399, 56.558 ], [ -154.44, 56.539 ], [ -154.419, 56.558 ] ] ], [ [ [ -154.1, 56.502 ], [ -154.138, 56.51 ], [ -153.877, 56.565 ], [ -153.991, 56.507 ], [ -154.1, 56.502 ] ] ], [ [ [ -154.338, 56.564 ], [ -154.248, 56.606 ], [ -154.103, 56.613 ], [ -154.049, 56.558 ], [ -154.093, 56.579 ], [ -154.091, 56.547 ], [ -154.21, 56.504 ], [ -154.322, 56.515 ], [ -154.338, 56.564 ] ] ], [ [ [ -157.139, 56.552 ], [ -157.331, 56.524 ], [ -157.243, 56.586 ], [ -157.099, 56.594 ], [ -156.978, 56.537 ], [ -157.139, 56.552 ] ] ], [ [ [ -153.209, 57.079 ], [ -153.236, 57.01 ], [ -153.272, 56.999 ], [ -153.343, 57.004 ], [ -153.316, 57.073 ], [ -153.412, 57.079 ], [ -153.338, 57.102 ], [ -153.391, 57.106 ], [ -153.244, 57.211 ], [ -153.181, 57.175 ], [ -153.212, 57.134 ], [ -153.089, 57.181 ], [ -152.885, 57.15 ], [ -153.209, 57.079 ] ] ], [ [ [ -152.339, 57.433 ], [ -152.486, 57.429 ], [ -152.452, 57.464 ], [ -152.531, 57.442 ], [ -152.754, 57.511 ], [ -152.973, 57.518 ], [ -152.911, 57.49 ], [ -153.028, 57.476 ], [ -153.042, 57.429 ], [ -152.832, 57.476 ], [ -152.596, 57.374 ], [ -152.692, 57.283 ], [ -152.732, 57.307 ], [ -152.837, 57.271 ], [ -152.905, 57.319 ], [ -152.882, 57.352 ], [ -153.121, 57.316 ], [ -153.175, 57.351 ], [ -153.173, 57.305 ], [ -153.033, 57.305 ], [ -152.959, 57.257 ], [ -153.096, 57.218 ], [ -153.253, 57.237 ], [ -153.336, 57.188 ], [ -153.391, 57.209 ], [ -153.374, 57.178 ], [ -153.455, 57.117 ], [ -153.486, 57.176 ], [ -153.542, 57.176 ], [ -153.5, 57.168 ], [ -153.527, 57.127 ], [ -153.498, 57.074 ], [ -153.761, 57.052 ], [ -153.591, 57.048 ], [ -153.672, 57.01 ], [ -153.56, 56.987 ], [ -153.627, 56.936 ], [ -153.667, 56.938 ], [ -153.678, 56.977 ], [ -153.779, 56.877 ], [ -153.703, 56.887 ], [ -153.701, 56.864 ], [ -153.838, 56.844 ], [ -153.987, 56.744 ], [ -154.15, 56.751 ], [ -154.064, 56.847 ], [ -153.775, 56.997 ], [ -153.85, 56.969 ], [ -153.852, 57.024 ], [ -153.897, 56.966 ], [ -153.973, 56.963 ], [ -153.898, 57.073 ], [ -153.74, 57.134 ], [ -153.806, 57.154 ], [ -154.1, 56.965 ], [ -154.138, 57.004 ], [ -154.11, 57.038 ], [ -153.96, 57.12 ], [ -154.241, 57.155 ], [ -154.495, 57.114 ], [ -154.413, 57.05 ], [ -154.272, 57.117 ], [ -154.104, 57.114 ], [ -154.158, 56.969 ], [ -154.248, 56.942 ], [ -154.222, 56.925 ], [ -154.238, 56.9 ], [ -154.282, 56.887 ], [ -154.296, 56.915 ], [ -154.299, 56.867 ], [ -154.241, 56.88 ], [ -154.305, 56.856 ], [ -154.328, 56.93 ], [ -154.529, 56.992 ], [ -154.535, 57.175 ], [ -154.602, 57.259 ], [ -154.783, 57.273 ], [ -154.803, 57.291 ], [ -154.758, 57.316 ], [ -154.81, 57.347 ], [ -154.707, 57.34 ], [ -154.734, 57.36 ], [ -154.708, 57.396 ], [ -154.727, 57.429 ], [ -154.644, 57.467 ], [ -154.615, 57.527 ], [ -154.549, 57.545 ], [ -154.521, 57.518 ], [ -154.515, 57.579 ], [ -154.399, 57.566 ], [ -154.447, 57.586 ], [ -154.357, 57.648 ], [ -154.22, 57.676 ], [ -154.019, 57.647 ], [ -153.973, 57.572 ], [ -154.11, 57.545 ], [ -153.935, 57.535 ], [ -153.891, 57.408 ], [ -153.747, 57.303 ], [ -153.631, 57.271 ], [ -153.744, 57.319 ], [ -153.811, 57.412 ], [ -153.809, 57.518 ], [ -153.851, 57.577 ], [ -153.678, 57.545 ], [ -153.885, 57.648 ], [ -153.668, 57.642 ], [ -153.631, 57.6 ], [ -153.585, 57.617 ], [ -153.699, 57.682 ], [ -153.906, 57.711 ], [ -153.925, 57.81 ], [ -153.836, 57.874 ], [ -153.665, 57.895 ], [ -153.574, 57.84 ], [ -153.507, 57.627 ], [ -153.528, 57.723 ], [ -153.44, 57.699 ], [ -153.514, 57.744 ], [ -153.499, 57.761 ], [ -153.446, 57.777 ], [ -153.363, 57.71 ], [ -153.321, 57.731 ], [ -153.459, 57.803 ], [ -153.476, 57.839 ], [ -153.449, 57.847 ], [ -153.211, 57.786 ], [ -153.212, 57.73 ], [ -153.179, 57.71 ], [ -153.199, 57.857 ], [ -153.24, 57.902 ], [ -153.048, 57.833 ], [ -153.295, 57.986 ], [ -153.284, 58.01 ], [ -153.013, 57.929 ], [ -152.983, 57.951 ], [ -152.808, 57.908 ], [ -152.891, 57.874 ], [ -152.857, 57.88 ], [ -152.894, 57.86 ], [ -152.925, 57.768 ], [ -152.886, 57.729 ], [ -152.857, 57.74 ], [ -152.859, 57.814 ], [ -152.818, 57.86 ], [ -152.742, 57.827 ], [ -152.685, 57.888 ], [ -152.624, 57.861 ], [ -152.625, 57.933 ], [ -152.486, 57.911 ], [ -152.428, 57.868 ], [ -152.421, 57.822 ], [ -152.363, 57.847 ], [ -152.329, 57.826 ], [ -152.551, 57.703 ], [ -152.463, 57.723 ], [ -152.494, 57.655 ], [ -152.397, 57.689 ], [ -152.426, 57.614 ], [ -152.147, 57.623 ], [ -152.309, 57.509 ], [ -152.339, 57.433 ] ] ], [ [ [ -152.268, 57.375 ], [ -152.315, 57.363 ], [ -152.288, 57.397 ], [ -152.268, 57.375 ] ] ], [ [ [ -153.868, 57.543 ], [ -153.831, 57.526 ], [ -153.844, 57.436 ], [ -153.868, 57.543 ] ] ], [ [ [ -153.397, 57.864 ], [ -153.542, 57.936 ], [ -153.482, 57.978 ], [ -153.327, 57.927 ], [ -153.212, 57.813 ], [ -153.336, 57.839 ], [ -153.316, 57.847 ], [ -153.397, 57.864 ] ] ], [ [ [ -152.505, 57.926 ], [ -152.493, 57.962 ], [ -152.432, 57.969 ], [ -152.417, 57.93 ], [ -152.325, 57.916 ], [ -152.397, 57.896 ], [ -152.505, 57.926 ] ] ], [ [ [ -152.852, 57.944 ], [ -152.861, 57.955 ], [ -152.73, 57.982 ], [ -152.786, 57.926 ], [ -152.852, 57.944 ] ] ], [ [ [ -153.117, 58.1 ], [ -153.048, 58.037 ], [ -152.891, 57.998 ], [ -153.0, 57.984 ], [ -153.203, 58.03 ], [ -153.263, 58.085 ], [ -153.288, 58.086 ], [ -153.253, 58.052 ], [ -153.418, 58.066 ], [ -153.295, 58.146 ], [ -153.225, 58.112 ], [ -153.117, 58.1 ] ] ], [ [ [ -151.897, 58.193 ], [ -151.866, 58.258 ], [ -151.81, 58.263 ], [ -151.815, 58.196 ], [ -151.869, 58.174 ], [ -151.897, 58.193 ] ] ], [ [ [ -152.117, 58.148 ], [ -152.219, 58.203 ], [ -152.246, 58.268 ], [ -152.277, 58.264 ], [ -152.329, 58.217 ], [ -152.295, 58.197 ], [ -152.37, 58.203 ], [ -152.274, 58.135 ], [ -152.343, 58.107 ], [ -152.455, 58.137 ], [ -152.548, 58.086 ], [ -152.555, 58.21 ], [ -152.577, 58.207 ], [ -152.644, 58.072 ], [ -152.733, 58.053 ], [ -152.767, 58.08 ], [ -152.766, 58.023 ], [ -152.805, 57.992 ], [ -153.014, 58.045 ], [ -153.058, 58.079 ], [ -153.048, 58.107 ], [ -153.167, 58.111 ], [ -153.23, 58.169 ], [ -153.188, 58.22 ], [ -152.905, 58.168 ], [ -153.11, 58.271 ], [ -153.019, 58.307 ], [ -152.795, 58.287 ], [ -152.767, 58.258 ], [ -152.769, 58.332 ], [ -152.801, 58.354 ], [ -152.76, 58.36 ], [ -152.883, 58.409 ], [ -152.774, 58.418 ], [ -152.734, 58.454 ], [ -152.693, 58.432 ], [ -152.633, 58.485 ], [ -152.603, 58.456 ], [ -152.5, 58.463 ], [ -152.527, 58.415 ], [ -152.466, 58.401 ], [ -152.477, 58.361 ], [ -152.406, 58.363 ], [ -152.42, 58.323 ], [ -152.375, 58.345 ], [ -152.349, 58.421 ], [ -152.26, 58.415 ], [ -152.257, 58.372 ], [ -152.212, 58.354 ], [ -152.117, 58.401 ], [ -152.083, 58.374 ], [ -152.154, 58.262 ], [ -152.144, 58.234 ], [ -152.1, 58.312 ], [ -152.066, 58.306 ], [ -152.068, 58.278 ], [ -151.987, 58.348 ], [ -151.972, 58.237 ], [ -152.117, 58.148 ] ] ], [ [ [ -152.8, 58.317 ], [ -152.782, 58.289 ], [ -152.931, 58.329 ], [ -152.8, 58.317 ] ] ], [ [ [ -152.39, 58.637 ], [ -152.343, 58.6 ], [ -152.363, 58.552 ], [ -152.502, 58.473 ], [ -152.631, 58.508 ], [ -152.664, 58.546 ], [ -152.39, 58.637 ] ] ], [ [ [ -160.316, 58.683 ], [ -160.301, 58.729 ], [ -160.244, 58.663 ], [ -160.277, 58.637 ], [ -160.316, 58.683 ] ] ], [ [ [ -152.06, 58.944 ], [ -152.013, 58.945 ], [ -152.055, 58.914 ], [ -152.06, 58.944 ] ] ], [ [ [ -152.253, 58.957 ], [ -152.158, 58.952 ], [ -152.363, 58.916 ], [ -152.309, 58.97 ], [ -152.253, 58.957 ] ] ], [ [ [ -151.709, 59.131 ], [ -151.644, 59.116 ], [ -151.663, 59.098 ], [ -151.714, 59.106 ], [ -151.709, 59.131 ] ] ], [ [ [ -151.801, 59.139 ], [ -151.893, 59.144 ], [ -151.889, 59.157 ], [ -151.817, 59.171 ], [ -151.801, 59.139 ] ] ], [ [ [ -153.398, 59.409 ], [ -153.355, 59.365 ], [ -153.499, 59.325 ], [ -153.553, 59.343 ], [ -153.518, 59.389 ], [ -153.398, 59.409 ] ] ], [ [ [ -152.586, 60.172 ], [ -152.558, 60.108 ], [ -152.58, 60.107 ], [ -152.638, 60.167 ], [ -152.586, 60.172 ] ] ], [ [ [ -151.966, 60.376 ], [ -152.039, 60.35 ], [ -152.09, 60.359 ], [ -152.027, 60.368 ], [ -151.953, 60.508 ], [ -151.856, 60.485 ], [ -151.963, 60.426 ], [ -151.966, 60.376 ] ] ], [ [ [ -134.318, 55.834 ], [ -134.265, 55.874 ], [ -134.335, 55.895 ], [ -134.332, 55.923 ], [ -134.244, 55.921 ], [ -134.258, 55.9 ], [ -134.102, 55.921 ], [ -134.276, 55.829 ], [ -134.318, 55.834 ] ] ], [ [ [ -133.934, 55.913 ], [ -133.856, 55.942 ], [ -133.843, 55.866 ], [ -133.872, 55.847 ], [ -133.934, 55.913 ] ] ], [ [ [ -133.909, 56.435 ], [ -133.875, 56.411 ], [ -133.916, 56.373 ], [ -133.844, 56.349 ], [ -133.869, 56.285 ], [ -133.973, 56.361 ], [ -133.979, 56.279 ], [ -133.908, 56.276 ], [ -133.892, 56.23 ], [ -133.944, 56.212 ], [ -133.916, 56.159 ], [ -133.949, 56.092 ], [ -134.039, 56.113 ], [ -134.009, 56.185 ], [ -134.052, 56.319 ], [ -134.072, 56.249 ], [ -134.108, 56.243 ], [ -134.09, 56.193 ], [ -134.19, 56.178 ], [ -134.162, 56.14 ], [ -134.104, 56.14 ], [ -134.086, 56.092 ], [ -134.121, 56.065 ], [ -134.102, 56.011 ], [ -134.149, 56.012 ], [ -134.142, 56.044 ], [ -134.224, 56.079 ], [ -134.208, 56.099 ], [ -134.237, 56.118 ], [ -134.197, 56.162 ], [ -134.247, 56.178 ], [ -134.265, 56.26 ], [ -134.225, 56.258 ], [ -134.16, 56.312 ], [ -134.17, 56.332 ], [ -134.293, 56.298 ], [ -134.26, 56.316 ], [ -134.282, 56.363 ], [ -134.231, 56.37 ], [ -134.237, 56.414 ], [ -134.18, 56.413 ], [ -134.178, 56.441 ], [ -134.155, 56.366 ], [ -134.104, 56.408 ], [ -134.039, 56.373 ], [ -134.067, 56.478 ], [ -134.034, 56.486 ], [ -134.082, 56.552 ], [ -134.121, 56.497 ], [ -134.218, 56.557 ], [ -134.306, 56.558 ], [ -134.086, 56.647 ], [ -134.247, 56.62 ], [ -134.286, 56.647 ], [ -134.224, 56.662 ], [ -134.223, 56.694 ], [ -134.358, 56.677 ], [ -134.397, 56.73 ], [ -134.406, 56.853 ], [ -134.361, 56.864 ], [ -134.281, 56.793 ], [ -134.328, 56.889 ], [ -134.306, 56.898 ], [ -134.108, 56.846 ], [ -134.265, 56.942 ], [ -134.013, 56.885 ], [ -133.905, 56.761 ], [ -133.96, 56.671 ], [ -134.025, 56.654 ], [ -133.994, 56.639 ], [ -133.871, 56.715 ], [ -133.862, 56.81 ], [ -133.717, 56.771 ], [ -133.78, 56.686 ], [ -133.732, 56.663 ], [ -133.706, 56.604 ], [ -133.736, 56.567 ], [ -133.923, 56.617 ], [ -133.847, 56.565 ], [ -133.92, 56.505 ], [ -133.869, 56.487 ], [ -133.826, 56.442 ], [ -133.909, 56.435 ] ] ], [ [ [ -134.659, 56.588 ], [ -134.669, 56.538 ], [ -134.626, 56.486 ], [ -134.621, 56.411 ], [ -134.663, 56.257 ], [ -134.626, 56.261 ], [ -134.667, 56.17 ], [ -134.683, 56.229 ], [ -134.765, 56.222 ], [ -134.827, 56.326 ], [ -134.882, 56.33 ], [ -135.053, 56.538 ], [ -135.019, 56.586 ], [ -134.947, 56.587 ], [ -134.847, 56.689 ], [ -134.961, 56.627 ], [ -134.982, 56.661 ], [ -134.937, 56.716 ], [ -134.985, 56.715 ], [ -135.028, 56.631 ], [ -135.11, 56.602 ], [ -135.112, 56.679 ], [ -134.999, 56.762 ], [ -135.032, 56.775 ], [ -135.188, 56.677 ], [ -135.186, 56.741 ], [ -135.155, 56.746 ], [ -135.159, 56.8 ], [ -135.122, 56.832 ], [ -135.269, 56.789 ], [ -135.368, 56.829 ], [ -135.36, 56.888 ], [ -135.295, 56.892 ], [ -135.375, 56.942 ], [ -135.35, 56.97 ], [ -135.164, 57.014 ], [ -135.165, 57.042 ], [ -135.31, 57.047 ], [ -135.375, 57.093 ], [ -135.35, 57.149 ], [ -135.266, 57.161 ], [ -135.413, 57.158 ], [ -135.334, 57.25 ], [ -135.529, 57.237 ], [ -135.675, 57.359 ], [ -135.475, 57.354 ], [ -135.609, 57.388 ], [ -135.509, 57.46 ], [ -135.515, 57.516 ], [ -135.381, 57.554 ], [ -135.279, 57.511 ], [ -135.396, 57.443 ], [ -135.317, 57.478 ], [ -135.18, 57.481 ], [ -135.142, 57.469 ], [ -135.204, 57.429 ], [ -135.06, 57.423 ], [ -134.909, 57.34 ], [ -134.998, 57.347 ], [ -134.95, 57.326 ], [ -134.985, 57.298 ], [ -134.939, 57.3 ], [ -134.923, 57.259 ], [ -134.833, 57.247 ], [ -134.855, 57.216 ], [ -134.808, 57.181 ], [ -134.833, 57.141 ], [ -134.745, 57.052 ], [ -134.69, 56.85 ], [ -134.616, 56.728 ], [ -134.608, 56.596 ], [ -134.632, 56.556 ], [ -134.659, 56.588 ] ] ], [ [ [ -135.841, 56.99 ], [ -135.823, 57.08 ], [ -135.711, 57.168 ], [ -135.81, 57.173 ], [ -135.8, 57.237 ], [ -135.855, 57.223 ], [ -135.825, 57.284 ], [ -135.844, 57.325 ], [ -135.725, 57.329 ], [ -135.554, 57.23 ], [ -135.628, 57.237 ], [ -135.596, 57.155 ], [ -135.546, 57.141 ], [ -135.642, 57.008 ], [ -135.841, 56.99 ] ] ], [ [ [ -134.615, 57.01 ], [ -134.599, 57.07 ], [ -134.623, 57.111 ], [ -134.58, 57.155 ], [ -134.633, 57.224 ], [ -134.526, 57.216 ], [ -134.505, 57.237 ], [ -134.583, 57.269 ], [ -134.457, 57.312 ], [ -134.559, 57.353 ], [ -134.556, 57.398 ], [ -134.313, 57.332 ], [ -134.368, 57.374 ], [ -134.306, 57.394 ], [ -134.464, 57.394 ], [ -134.569, 57.492 ], [ -134.354, 57.545 ], [ -134.567, 57.511 ], [ -134.654, 57.598 ], [ -134.716, 57.746 ], [ -134.699, 57.812 ], [ -134.751, 57.99 ], [ -134.806, 58.055 ], [ -134.745, 58.113 ], [ -134.759, 58.148 ], [ -134.731, 58.179 ], [ -134.775, 58.171 ], [ -134.784, 58.111 ], [ -134.908, 58.201 ], [ -134.884, 58.255 ], [ -134.945, 58.279 ], [ -134.971, 58.386 ], [ -134.949, 58.409 ], [ -134.809, 58.331 ], [ -134.693, 58.168 ], [ -134.177, 58.164 ], [ -134.162, 58.127 ], [ -134.204, 58.127 ], [ -133.888, 57.798 ], [ -133.873, 57.674 ], [ -133.789, 57.589 ], [ -133.826, 57.586 ], [ -133.963, 57.692 ], [ -134.011, 57.807 ], [ -134.088, 57.846 ], [ -134.142, 57.957 ], [ -134.231, 58.031 ], [ -134.155, 57.99 ], [ -134.173, 58.014 ], [ -134.307, 58.098 ], [ -134.265, 58.025 ], [ -134.319, 58.031 ], [ -134.224, 57.97 ], [ -134.317, 57.997 ], [ -134.274, 57.906 ], [ -134.289, 57.837 ], [ -134.209, 57.84 ], [ -134.047, 57.683 ], [ -134.08, 57.662 ], [ -133.938, 57.619 ], [ -133.926, 57.544 ], [ -133.84, 57.463 ], [ -134.073, 57.511 ], [ -134.045, 57.476 ], [ -134.101, 57.476 ], [ -133.977, 57.449 ], [ -133.998, 57.415 ], [ -133.893, 57.435 ], [ -133.865, 57.355 ], [ -133.958, 57.304 ], [ -134.068, 57.357 ], [ -134.094, 57.326 ], [ -134.176, 57.388 ], [ -134.142, 57.305 ], [ -134.073, 57.278 ], [ -134.085, 57.256 ], [ -134.127, 57.265 ], [ -134.167, 57.192 ], [ -134.246, 57.183 ], [ -134.319, 57.12 ], [ -134.361, 57.134 ], [ -134.388, 57.106 ], [ -134.354, 57.086 ], [ -134.485, 57.031 ], [ -134.615, 57.01 ] ] ], [ [ [ -136.012, 57.518 ], [ -135.947, 57.516 ], [ -135.78, 57.435 ], [ -136.074, 57.607 ], [ -135.991, 57.593 ], [ -135.95, 57.621 ], [ -136.085, 57.649 ], [ -136.115, 57.622 ], [ -136.143, 57.645 ], [ -136.088, 57.689 ], [ -136.208, 57.748 ], [ -136.225, 57.785 ], [ -136.277, 57.775 ], [ -136.362, 57.84 ], [ -136.416, 57.826 ], [ -136.348, 57.929 ], [ -136.364, 57.976 ], [ -136.312, 57.996 ], [ -136.033, 57.847 ], [ -136.41, 58.08 ], [ -136.424, 58.122 ], [ -136.38, 58.14 ], [ -136.273, 58.107 ], [ -136.356, 58.22 ], [ -136.263, 58.217 ], [ -136.183, 58.121 ], [ -136.194, 58.084 ], [ -136.101, 58.059 ], [ -136.165, 58.102 ], [ -136.178, 58.189 ], [ -136.137, 58.223 ], [ -135.965, 58.164 ], [ -135.923, 58.232 ], [ -135.785, 58.276 ], [ -135.485, 58.162 ], [ -135.523, 58.102 ], [ -135.627, 58.041 ], [ -135.783, 58.042 ], [ -135.625, 58.013 ], [ -135.793, 57.984 ], [ -135.656, 57.949 ], [ -135.516, 58.059 ], [ -135.436, 58.08 ], [ -135.458, 58.127 ], [ -135.389, 58.141 ], [ -135.307, 58.121 ], [ -135.317, 58.101 ], [ -135.101, 58.097 ], [ -135.108, 58.072 ], [ -134.925, 58.027 ], [ -134.909, 57.936 ], [ -134.965, 57.886 ], [ -134.916, 57.847 ], [ -135.204, 57.943 ], [ -134.93, 57.813 ], [ -135.014, 57.786 ], [ -135.259, 57.796 ], [ -135.506, 57.891 ], [ -135.89, 57.99 ], [ -135.792, 57.934 ], [ -135.372, 57.805 ], [ -135.321, 57.758 ], [ -135.364, 57.726 ], [ -135.21, 57.706 ], [ -135.073, 57.752 ], [ -134.914, 57.756 ], [ -134.814, 57.497 ], [ -134.875, 57.49 ], [ -134.847, 57.469 ], [ -135.057, 57.467 ], [ -135.813, 57.764 ], [ -135.724, 57.725 ], [ -135.704, 57.676 ], [ -135.807, 57.641 ], [ -135.711, 57.648 ], [ -135.605, 57.607 ], [ -135.57, 57.572 ], [ -135.644, 57.571 ], [ -135.656, 57.552 ], [ -135.578, 57.555 ], [ -135.546, 57.466 ], [ -135.621, 57.449 ], [ -135.599, 57.419 ], [ -135.657, 57.416 ], [ -135.642, 57.388 ], [ -135.707, 57.367 ], [ -135.848, 57.394 ], [ -135.854, 57.425 ], [ -136.012, 57.518 ] ] ], [ [ [ -136.506, 57.902 ], [ -136.479, 57.936 ], [ -136.553, 57.925 ], [ -136.513, 58.004 ], [ -136.561, 58.018 ], [ -136.543, 58.066 ], [ -136.475, 58.098 ], [ -136.337, 58.007 ], [ -136.378, 57.99 ], [ -136.42, 57.866 ], [ -136.451, 57.847 ], [ -136.464, 57.895 ], [ -136.506, 57.902 ] ] ], [ [ [ -134.482, 58.333 ], [ -134.258, 58.196 ], [ -134.597, 58.237 ], [ -134.675, 58.292 ], [ -134.584, 58.341 ], [ -134.482, 58.333 ] ] ], [ [ [ -136.107, 58.303 ], [ -136.045, 58.319 ], [ -136.028, 58.295 ], [ -136.138, 58.265 ], [ -136.107, 58.303 ] ] ], [ [ [ -135.569, 58.373 ], [ -135.543, 58.335 ], [ -135.671, 58.331 ], [ -135.719, 58.346 ], [ -135.714, 58.37 ], [ -135.569, 58.373 ] ] ], [ [ [ -151.434, 59.135 ], [ -151.428, 59.117 ], [ -151.46, 59.109 ], [ -151.509, 59.129 ], [ -151.434, 59.135 ] ] ], [ [ [ -150.78, 59.334 ], [ -150.682, 59.405 ], [ -150.609, 59.381 ], [ -150.7, 59.314 ], [ -150.78, 59.334 ] ] ], [ [ [ -146.322, 59.426 ], [ -146.359, 59.41 ], [ -146.359, 59.422 ], [ -146.313, 59.456 ], [ -146.322, 59.426 ] ] ], [ [ [ -150.379, 59.431 ], [ -150.443, 59.402 ], [ -150.411, 59.446 ], [ -150.295, 59.465 ], [ -150.325, 59.427 ], [ -150.379, 59.431 ] ] ], [ [ [ -144.404, 59.927 ], [ -144.605, 59.813 ], [ -144.442, 59.937 ], [ -144.209, 60.012 ], [ -144.404, 59.927 ] ] ], [ [ [ -148.182, 59.964 ], [ -148.223, 59.991 ], [ -148.145, 59.972 ], [ -147.99, 60.039 ], [ -148.142, 59.947 ], [ -148.245, 59.944 ], [ -148.182, 59.964 ] ] ], [ [ [ -147.877, 60.076 ], [ -147.82, 60.069 ], [ -147.895, 59.99 ], [ -148.036, 59.953 ], [ -147.877, 60.076 ] ] ], [ [ [ -148.11, 60.056 ], [ -147.966, 60.157 ], [ -147.953, 60.122 ], [ -147.881, 60.107 ], [ -148.044, 60.07 ], [ -148.059, 60.053 ], [ -148.032, 60.053 ], [ -148.125, 60.004 ], [ -148.11, 60.056 ] ] ], [ [ [ -147.328, 60.07 ], [ -147.377, 60.016 ], [ -147.367, 59.973 ], [ -147.487, 59.944 ], [ -147.454, 59.896 ], [ -147.492, 59.862 ], [ -147.644, 59.863 ], [ -147.669, 59.819 ], [ -147.915, 59.793 ], [ -147.886, 59.858 ], [ -147.737, 59.903 ], [ -147.805, 59.92 ], [ -147.669, 59.971 ], [ -147.703, 59.998 ], [ -147.425, 60.111 ], [ -147.296, 60.232 ], [ -147.201, 60.242 ], [ -147.19, 60.362 ], [ -147.116, 60.382 ], [ -147.087, 60.376 ], [ -147.12, 60.348 ], [ -147.011, 60.348 ], [ -147.107, 60.286 ], [ -147.081, 60.28 ], [ -146.922, 60.313 ], [ -146.971, 60.259 ], [ -147.328, 60.07 ] ] ], [ [ [ -148.3, 60.06 ], [ -148.19, 60.088 ], [ -148.271, 60.103 ], [ -148.141, 60.148 ], [ -148.114, 60.129 ], [ -148.041, 60.187 ], [ -148.099, 60.083 ], [ -148.169, 60.038 ], [ -148.314, 60.032 ], [ -148.19, 60.047 ], [ -148.3, 60.06 ] ] ], [ [ [ -147.494, 60.263 ], [ -147.343, 60.299 ], [ -147.37, 60.263 ], [ -147.492, 60.229 ], [ -147.494, 60.263 ] ] ], [ [ [ -148.135, 60.3 ], [ -148.127, 60.335 ], [ -148.076, 60.369 ], [ -147.977, 60.376 ], [ -148.018, 60.3 ], [ -148.135, 60.3 ] ] ], [ [ [ -147.71, 60.453 ], [ -147.708, 60.507 ], [ -147.683, 60.471 ], [ -147.635, 60.482 ], [ -147.614, 60.437 ], [ -147.737, 60.396 ], [ -147.625, 60.39 ], [ -147.739, 60.26 ], [ -147.711, 60.251 ], [ -147.741, 60.194 ], [ -147.799, 60.17 ], [ -147.84, 60.194 ], [ -147.792, 60.238 ], [ -147.909, 60.238 ], [ -147.868, 60.273 ], [ -147.909, 60.293 ], [ -147.78, 60.315 ], [ -147.758, 60.341 ], [ -147.875, 60.333 ], [ -147.806, 60.348 ], [ -147.861, 60.377 ], [ -147.771, 60.41 ], [ -147.84, 60.396 ], [ -147.771, 60.485 ], [ -147.777, 60.442 ], [ -147.71, 60.453 ] ] ], [ [ [ -145.212, 60.313 ], [ -145.284, 60.341 ], [ -145.095, 60.416 ], [ -145.12, 60.324 ], [ -145.212, 60.313 ] ] ], [ [ [ -146.224, 60.351 ], [ -146.493, 60.304 ], [ -146.6, 60.245 ], [ -146.682, 60.286 ], [ -146.49, 60.361 ], [ -146.599, 60.375 ], [ -146.656, 60.341 ], [ -146.723, 60.386 ], [ -146.588, 60.484 ], [ -146.353, 60.471 ], [ -146.367, 60.41 ], [ -146.151, 60.439 ], [ -146.12, 60.427 ], [ -146.189, 60.402 ], [ -146.094, 60.41 ], [ -146.079, 60.402 ], [ -146.224, 60.351 ] ] ], [ [ [ -146.097, 60.48 ], [ -146.333, 60.465 ], [ -146.286, 60.517 ], [ -146.12, 60.519 ], [ -145.949, 60.567 ], [ -145.97, 60.588 ], [ -145.757, 60.629 ], [ -145.764, 60.587 ], [ -146.097, 60.48 ] ] ], [ [ [ -147.374, 60.665 ], [ -147.313, 60.684 ], [ -147.34, 60.646 ], [ -147.477, 60.636 ], [ -147.45, 60.663 ], [ -147.498, 60.657 ], [ -147.448, 60.681 ], [ -147.477, 60.69 ], [ -147.429, 60.711 ], [ -147.374, 60.665 ] ] ], [ [ [ -148.099, 60.697 ], [ -148.14, 60.649 ], [ -148.23, 60.73 ], [ -148.197, 60.745 ], [ -148.217, 60.759 ], [ -148.141, 60.759 ], [ -148.099, 60.697 ] ] ], [ [ [ -147.936, 60.663 ], [ -148.012, 60.725 ], [ -147.95, 60.711 ], [ -147.969, 60.747 ], [ -147.929, 60.718 ], [ -147.91, 60.745 ], [ -147.847, 60.694 ], [ -147.936, 60.663 ] ] ], [ [ [ -146.797, 60.806 ], [ -146.82, 60.842 ], [ -146.762, 60.879 ], [ -146.713, 60.853 ], [ -146.797, 60.806 ] ] ], [ [ [ -148.07, 60.904 ], [ -148.108, 60.923 ], [ -148.032, 60.93 ], [ -147.941, 60.886 ], [ -147.915, 60.813 ], [ -148.127, 60.801 ], [ -148.111, 60.878 ], [ -148.07, 60.904 ] ] ], [ [ [ -147.189, 60.878 ], [ -147.319, 60.88 ], [ -147.227, 60.907 ], [ -147.119, 60.906 ], [ -147.153, 60.874 ], [ -147.078, 60.893 ], [ -147.183, 60.858 ], [ -147.189, 60.878 ] ] ], [ [ [ -150.224, 61.17 ], [ -150.178, 61.161 ], [ -150.276, 61.127 ], [ -150.224, 61.17 ] ] ], [ [ [ -140.995, 60.304 ], [ -140.534, 60.219 ], [ -140.424, 60.293 ], [ -140.016, 60.187 ], [ -139.68, 60.327 ], [ -139.079, 60.341 ], [ -139.073, 60.3 ], [ -139.182, 60.073 ], [ -139.004, 59.977 ], [ -138.705, 59.898 ], [ -138.599, 59.754 ], [ -137.611, 59.239 ], [ -137.484, 58.992 ], [ -137.509, 58.915 ], [ -137.487, 58.9 ], [ -137.059, 59.064 ], [ -136.904, 58.932 ], [ -137.013, 58.923 ], [ -137.13, 58.826 ], [ -136.995, 58.893 ], [ -136.842, 58.883 ], [ -136.8, 58.84 ], [ -136.739, 58.874 ], [ -136.588, 58.848 ], [ -136.485, 58.8 ], [ -136.54, 58.772 ], [ -136.65, 58.82 ], [ -136.574, 58.779 ], [ -136.616, 58.772 ], [ -136.523, 58.748 ], [ -136.516, 58.702 ], [ -136.438, 58.669 ], [ -136.492, 58.749 ], [ -136.343, 58.692 ], [ -136.526, 58.614 ], [ -136.475, 58.593 ], [ -136.401, 58.626 ], [ -136.328, 58.6 ], [ -136.352, 58.638 ], [ -136.302, 58.629 ], [ -136.293, 58.669 ], [ -136.183, 58.614 ], [ -136.211, 58.6 ], [ -136.178, 58.573 ], [ -136.128, 58.571 ], [ -136.163, 58.526 ], [ -136.211, 58.525 ], [ -136.083, 58.516 ], [ -136.027, 58.388 ], [ -136.076, 58.346 ], [ -136.273, 58.313 ], [ -136.272, 58.36 ], [ -136.328, 58.409 ], [ -136.343, 58.376 ], [ -136.506, 58.443 ], [ -136.5, 58.385 ], [ -136.561, 58.374 ], [ -136.48, 58.347 ], [ -136.473, 58.385 ], [ -136.41, 58.379 ], [ -136.366, 58.352 ], [ -136.371, 58.3 ], [ -136.621, 58.354 ], [ -136.657, 58.34 ], [ -136.561, 58.258 ], [ -136.598, 58.223 ], [ -136.665, 58.22 ], [ -136.711, 58.269 ], [ -136.677, 58.306 ], [ -136.849, 58.327 ], [ -136.827, 58.347 ], [ -136.861, 58.382 ], [ -136.89, 58.35 ], [ -136.947, 58.401 ], [ -137.112, 58.395 ], [ -137.631, 58.606 ], [ -137.438, 58.656 ], [ -137.479, 58.683 ], [ -137.671, 58.633 ], [ -137.705, 58.686 ], [ -137.926, 58.796 ], [ -137.924, 58.847 ], [ -137.984, 58.92 ], [ -138.288, 59.081 ], [ -138.61, 59.128 ], [ -138.507, 59.125 ], [ -138.449, 59.192 ], [ -138.654, 59.164 ], [ -138.63, 59.142 ], [ -138.982, 59.275 ], [ -139.206, 59.32 ], [ -139.117, 59.313 ], [ -139.234, 59.348 ], [ -139.24, 59.381 ], [ -139.304, 59.351 ], [ -139.446, 59.388 ], [ -139.508, 59.416 ], [ -139.389, 59.382 ], [ -139.323, 59.395 ], [ -139.463, 59.412 ], [ -139.857, 59.546 ], [ -139.734, 59.552 ], [ -139.679, 59.595 ], [ -139.645, 59.573 ], [ -139.48, 59.704 ], [ -139.562, 59.772 ], [ -139.621, 59.89 ], [ -139.473, 59.994 ], [ -139.305, 59.865 ], [ -139.342, 59.72 ], [ -139.267, 59.621 ], [ -139.343, 59.601 ], [ -139.29, 59.576 ], [ -139.226, 59.621 ], [ -139.292, 59.743 ], [ -139.263, 59.786 ], [ -139.28, 59.834 ], [ -139.036, 59.847 ], [ -138.945, 59.807 ], [ -138.897, 59.813 ], [ -139.028, 59.862 ], [ -139.239, 59.878 ], [ -139.521, 60.051 ], [ -139.58, 60.007 ], [ -139.585, 59.955 ], [ -139.706, 59.922 ], [ -139.849, 59.819 ], [ -140.323, 59.701 ], [ -140.763, 59.728 ], [ -141.454, 59.882 ], [ -141.458, 59.917 ], [ -141.412, 59.93 ], [ -141.454, 59.903 ], [ -141.413, 59.9 ], [ -141.267, 59.956 ], [ -141.268, 60.029 ], [ -141.31, 60.066 ], [ -141.282, 60.066 ], [ -141.38, 60.114 ], [ -141.378, 60.142 ], [ -141.478, 60.111 ], [ -141.393, 60.022 ], [ -141.673, 59.961 ], [ -141.969, 60.028 ], [ -142.798, 60.112 ], [ -143.61, 60.049 ], [ -143.919, 59.997 ], [ -144.25, 60.032 ], [ -144.003, 60.04 ], [ -144.253, 60.155 ], [ -144.196, 60.206 ], [ -144.449, 60.176 ], [ -144.491, 60.216 ], [ -144.571, 60.191 ], [ -144.688, 60.225 ], [ -144.64, 60.217 ], [ -144.77, 60.303 ], [ -144.942, 60.307 ], [ -144.887, 60.355 ], [ -144.912, 60.387 ], [ -144.838, 60.402 ], [ -144.861, 60.419 ], [ -144.791, 60.465 ], [ -144.798, 60.499 ], [ -144.853, 60.47 ], [ -144.887, 60.485 ], [ -144.832, 60.526 ], [ -144.761, 60.673 ], [ -144.661, 60.66 ], [ -144.618, 60.68 ], [ -144.623, 60.717 ], [ -144.756, 60.684 ], [ -144.893, 60.567 ], [ -145.02, 60.526 ], [ -145.114, 60.429 ], [ -145.27, 60.357 ], [ -145.403, 60.366 ], [ -145.573, 60.451 ], [ -145.939, 60.456 ], [ -145.772, 60.542 ], [ -145.629, 60.679 ], [ -145.845, 60.621 ], [ -145.88, 60.629 ], [ -145.805, 60.663 ], [ -145.88, 60.663 ], [ -145.839, 60.698 ], [ -146.004, 60.636 ], [ -145.914, 60.704 ], [ -145.939, 60.708 ], [ -146.198, 60.637 ], [ -146.263, 60.654 ], [ -146.026, 60.745 ], [ -146.043, 60.801 ], [ -146.141, 60.745 ], [ -146.209, 60.761 ], [ -146.264, 60.725 ], [ -146.312, 60.745 ], [ -146.284, 60.78 ], [ -146.482, 60.687 ], [ -146.644, 60.698 ], [ -146.696, 60.745 ], [ -146.627, 60.731 ], [ -146.607, 60.767 ], [ -146.507, 60.744 ], [ -146.492, 60.761 ], [ -146.538, 60.773 ], [ -146.195, 60.821 ], [ -146.226, 60.85 ], [ -146.093, 60.841 ], [ -146.223, 60.893 ], [ -146.358, 60.822 ], [ -146.402, 60.821 ], [ -146.387, 60.848 ], [ -146.511, 60.819 ], [ -146.567, 60.854 ], [ -146.628, 60.827 ], [ -146.611, 60.877 ], [ -146.703, 60.889 ], [ -146.753, 60.955 ], [ -146.586, 60.945 ], [ -146.7, 60.977 ], [ -146.662, 61.04 ], [ -146.57, 61.031 ], [ -146.648, 61.074 ], [ -146.236, 61.094 ], [ -146.278, 61.123 ], [ -146.609, 61.131 ], [ -146.977, 60.946 ], [ -147.032, 60.958 ], [ -146.984, 61.006 ], [ -147.059, 60.978 ], [ -147.047, 61.01 ], [ -147.101, 61.015 ], [ -147.165, 60.951 ], [ -147.199, 60.962 ], [ -147.205, 61.015 ], [ -147.288, 61.007 ], [ -147.257, 60.938 ], [ -147.365, 60.891 ], [ -147.383, 60.914 ], [ -147.45, 60.903 ], [ -147.381, 60.986 ], [ -147.45, 60.958 ], [ -147.423, 61.012 ], [ -147.469, 61.0 ], [ -147.542, 60.913 ], [ -147.532, 61.054 ], [ -147.484, 61.074 ], [ -147.527, 61.125 ], [ -147.511, 61.15 ], [ -147.561, 61.156 ], [ -147.582, 61.059 ], [ -147.665, 61.015 ], [ -147.607, 61.003 ], [ -147.634, 60.975 ], [ -147.604, 60.961 ], [ -147.599, 60.869 ], [ -147.682, 60.865 ], [ -147.666, 60.9 ], [ -147.73, 60.889 ], [ -147.703, 60.951 ], [ -147.786, 60.93 ], [ -147.77, 60.911 ], [ -147.813, 60.876 ], [ -147.755, 60.841 ], [ -147.87, 60.838 ], [ -147.938, 60.909 ], [ -148.05, 60.95 ], [ -147.957, 61.012 ], [ -147.918, 61.094 ], [ -147.702, 61.213 ], [ -147.765, 61.218 ], [ -147.73, 61.28 ], [ -148.049, 61.027 ], [ -148.086, 61.031 ], [ -148.146, 61.118 ], [ -148.409, 61.06 ], [ -148.361, 61.047 ], [ -148.45, 60.992 ], [ -148.228, 61.071 ], [ -148.149, 61.06 ], [ -148.252, 60.955 ], [ -148.333, 60.971 ], [ -148.281, 60.921 ], [ -148.307, 60.853 ], [ -148.396, 60.862 ], [ -148.333, 60.819 ], [ -148.523, 60.84 ], [ -148.704, 60.793 ], [ -148.45, 60.8 ], [ -148.611, 60.763 ], [ -148.704, 60.684 ], [ -148.667, 60.675 ], [ -148.53, 60.757 ], [ -148.375, 60.78 ], [ -148.361, 60.745 ], [ -148.402, 60.725 ], [ -148.43, 60.629 ], [ -148.231, 60.773 ], [ -148.255, 60.719 ], [ -148.197, 60.629 ], [ -148.337, 60.541 ], [ -148.488, 60.582 ], [ -148.69, 60.457 ], [ -148.47, 60.546 ], [ -148.342, 60.507 ], [ -148.348, 60.481 ], [ -148.277, 60.495 ], [ -148.264, 60.451 ], [ -148.238, 60.457 ], [ -148.234, 60.522 ], [ -148.185, 60.558 ], [ -148.19, 60.506 ], [ -148.166, 60.502 ], [ -148.141, 60.58 ], [ -148.084, 60.605 ], [ -148.046, 60.574 ], [ -148.067, 60.539 ], [ -148.012, 60.548 ], [ -147.96, 60.513 ], [ -147.985, 60.462 ], [ -147.936, 60.461 ], [ -148.037, 60.404 ], [ -148.182, 60.416 ], [ -148.142, 60.355 ], [ -148.255, 60.379 ], [ -148.26, 60.349 ], [ -148.217, 60.348 ], [ -148.241, 60.298 ], [ -148.33, 60.259 ], [ -148.391, 60.277 ], [ -148.371, 60.228 ], [ -148.443, 60.184 ], [ -148.226, 60.26 ], [ -148.19, 60.245 ], [ -148.265, 60.232 ], [ -148.19, 60.211 ], [ -148.21, 60.156 ], [ -148.141, 60.232 ], [ -148.1, 60.221 ], [ -148.189, 60.135 ], [ -148.279, 60.127 ], [ -148.286, 60.163 ], [ -148.333, 60.17 ], [ -148.388, 60.058 ], [ -148.443, 60.032 ], [ -148.402, 60.016 ], [ -148.435, 59.959 ], [ -148.546, 60.032 ], [ -148.548, 59.97 ], [ -148.646, 59.923 ], [ -148.665, 59.956 ], [ -148.875, 59.937 ], [ -148.951, 59.978 ], [ -149.107, 59.969 ], [ -149.121, 59.991 ], [ -149.039, 60.053 ], [ -149.103, 60.058 ], [ -149.2, 60.008 ], [ -149.231, 59.916 ], [ -149.286, 59.875 ], [ -149.327, 59.998 ], [ -149.293, 60.012 ], [ -149.341, 60.022 ], [ -149.363, 60.111 ], [ -149.409, 60.124 ], [ -149.444, 60.063 ], [ -149.389, 59.998 ], [ -149.444, 59.978 ], [ -149.458, 59.937 ], [ -149.564, 59.909 ], [ -149.628, 59.828 ], [ -149.54, 59.787 ], [ -149.527, 59.718 ], [ -149.636, 59.745 ], [ -149.595, 59.772 ], [ -149.672, 59.817 ], [ -149.65, 59.912 ], [ -149.725, 59.964 ], [ -149.766, 59.84 ], [ -149.868, 59.848 ], [ -149.769, 59.787 ], [ -149.746, 59.667 ], [ -149.92, 59.779 ], [ -150.032, 59.799 ], [ -150.041, 59.776 ], [ -149.916, 59.718 ], [ -150.013, 59.628 ], [ -150.119, 59.7 ], [ -150.088, 59.595 ], [ -150.198, 59.587 ], [ -150.177, 59.532 ], [ -150.237, 59.534 ], [ -150.245, 59.498 ], [ -150.348, 59.47 ], [ -150.383, 59.498 ], [ -150.335, 59.518 ], [ -150.355, 59.546 ], [ -150.303, 59.57 ], [ -150.224, 59.715 ], [ -150.279, 59.692 ], [ -150.479, 59.467 ], [ -150.553, 59.536 ], [ -150.493, 59.601 ], [ -150.657, 59.552 ], [ -150.581, 59.498 ], [ -150.636, 59.463 ], [ -150.609, 59.439 ], [ -150.729, 59.422 ], [ -150.755, 59.382 ], [ -150.918, 59.327 ], [ -150.892, 59.258 ], [ -150.966, 59.234 ], [ -150.959, 59.204 ], [ -151.043, 59.297 ], [ -151.243, 59.318 ], [ -151.273, 59.313 ], [ -151.097, 59.233 ], [ -151.162, 59.208 ], [ -151.41, 59.26 ], [ -151.52, 59.224 ], [ -151.473, 59.217 ], [ -151.489, 59.2 ], [ -151.614, 59.197 ], [ -151.568, 59.176 ], [ -151.742, 59.167 ], [ -151.763, 59.224 ], [ -151.868, 59.214 ], [ -151.911, 59.238 ], [ -151.897, 59.258 ], [ -151.977, 59.279 ], [ -151.986, 59.313 ], [ -151.925, 59.354 ], [ -151.815, 59.354 ], [ -151.894, 59.413 ], [ -151.689, 59.48 ], [ -151.468, 59.478 ], [ -151.382, 59.445 ], [ -151.451, 59.508 ], [ -151.441, 59.532 ], [ -151.174, 59.6 ], [ -151.201, 59.641 ], [ -150.993, 59.779 ], [ -151.109, 59.787 ], [ -151.473, 59.636 ], [ -151.411, 59.608 ], [ -151.781, 59.692 ], [ -151.872, 59.749 ], [ -151.883, 59.787 ], [ -151.725, 60.025 ], [ -151.43, 60.216 ], [ -151.39, 60.359 ], [ -151.306, 60.387 ], [ -151.283, 60.537 ], [ -151.412, 60.702 ], [ -151.397, 60.738 ], [ -151.071, 60.785 ], [ -150.763, 60.927 ], [ -150.387, 61.047 ], [ -150.225, 60.937 ], [ -150.044, 60.917 ], [ -149.753, 60.974 ], [ -149.026, 60.855 ], [ -149.169, 60.947 ], [ -149.358, 60.934 ], [ -149.783, 61.045 ], [ -150.067, 61.156 ], [ -150.016, 61.206 ], [ -149.896, 61.232 ], [ -149.811, 61.331 ], [ -149.683, 61.399 ], [ -149.246, 61.499 ], [ -149.428, 61.513 ], [ -149.757, 61.453 ], [ -149.897, 61.371 ], [ -149.939, 61.271 ], [ -149.984, 61.246 ], [ -150.314, 61.282 ], [ -150.335, 61.251 ], [ -150.5, 61.262 ], [ -150.561, 61.324 ], [ -150.54, 61.369 ], [ -150.601, 61.332 ], [ -150.585, 61.295 ], [ -150.657, 61.314 ], [ -150.731, 61.254 ], [ -151.04, 61.177 ], [ -151.177, 61.054 ], [ -151.567, 60.995 ], [ -151.747, 60.917 ], [ -151.808, 60.848 ], [ -151.711, 60.726 ], [ -151.87, 60.759 ], [ -151.862, 60.739 ], [ -152.051, 60.673 ], [ -152.109, 60.608 ], [ -152.33, 60.492 ], [ -152.336, 60.437 ], [ -152.246, 60.396 ], [ -152.596, 60.228 ], [ -152.806, 60.235 ], [ -152.85, 60.245 ], [ -152.788, 60.259 ], [ -152.84, 60.268 ], [ -152.891, 60.251 ], [ -152.906, 60.309 ], [ -152.939, 60.313 ], [ -153.083, 60.3 ], [ -153.104, 60.277 ], [ -152.957, 60.294 ], [ -152.923, 60.237 ], [ -152.683, 60.163 ], [ -152.579, 60.07 ], [ -152.738, 59.908 ], [ -153.243, 59.862 ], [ -153.288, 59.82 ], [ -153.0, 59.813 ], [ -153.055, 59.71 ], [ -153.166, 59.664 ], [ -153.261, 59.649 ], [ -153.307, 59.682 ], [ -153.317, 59.639 ], [ -153.425, 59.649 ], [ -153.359, 59.721 ], [ -153.322, 59.718 ], [ -153.453, 59.793 ], [ -153.445, 59.717 ], [ -153.491, 59.65 ], [ -153.559, 59.636 ], [ -153.623, 59.695 ], [ -153.624, 59.656 ], [ -153.706, 59.632 ], [ -153.566, 59.609 ], [ -153.586, 59.567 ], [ -153.877, 59.546 ], [ -153.741, 59.498 ], [ -153.725, 59.466 ], [ -153.751, 59.44 ], [ -154.145, 59.381 ], [ -154.066, 59.348 ], [ -153.953, 59.361 ], [ -154.128, 59.294 ], [ -154.15, 59.235 ], [ -154.131, 59.208 ], [ -154.261, 59.148 ], [ -154.177, 59.13 ], [ -154.2, 59.056 ], [ -154.165, 59.026 ], [ -154.022, 59.084 ], [ -153.712, 59.071 ], [ -153.561, 58.991 ], [ -153.427, 58.981 ], [ -153.295, 58.888 ], [ -153.363, 58.874 ], [ -153.264, 58.857 ], [ -153.363, 58.847 ], [ -153.425, 58.744 ], [ -153.576, 58.691 ], [ -153.609, 58.644 ], [ -153.899, 58.617 ], [ -153.931, 58.536 ], [ -153.973, 58.532 ], [ -153.926, 58.518 ], [ -153.942, 58.503 ], [ -154.11, 58.477 ], [ -154.069, 58.41 ], [ -154.0, 58.386 ], [ -154.19, 58.361 ], [ -154.364, 58.285 ], [ -154.353, 58.255 ], [ -154.171, 58.322 ], [ -154.121, 58.28 ], [ -154.248, 58.258 ], [ -154.165, 58.239 ], [ -154.188, 58.198 ], [ -154.302, 58.196 ], [ -154.236, 58.155 ], [ -154.247, 58.126 ], [ -154.337, 58.162 ], [ -154.353, 58.082 ], [ -154.494, 58.203 ], [ -154.47, 58.09 ], [ -154.611, 58.121 ], [ -154.546, 58.071 ], [ -154.583, 58.025 ], [ -154.645, 58.035 ], [ -154.67, 58.072 ], [ -154.779, 58.005 ], [ -155.023, 58.026 ], [ -155.063, 57.962 ], [ -155.125, 57.957 ], [ -155.069, 57.897 ], [ -155.255, 57.88 ], [ -155.227, 57.842 ], [ -155.337, 57.833 ], [ -155.31, 57.798 ], [ -155.358, 57.798 ], [ -155.312, 57.775 ], [ -155.31, 57.74 ], [ -155.394, 57.726 ], [ -155.605, 57.792 ], [ -155.639, 57.726 ], [ -155.591, 57.676 ], [ -155.771, 57.645 ], [ -155.734, 57.627 ], [ -155.742, 57.552 ], [ -155.806, 57.548 ], [ -155.832, 57.58 ], [ -155.924, 57.531 ], [ -156.02, 57.577 ], [ -156.015, 57.532 ], [ -156.105, 57.532 ], [ -156.043, 57.507 ], [ -156.022, 57.456 ], [ -156.061, 57.43 ], [ -156.215, 57.476 ], [ -156.239, 57.437 ], [ -156.545, 57.323 ], [ -156.555, 57.282 ], [ -156.392, 57.315 ], [ -156.344, 57.312 ], [ -156.34, 57.285 ], [ -156.357, 57.252 ], [ -156.447, 57.23 ], [ -156.351, 57.188 ], [ -156.376, 57.143 ], [ -156.488, 57.114 ], [ -156.454, 57.086 ], [ -156.495, 57.1 ], [ -156.523, 57.046 ], [ -156.625, 57.079 ], [ -156.645, 57.059 ], [ -156.55, 56.983 ], [ -156.785, 57.049 ], [ -156.763, 56.992 ], [ -156.809, 56.907 ], [ -156.961, 56.977 ], [ -156.941, 56.915 ], [ -157.04, 56.887 ], [ -157.092, 56.826 ], [ -157.191, 56.85 ], [ -157.148, 56.815 ], [ -157.189, 56.776 ], [ -157.42, 56.867 ], [ -157.468, 56.829 ], [ -157.406, 56.764 ], [ -157.509, 56.764 ], [ -157.606, 56.722 ], [ -157.486, 56.675 ], [ -157.455, 56.643 ], [ -157.483, 56.62 ], [ -157.665, 56.611 ], [ -157.773, 56.684 ], [ -158.105, 56.572 ], [ -158.133, 56.53 ], [ -157.869, 56.569 ], [ -157.837, 56.517 ], [ -157.877, 56.478 ], [ -158.126, 56.517 ], [ -158.168, 56.497 ], [ -158.132, 56.496 ], [ -158.138, 56.466 ], [ -158.339, 56.475 ], [ -158.431, 56.438 ], [ -158.524, 56.366 ], [ -158.51, 56.345 ], [ -158.61, 56.314 ], [ -158.646, 56.271 ], [ -158.537, 56.25 ], [ -158.56, 56.299 ], [ -158.473, 56.343 ], [ -158.407, 56.319 ], [ -158.414, 56.298 ], [ -158.345, 56.326 ], [ -158.208, 56.284 ], [ -158.272, 56.247 ], [ -158.401, 56.236 ], [ -158.414, 56.202 ], [ -158.369, 56.217 ], [ -158.318, 56.175 ], [ -158.147, 56.246 ], [ -158.119, 56.236 ], [ -158.36, 56.127 ], [ -158.41, 56.181 ], [ -158.414, 56.133 ], [ -158.442, 56.133 ], [ -158.408, 56.078 ], [ -158.503, 56.102 ], [ -158.47, 56.072 ], [ -158.485, 56.043 ], [ -158.434, 56.043 ], [ -158.428, 56.007 ], [ -158.496, 56.038 ], [ -158.513, 55.996 ], [ -158.571, 56.031 ], [ -158.51, 56.058 ], [ -158.605, 56.052 ], [ -158.579, 56.072 ], [ -158.602, 56.101 ], [ -158.479, 56.191 ], [ -158.64, 56.202 ], [ -158.565, 56.168 ], [ -158.668, 56.113 ], [ -158.668, 56.146 ], [ -158.702, 56.147 ], [ -158.666, 56.062 ], [ -158.732, 56.045 ], [ -158.647, 56.017 ], [ -158.683, 55.958 ], [ -158.764, 55.962 ], [ -158.729, 55.976 ], [ -158.757, 56.008 ], [ -158.801, 55.99 ], [ -158.859, 56.013 ], [ -158.928, 55.921 ], [ -159.006, 55.932 ], [ -159.028, 55.893 ], [ -159.099, 55.928 ], [ -159.319, 55.859 ], [ -159.356, 55.879 ], [ -159.401, 55.859 ], [ -159.422, 55.79 ], [ -159.476, 55.831 ], [ -159.47, 55.9 ], [ -159.545, 55.89 ], [ -159.504, 55.767 ], [ -159.627, 55.578 ], [ -159.721, 55.567 ], [ -159.743, 55.572 ], [ -159.695, 55.606 ], [ -159.757, 55.599 ], [ -159.617, 55.635 ], [ -159.71, 55.668 ], [ -159.633, 55.701 ], [ -159.682, 55.743 ], [ -159.625, 55.813 ], [ -159.846, 55.851 ], [ -159.857, 55.79 ], [ -159.977, 55.818 ], [ -159.973, 55.777 ], [ -160.038, 55.797 ], [ -160.059, 55.77 ], [ -160.034, 55.726 ], [ -160.1, 55.719 ], [ -160.065, 55.701 ], [ -160.155, 55.737 ], [ -160.134, 55.674 ], [ -160.164, 55.657 ], [ -160.442, 55.647 ], [ -160.366, 55.606 ], [ -160.456, 55.578 ], [ -160.495, 55.486 ], [ -160.549, 55.489 ], [ -160.613, 55.606 ], [ -160.657, 55.552 ], [ -160.768, 55.545 ], [ -160.675, 55.522 ], [ -160.683, 55.465 ], [ -160.799, 55.448 ], [ -160.849, 55.473 ], [ -160.841, 55.519 ], [ -160.925, 55.519 ], [ -161.025, 55.427 ], [ -161.279, 55.355 ], [ -161.339, 55.383 ], [ -161.479, 55.361 ], [ -161.518, 55.383 ], [ -161.479, 55.485 ], [ -161.389, 55.572 ], [ -161.145, 55.535 ], [ -161.408, 55.636 ], [ -161.621, 55.613 ], [ -161.716, 55.513 ], [ -161.716, 55.393 ], [ -161.902, 55.218 ], [ -162.046, 55.236 ], [ -162.032, 55.174 ], [ -161.957, 55.126 ], [ -162.001, 55.093 ], [ -162.128, 55.103 ], [ -162.101, 55.168 ], [ -162.231, 55.113 ], [ -162.202, 55.04 ], [ -162.275, 55.02 ], [ -162.32, 55.071 ], [ -162.363, 55.037 ], [ -162.449, 55.04 ], [ -162.512, 55.079 ], [ -162.517, 55.115 ], [ -162.361, 55.105 ], [ -162.48, 55.176 ], [ -162.557, 55.267 ], [ -162.601, 55.27 ], [ -162.567, 55.292 ], [ -162.645, 55.3 ], [ -162.718, 55.218 ], [ -162.614, 55.166 ], [ -162.6, 55.137 ], [ -162.632, 55.137 ], [ -162.643, 55.071 ], [ -162.615, 55.079 ], [ -162.56, 54.961 ], [ -162.645, 54.998 ], [ -162.663, 55.017 ], [ -162.619, 55.016 ], [ -162.649, 55.053 ], [ -162.753, 54.945 ], [ -162.878, 54.939 ], [ -162.974, 55.01 ], [ -162.92, 55.02 ], [ -163.041, 55.099 ], [ -163.163, 55.099 ], [ -163.108, 55.126 ], [ -163.183, 55.139 ], [ -163.191, 55.092 ], [ -163.238, 55.105 ], [ -163.204, 55.079 ], [ -163.206, 55.019 ], [ -163.067, 54.973 ], [ -163.05, 54.942 ], [ -163.341, 54.811 ], [ -163.39, 54.859 ], [ -163.28, 54.914 ], [ -163.348, 54.941 ], [ -163.246, 54.97 ], [ -163.282, 54.99 ], [ -163.335, 55.12 ], [ -163.025, 55.246 ], [ -162.991, 55.242 ], [ -163.077, 55.181 ], [ -162.962, 55.169 ], [ -162.834, 55.229 ], [ -162.896, 55.267 ], [ -162.737, 55.311 ], [ -162.642, 55.38 ], [ -162.588, 55.346 ], [ -162.497, 55.374 ], [ -162.529, 55.448 ], [ -162.621, 55.407 ], [ -162.227, 55.698 ], [ -161.8, 55.89 ], [ -161.155, 56.017 ], [ -161.368, 55.956 ], [ -161.053, 55.941 ], [ -160.874, 55.993 ], [ -160.86, 55.935 ], [ -160.979, 55.937 ], [ -161.023, 55.891 ], [ -160.929, 55.88 ], [ -160.946, 55.825 ], [ -160.799, 55.715 ], [ -160.768, 55.759 ], [ -160.69, 55.698 ], [ -160.666, 55.744 ], [ -160.757, 55.786 ], [ -160.792, 55.887 ], [ -160.512, 55.87 ], [ -160.46, 55.796 ], [ -160.401, 55.811 ], [ -160.244, 55.777 ], [ -160.319, 55.825 ], [ -160.251, 55.852 ], [ -160.566, 55.928 ], [ -160.539, 55.985 ], [ -160.58, 55.99 ], [ -160.463, 56.113 ], [ -160.456, 56.172 ], [ -160.369, 56.277 ], [ -160.189, 56.387 ], [ -159.746, 56.579 ], [ -159.209, 56.695 ], [ -159.263, 56.709 ], [ -158.889, 56.89 ], [ -158.866, 56.894 ], [ -159.025, 56.817 ], [ -159.025, 56.797 ], [ -158.976, 56.785 ], [ -158.945, 56.843 ], [ -158.849, 56.789 ], [ -158.64, 56.764 ], [ -158.689, 56.885 ], [ -158.682, 57.022 ], [ -158.312, 57.315 ], [ -158.183, 57.362 ], [ -158.058, 57.367 ], [ -158.099, 57.381 ], [ -157.961, 57.484 ], [ -157.758, 57.564 ], [ -157.681, 57.572 ], [ -157.657, 57.484 ], [ -157.516, 57.463 ], [ -157.414, 57.49 ], [ -157.395, 57.513 ], [ -157.427, 57.532 ], [ -157.392, 57.566 ], [ -157.455, 57.552 ], [ -157.414, 57.497 ], [ -157.595, 57.493 ], [ -157.602, 57.624 ], [ -157.672, 57.618 ], [ -157.71, 57.653 ], [ -157.606, 58.105 ], [ -157.544, 58.176 ], [ -157.452, 58.169 ], [ -157.384, 58.207 ], [ -157.139, 58.168 ], [ -157.348, 58.239 ], [ -157.483, 58.23 ], [ -157.545, 58.274 ], [ -157.562, 58.364 ], [ -157.436, 58.522 ], [ -157.115, 58.7 ], [ -156.941, 58.738 ], [ -157.062, 58.726 ], [ -157.078, 58.757 ], [ -157.002, 58.84 ], [ -157.026, 58.863 ], [ -156.976, 58.954 ], [ -156.86, 58.994 ], [ -156.843, 59.103 ], [ -156.783, 59.155 ], [ -156.865, 59.111 ], [ -156.89, 59.013 ], [ -157.016, 58.974 ], [ -157.084, 58.887 ], [ -158.203, 58.613 ], [ -158.316, 58.647 ], [ -158.38, 58.757 ], [ -158.558, 58.806 ], [ -158.499, 58.949 ], [ -158.421, 58.977 ], [ -158.498, 58.994 ], [ -158.383, 59.039 ], [ -158.173, 59.013 ], [ -158.079, 58.957 ], [ -158.03, 58.879 ], [ -157.995, 58.908 ], [ -158.041, 58.911 ], [ -158.052, 58.971 ], [ -158.14, 59.036 ], [ -158.442, 59.087 ], [ -158.544, 59.176 ], [ -158.462, 59.053 ], [ -158.521, 59.037 ], [ -158.609, 58.933 ], [ -158.729, 58.874 ], [ -158.753, 58.89 ], [ -158.729, 58.929 ], [ -158.79, 58.963 ], [ -158.746, 58.995 ], [ -158.825, 58.977 ], [ -158.77, 58.911 ], [ -158.788, 58.77 ], [ -158.828, 58.736 ], [ -158.891, 58.743 ], [ -158.804, 58.795 ], [ -158.827, 58.819 ], [ -158.915, 58.775 ], [ -158.77, 58.518 ], [ -158.709, 58.492 ], [ -158.83, 58.405 ], [ -158.882, 58.4 ], [ -159.051, 58.425 ], [ -159.072, 58.443 ], [ -159.031, 58.456 ], [ -159.151, 58.519 ], [ -159.385, 58.756 ], [ -159.483, 58.816 ], [ -159.551, 58.847 ], [ -159.661, 58.839 ], [ -159.587, 58.907 ], [ -159.617, 58.931 ], [ -159.738, 58.928 ], [ -159.753, 58.841 ], [ -159.799, 58.85 ], [ -159.795, 58.8 ], [ -159.906, 58.765 ], [ -159.997, 58.874 ], [ -160.153, 58.861 ], [ -160.152, 58.916 ], [ -160.246, 58.887 ], [ -160.257, 58.946 ], [ -160.329, 58.941 ], [ -160.255, 58.99 ], [ -160.352, 59.071 ], [ -160.768, 58.896 ], [ -160.834, 58.813 ], [ -160.829, 58.853 ], [ -160.889, 58.884 ], [ -161.18, 58.783 ], [ -161.306, 58.813 ], [ -161.311, 58.789 ], [ -161.263, 58.777 ], [ -161.376, 58.687 ], [ -161.301, 58.682 ], [ -161.708, 58.561 ], [ -161.765, 58.559 ], [ -161.71, 58.614 ], [ -161.765, 58.645 ], [ -161.763, 58.591 ], [ -161.798, 58.623 ], [ -162.176, 58.645 ], [ -162.046, 58.683 ], [ -161.891, 58.654 ], [ -161.843, 58.692 ], [ -161.865, 58.716 ], [ -161.677, 58.774 ], [ -161.656, 58.806 ], [ -161.685, 58.819 ], [ -161.775, 58.771 ], [ -161.759, 58.826 ], [ -161.795, 58.975 ], [ -161.856, 59.034 ], [ -161.725, 59.035 ], [ -161.569, 59.115 ], [ -161.638, 59.142 ], [ -161.841, 59.121 ], [ -161.888, 59.094 ], [ -161.847, 59.067 ], [ -161.974, 59.131 ], [ -162.043, 59.248 ], [ -162.052, 59.27 ], [ -162.039, 59.289 ], [ -161.998, 59.313 ], [ -162.044, 59.266 ], [ -162.009, 59.238 ], [ -161.983, 59.254 ], [ -161.947, 59.388 ], [ -161.714, 59.501 ], [ -162.082, 59.878 ], [ -162.109, 59.965 ], [ -162.21, 60.025 ], [ -162.24, 60.09 ], [ -162.204, 60.153 ], [ -162.251, 60.201 ], [ -162.162, 60.216 ], [ -162.149, 60.245 ], [ -162.249, 60.215 ], [ -162.29, 60.242 ], [ -162.3, 60.18 ], [ -162.229, 60.146 ], [ -162.317, 60.113 ], [ -162.375, 60.176 ], [ -162.342, 60.219 ], [ -162.459, 60.295 ], [ -162.39, 60.329 ], [ -162.303, 60.471 ], [ -162.228, 60.509 ], [ -162.224, 60.588 ], [ -162.061, 60.651 ], [ -161.967, 60.646 ], [ -161.943, 60.67 ], [ -161.963, 60.677 ], [ -161.882, 60.704 ], [ -162.072, 60.665 ], [ -162.115, 60.713 ], [ -162.183, 60.731 ], [ -162.122, 60.694 ], [ -162.123, 60.659 ], [ -162.276, 60.613 ], [ -162.382, 60.437 ], [ -162.441, 60.423 ], [ -162.416, 60.382 ], [ -162.465, 60.372 ], [ -162.464, 60.396 ], [ -162.608, 60.334 ], [ -162.567, 60.313 ], [ -162.601, 60.307 ], [ -162.554, 60.286 ], [ -162.56, 60.261 ], [ -162.703, 60.266 ], [ -162.45, 60.191 ], [ -162.498, 60.118 ], [ -162.477, 60.053 ], [ -162.526, 59.998 ], [ -162.752, 60.005 ], [ -162.753, 59.968 ], [ -162.808, 59.943 ], [ -163.088, 59.859 ], [ -163.316, 59.83 ], [ -163.877, 59.8 ], [ -164.098, 59.834 ], [ -164.187, 59.892 ], [ -164.212, 59.955 ], [ -164.095, 59.978 ], [ -164.136, 59.991 ], [ -164.115, 60.005 ], [ -164.413, 60.092 ], [ -164.488, 60.151 ], [ -164.485, 60.184 ], [ -164.644, 60.248 ], [ -164.677, 60.303 ], [ -164.649, 60.334 ], [ -164.753, 60.287 ], [ -164.989, 60.341 ], [ -165.143, 60.451 ], [ -165.024, 60.469 ], [ -164.974, 60.52 ], [ -164.986, 60.547 ], [ -165.222, 60.499 ], [ -165.37, 60.512 ], [ -165.431, 60.553 ], [ -164.999, 60.711 ], [ -165.031, 60.787 ], [ -164.875, 60.849 ], [ -164.942, 60.89 ], [ -164.937, 60.936 ], [ -164.835, 60.868 ], [ -164.64, 60.913 ], [ -164.698, 60.855 ], [ -164.669, 60.826 ], [ -164.271, 60.788 ], [ -164.218, 60.69 ], [ -164.32, 60.662 ], [ -164.444, 60.567 ], [ -164.42, 60.554 ], [ -164.259, 60.653 ], [ -164.135, 60.664 ], [ -164.084, 60.735 ], [ -163.956, 60.78 ], [ -163.816, 60.755 ], [ -163.832, 60.684 ], [ -163.807, 60.67 ], [ -163.836, 60.64 ], [ -163.811, 60.594 ], [ -163.686, 60.59 ], [ -163.464, 60.677 ], [ -163.429, 60.717 ], [ -163.472, 60.752 ], [ -163.409, 60.752 ], [ -163.544, 60.81 ], [ -163.93, 60.855 ], [ -163.809, 60.893 ], [ -163.698, 60.868 ], [ -163.578, 60.884 ], [ -163.564, 60.913 ], [ -163.756, 60.945 ], [ -163.67, 60.992 ], [ -163.704, 61.0 ], [ -163.8, 60.978 ], [ -164.007, 60.862 ], [ -164.564, 60.855 ], [ -164.628, 60.932 ], [ -164.798, 60.903 ], [ -164.879, 60.957 ], [ -165.037, 60.917 ], [ -165.171, 60.942 ], [ -165.198, 60.978 ], [ -165.118, 61.013 ], [ -164.951, 61.02 ], [ -164.94, 61.084 ], [ -164.766, 61.109 ], [ -164.999, 61.115 ], [ -165.004, 61.069 ], [ -165.059, 61.063 ], [ -165.191, 61.136 ], [ -165.13, 61.157 ], [ -165.061, 61.218 ], [ -165.143, 61.259 ], [ -165.082, 61.218 ], [ -165.136, 61.201 ], [ -165.157, 61.156 ], [ -165.211, 61.15 ], [ -165.363, 61.213 ], [ -165.213, 61.265 ], [ -165.208, 61.327 ], [ -165.26, 61.334 ], [ -165.158, 61.366 ], [ -165.159, 61.419 ], [ -165.076, 61.419 ], [ -164.968, 61.49 ], [ -164.842, 61.499 ], [ -164.748, 61.555 ], [ -164.753, 61.589 ], [ -164.691, 61.601 ], [ -164.724, 61.626 ], [ -164.766, 61.629 ], [ -164.746, 61.609 ], [ -164.878, 61.526 ], [ -165.086, 61.476 ], [ -165.079, 61.437 ], [ -165.205, 61.41 ], [ -165.191, 61.383 ], [ -165.294, 61.334 ], [ -165.229, 61.317 ], [ -165.226, 61.273 ], [ -165.39, 61.225 ], [ -165.4, 61.196 ], [ -165.346, 61.157 ], [ -165.377, 61.129 ], [ -165.374, 61.072 ], [ -165.605, 61.124 ], [ -165.644, 61.222 ], [ -165.61, 61.287 ], [ -165.877, 61.337 ], [ -165.918, 61.415 ], [ -165.78, 61.458 ], [ -165.777, 61.516 ], [ -165.924, 61.562 ], [ -166.086, 61.532 ], [ -166.054, 61.506 ], [ -166.106, 61.499 ], [ -166.2, 61.595 ], [ -166.144, 61.726 ], [ -166.154, 61.657 ], [ -166.116, 61.636 ], [ -165.766, 61.691 ], [ -166.003, 61.735 ], [ -166.103, 61.821 ], [ -165.588, 61.862 ], [ -165.689, 61.91 ], [ -165.75, 61.984 ], [ -165.76, 62.026 ], [ -165.706, 62.117 ], [ -165.133, 62.516 ], [ -164.868, 62.538 ], [ -164.848, 62.478 ], [ -164.609, 62.437 ], [ -164.734, 62.379 ], [ -164.582, 62.426 ], [ -164.587, 62.455 ], [ -164.677, 62.474 ], [ -164.63, 62.513 ], [ -164.705, 62.479 ], [ -164.842, 62.493 ], [ -164.794, 62.534 ], [ -164.858, 62.564 ], [ -164.705, 62.612 ], [ -164.479, 62.746 ], [ -164.813, 62.62 ], [ -164.89, 62.787 ], [ -164.766, 62.801 ], [ -164.883, 62.842 ], [ -164.691, 63.027 ], [ -164.314, 63.014 ], [ -164.377, 63.071 ], [ -164.523, 63.088 ], [ -164.595, 63.13 ], [ -164.424, 63.209 ], [ -164.145, 63.262 ], [ -163.995, 63.256 ], [ -163.729, 63.217 ], [ -163.647, 63.159 ], [ -163.664, 63.117 ], [ -163.542, 63.129 ], [ -163.792, 63.022 ], [ -163.807, 62.986 ], [ -163.529, 63.117 ], [ -163.351, 63.031 ], [ -163.094, 63.057 ], [ -162.881, 63.141 ], [ -162.806, 63.22 ], [ -162.597, 63.277 ], [ -162.28, 63.489 ], [ -162.309, 63.547 ], [ -162.018, 63.486 ], [ -162.169, 63.431 ], [ -161.441, 63.46 ], [ -161.186, 63.506 ], [ -161.057, 63.574 ], [ -160.827, 63.714 ], [ -160.767, 63.824 ], [ -160.929, 64.048 ], [ -160.973, 64.25 ], [ -161.203, 64.364 ], [ -161.176, 64.384 ], [ -161.258, 64.405 ], [ -161.189, 64.418 ], [ -161.458, 64.432 ], [ -161.539, 64.398 ], [ -161.468, 64.51 ], [ -161.414, 64.538 ], [ -161.035, 64.508 ], [ -161.004, 64.528 ], [ -161.086, 64.553 ], [ -160.958, 64.559 ], [ -160.834, 64.617 ], [ -160.792, 64.726 ], [ -160.901, 64.823 ], [ -161.155, 64.925 ], [ -161.086, 64.913 ], [ -160.991, 64.939 ], [ -161.02, 64.947 ], [ -161.211, 64.933 ], [ -161.207, 64.91 ], [ -161.308, 64.872 ], [ -161.395, 64.787 ], [ -161.546, 64.751 ], [ -161.734, 64.821 ], [ -161.806, 64.823 ], [ -161.716, 64.795 ], [ -161.95, 64.726 ], [ -161.8, 64.761 ], [ -161.895, 64.712 ], [ -162.122, 64.713 ], [ -162.066, 64.699 ], [ -162.177, 64.688 ], [ -162.27, 64.619 ], [ -162.511, 64.559 ], [ -162.607, 64.507 ], [ -162.643, 64.394 ], [ -162.781, 64.344 ], [ -162.875, 64.46 ], [ -162.827, 64.501 ], [ -163.053, 64.556 ], [ -163.025, 64.57 ], [ -163.148, 64.627 ], [ -163.149, 64.658 ], [ -163.39, 64.597 ], [ -163.143, 64.515 ], [ -163.04, 64.521 ], [ -163.166, 64.411 ], [ -163.3, 64.493 ], [ -163.679, 64.586 ], [ -164.389, 64.57 ], [ -164.266, 64.576 ], [ -164.342, 64.59 ], [ -164.746, 64.493 ], [ -164.657, 64.521 ], [ -164.886, 64.492 ], [ -164.938, 64.535 ], [ -164.965, 64.507 ], [ -164.896, 64.473 ], [ -164.924, 64.46 ], [ -164.766, 64.48 ], [ -164.837, 64.455 ], [ -165.036, 64.448 ], [ -166.19, 64.585 ], [ -166.37, 64.638 ], [ -166.483, 64.73 ], [ -166.48, 64.802 ], [ -166.386, 64.827 ], [ -166.41, 64.855 ], [ -166.39, 64.899 ], [ -166.685, 64.982 ], [ -166.711, 65.044 ], [ -166.879, 65.103 ], [ -166.962, 65.154 ], [ -166.957, 65.178 ], [ -166.88, 65.282 ], [ -166.853, 65.278 ], [ -166.932, 65.169 ], [ -166.713, 65.113 ], [ -166.534, 65.137 ], [ -166.469, 65.189 ], [ -166.489, 65.234 ], [ -166.371, 65.273 ], [ -166.031, 65.243 ], [ -166.14, 65.286 ], [ -166.503, 65.336 ], [ -166.938, 65.385 ], [ -166.65, 65.327 ], [ -167.399, 65.401 ], [ -168.052, 65.58 ], [ -168.137, 65.665 ], [ -167.882, 65.755 ], [ -168.028, 65.697 ], [ -168.063, 65.651 ], [ -167.895, 65.67 ], [ -167.823, 65.72 ], [ -167.531, 65.726 ], [ -167.497, 65.765 ], [ -167.559, 65.779 ], [ -167.561, 65.809 ], [ -167.453, 65.81 ], [ -167.521, 65.83 ], [ -167.346, 65.899 ], [ -167.288, 65.905 ], [ -167.183, 65.858 ], [ -167.06, 65.878 ], [ -166.877, 65.947 ], [ -166.973, 65.974 ], [ -166.836, 66.015 ], [ -166.877, 65.988 ], [ -166.795, 65.988 ], [ -166.815, 66.008 ], [ -166.725, 66.061 ], [ -166.311, 66.175 ], [ -166.138, 66.167 ], [ -166.089, 66.152 ], [ -166.164, 66.152 ], [ -166.094, 66.125 ], [ -165.755, 66.105 ], [ -165.5, 66.152 ], [ -165.89, 66.241 ], [ -165.766, 66.324 ], [ -165.488, 66.402 ], [ -165.105, 66.445 ], [ -165.033, 66.399 ], [ -164.945, 66.467 ], [ -164.731, 66.533 ], [ -164.718, 66.556 ], [ -164.274, 66.602 ], [ -163.736, 66.603 ], [ -163.629, 66.57 ], [ -163.93, 66.586 ], [ -163.807, 66.57 ], [ -163.762, 66.526 ], [ -163.766, 66.485 ], [ -163.896, 66.399 ], [ -163.896, 66.337 ], [ -163.855, 66.289 ], [ -163.965, 66.233 ], [ -164.191, 66.193 ], [ -163.986, 66.207 ], [ -163.977, 66.184 ], [ -163.917, 66.211 ], [ -163.807, 66.107 ], [ -163.68, 66.079 ], [ -163.354, 66.098 ], [ -163.122, 66.07 ], [ -162.759, 66.111 ], [ -162.683, 66.07 ], [ -162.677, 66.007 ], [ -162.655, 66.039 ], [ -162.468, 66.071 ], [ -162.388, 66.036 ], [ -162.179, 66.076 ], [ -161.916, 66.042 ], [ -161.977, 66.015 ], [ -161.908, 66.022 ], [ -161.922, 65.988 ], [ -161.858, 65.977 ], [ -161.793, 65.988 ], [ -161.847, 66.008 ], [ -161.727, 66.087 ], [ -161.785, 66.083 ], [ -161.666, 66.154 ], [ -161.58, 66.255 ], [ -161.506, 66.279 ], [ -161.36, 66.275 ], [ -161.299, 66.227 ], [ -161.086, 66.241 ], [ -161.114, 66.207 ], [ -161.107, 66.139 ], [ -161.183, 66.131 ], [ -161.163, 66.119 ], [ -161.077, 66.131 ], [ -161.018, 66.193 ], [ -160.997, 66.241 ], [ -161.136, 66.343 ], [ -161.511, 66.408 ], [ -161.875, 66.378 ], [ -161.919, 66.344 ], [ -161.867, 66.296 ], [ -161.896, 66.27 ], [ -161.957, 66.35 ], [ -161.876, 66.44 ], [ -161.888, 66.524 ], [ -162.21, 66.707 ], [ -162.505, 66.75 ], [ -162.625, 66.861 ], [ -162.639, 66.9 ], [ -162.52, 66.921 ], [ -162.485, 66.96 ], [ -162.417, 66.923 ], [ -162.307, 66.953 ], [ -162.121, 66.806 ], [ -162.017, 66.781 ], [ -162.083, 66.687 ], [ -162.066, 66.653 ], [ -161.871, 66.532 ], [ -161.634, 66.458 ], [ -161.434, 66.468 ], [ -161.204, 66.539 ], [ -160.765, 66.37 ], [ -160.229, 66.412 ], [ -160.219, 66.532 ], [ -160.325, 66.605 ], [ -160.318, 66.634 ], [ -160.244, 66.646 ], [ -160.275, 66.655 ], [ -160.354, 66.645 ], [ -160.366, 66.618 ], [ -160.485, 66.634 ], [ -160.552, 66.591 ], [ -160.881, 66.672 ], [ -161.136, 66.652 ], [ -161.237, 66.598 ], [ -161.272, 66.543 ], [ -161.495, 66.537 ], [ -161.563, 66.566 ], [ -161.546, 66.598 ], [ -161.65, 66.613 ], [ -161.902, 66.735 ], [ -161.867, 66.758 ], [ -161.881, 66.815 ], [ -161.8, 66.854 ], [ -161.806, 66.9 ], [ -161.734, 66.923 ], [ -161.731, 66.954 ], [ -161.499, 66.971 ], [ -161.525, 66.991 ], [ -161.835, 67.055 ], [ -162.248, 67.015 ], [ -162.288, 67.071 ], [ -162.313, 67.03 ], [ -162.293, 67.009 ], [ -162.457, 66.995 ], [ -162.338, 67.145 ], [ -162.36, 67.167 ], [ -162.436, 67.16 ], [ -162.375, 67.139 ], [ -162.58, 67.015 ], [ -162.733, 67.049 ], [ -162.952, 67.044 ], [ -162.848, 67.009 ], [ -162.874, 67.005 ], [ -163.725, 67.111 ], [ -163.766, 67.14 ], [ -163.824, 67.355 ], [ -163.962, 67.499 ], [ -164.151, 67.62 ], [ -165.437, 68.06 ], [ -165.928, 68.137 ], [ -166.103, 68.24 ], [ -166.297, 68.3 ], [ -166.829, 68.351 ], [ -166.507, 68.423 ], [ -166.445, 68.42 ], [ -166.747, 68.363 ], [ -166.548, 68.359 ], [ -166.455, 68.399 ], [ -166.377, 68.386 ], [ -166.425, 68.413 ], [ -166.315, 68.406 ], [ -166.37, 68.441 ], [ -166.231, 68.58 ], [ -166.194, 68.78 ], [ -166.223, 68.886 ], [ -165.665, 68.862 ], [ -164.346, 68.929 ], [ -163.965, 69.003 ], [ -163.623, 69.119 ], [ -163.286, 69.311 ], [ -163.177, 69.427 ], [ -163.156, 69.421 ], [ -163.272, 69.298 ], [ -163.126, 69.39 ], [ -163.115, 69.496 ], [ -163.083, 69.501 ], [ -163.065, 69.556 ], [ -163.149, 69.606 ], [ -163.025, 69.626 ], [ -163.066, 69.674 ], [ -162.938, 69.711 ], [ -163.019, 69.746 ], [ -162.538, 69.957 ], [ -162.477, 70.024 ], [ -162.491, 70.051 ], [ -162.361, 70.058 ], [ -162.375, 70.086 ], [ -162.321, 70.127 ], [ -161.906, 70.321 ], [ -161.703, 70.264 ], [ -161.902, 70.257 ], [ -161.759, 70.23 ], [ -161.859, 70.212 ], [ -161.841, 70.195 ], [ -161.866, 70.179 ], [ -161.703, 70.195 ], [ -161.738, 70.202 ], [ -161.632, 70.256 ], [ -161.342, 70.259 ], [ -161.025, 70.318 ], [ -160.95, 70.29 ], [ -160.984, 70.325 ], [ -160.172, 70.605 ], [ -160.127, 70.579 ], [ -159.947, 70.597 ], [ -159.924, 70.581 ], [ -159.949, 70.545 ], [ -159.922, 70.545 ], [ -159.944, 70.522 ], [ -160.202, 70.477 ], [ -159.922, 70.49 ], [ -160.134, 70.325 ], [ -159.948, 70.37 ], [ -159.908, 70.284 ], [ -159.771, 70.195 ], [ -159.887, 70.387 ], [ -159.826, 70.497 ], [ -159.71, 70.47 ], [ -159.291, 70.538 ], [ -159.716, 70.497 ], [ -159.948, 70.636 ], [ -160.12, 70.606 ], [ -160.127, 70.626 ], [ -159.812, 70.716 ], [ -159.846, 70.716 ], [ -159.668, 70.805 ], [ -159.161, 70.887 ], [ -159.373, 70.846 ], [ -159.174, 70.854 ], [ -159.141, 70.825 ], [ -159.449, 70.777 ], [ -159.321, 70.769 ], [ -159.325, 70.744 ], [ -159.222, 70.689 ], [ -159.279, 70.765 ], [ -158.99, 70.777 ], [ -159.085, 70.805 ], [ -159.06, 70.817 ], [ -158.715, 70.791 ], [ -158.338, 70.818 ], [ -158.524, 70.853 ], [ -158.043, 70.837 ], [ -157.865, 70.866 ], [ -157.231, 71.071 ], [ -156.817, 71.306 ], [ -156.472, 71.413 ], [ -156.372, 71.38 ], [ -156.488, 71.394 ], [ -156.604, 71.354 ], [ -156.534, 71.3 ], [ -156.434, 71.292 ], [ -156.443, 71.268 ], [ -156.237, 71.269 ], [ -156.043, 71.216 ], [ -156.111, 71.175 ], [ -155.945, 71.22 ], [ -155.916, 71.196 ], [ -155.625, 71.184 ], [ -155.573, 71.15 ], [ -155.567, 71.082 ], [ -155.745, 71.004 ], [ -156.105, 70.969 ], [ -156.008, 70.942 ], [ -156.187, 70.922 ], [ -155.981, 70.894 ], [ -155.94, 70.853 ], [ -155.987, 70.825 ], [ -155.978, 70.76 ], [ -155.909, 70.771 ], [ -155.926, 70.812 ], [ -155.891, 70.837 ], [ -155.659, 70.824 ], [ -155.646, 70.868 ], [ -155.577, 70.846 ], [ -155.535, 70.877 ], [ -155.518, 70.952 ], [ -155.309, 71.029 ], [ -155.192, 70.995 ], [ -155.197, 71.041 ], [ -155.289, 71.086 ], [ -155.186, 71.127 ], [ -155.097, 71.086 ], [ -155.125, 71.141 ], [ -155.09, 71.155 ], [ -155.043, 71.131 ], [ -155.039, 71.056 ], [ -155.097, 71.017 ], [ -155.039, 71.017 ], [ -155.013, 71.113 ], [ -154.972, 71.12 ], [ -154.808, 71.096 ], [ -154.6, 71.013 ], [ -154.668, 70.921 ], [ -154.81, 70.881 ], [ -154.7, 70.886 ], [ -154.59, 70.825 ], [ -154.309, 70.831 ], [ -154.23, 70.778 ], [ -154.131, 70.791 ], [ -153.894, 70.898 ], [ -153.514, 70.887 ], [ -153.256, 70.933 ], [ -152.956, 70.908 ], [ -152.866, 70.857 ], [ -152.816, 70.887 ], [ -152.715, 70.821 ], [ -152.657, 70.846 ], [ -152.747, 70.881 ], [ -152.713, 70.89 ], [ -152.328, 70.857 ], [ -152.219, 70.812 ], [ -152.431, 70.744 ], [ -152.421, 70.713 ], [ -152.501, 70.699 ], [ -152.509, 70.664 ], [ -152.448, 70.626 ], [ -152.075, 70.579 ], [ -152.517, 70.593 ], [ -152.63, 70.559 ], [ -151.76, 70.567 ], [ -151.733, 70.559 ], [ -151.87, 70.518 ], [ -151.79, 70.502 ], [ -151.943, 70.48 ], [ -151.98, 70.449 ], [ -151.454, 70.439 ], [ -151.222, 70.376 ], [ -151.177, 70.38 ], [ -151.209, 70.422 ], [ -151.178, 70.449 ], [ -150.745, 70.477 ], [ -150.794, 70.503 ], [ -150.527, 70.511 ], [ -150.493, 70.477 ], [ -150.379, 70.497 ], [ -150.362, 70.48 ], [ -150.417, 70.415 ], [ -150.119, 70.443 ], [ -149.89, 70.513 ], [ -149.489, 70.523 ], [ -149.464, 70.511 ], [ -149.491, 70.497 ], [ -149.344, 70.51 ], [ -149.045, 70.469 ], [ -148.965, 70.429 ], [ -148.682, 70.42 ], [ -148.518, 70.369 ], [ -148.512, 70.318 ], [ -148.381, 70.312 ], [ -148.223, 70.359 ], [ -147.962, 70.301 ], [ -147.843, 70.308 ], [ -147.799, 70.29 ], [ -147.806, 70.236 ], [ -147.68, 70.212 ], [ -147.124, 70.168 ], [ -146.849, 70.193 ], [ -145.873, 70.153 ], [ -145.88, 70.175 ], [ -145.614, 70.071 ], [ -145.52, 70.092 ], [ -145.369, 70.034 ], [ -145.215, 70.044 ], [ -145.301, 70.0 ], [ -145.275, 69.993 ], [ -144.59, 69.983 ], [ -144.386, 70.044 ], [ -144.13, 70.068 ], [ -144.064, 70.044 ], [ -144.071, 69.989 ], [ -144.023, 70.051 ], [ -144.064, 70.086 ], [ -143.577, 70.094 ], [ -143.551, 70.127 ], [ -143.511, 70.097 ], [ -143.354, 70.106 ], [ -143.298, 70.043 ], [ -143.276, 70.051 ], [ -143.308, 70.098 ], [ -143.277, 70.121 ], [ -142.984, 70.063 ], [ -142.88, 70.074 ], [ -142.601, 70.013 ], [ -142.612, 69.976 ], [ -142.538, 69.985 ], [ -142.518, 69.982 ], [ -142.481, 69.97 ], [ -142.523, 69.97 ], [ -142.271, 69.856 ], [ -142.107, 69.849 ], [ -142.015, 69.796 ], [ -141.921, 69.815 ], [ -141.653, 69.762 ], [ -141.413, 69.65 ], [ -141.291, 69.634 ], [ -141.221, 69.674 ], [ -141.316, 69.695 ], [ -141.006, 69.651 ], [ -140.995, 60.304 ] ], [ [ -162.026, 70.195 ], [ -162.122, 70.154 ], [ -161.866, 70.179 ], [ -162.026, 70.195 ] ] ], [ [ [ -136.841, 59.148 ], [ -136.569, 59.172 ], [ -136.467, 59.288 ], [ -136.468, 59.462 ], [ -136.32, 59.459 ], [ -136.245, 59.528 ], [ -136.35, 59.592 ], [ -135.924, 59.667 ], [ -135.483, 59.792 ], [ -135.26, 59.698 ], [ -135.019, 59.559 ], [ -135.023, 59.477 ], [ -135.096, 59.419 ], [ -134.993, 59.382 ], [ -135.016, 59.336 ], [ -134.958, 59.281 ], [ -134.692, 59.235 ], [ -134.611, 59.145 ], [ -134.451, 59.098 ], [ -134.387, 59.037 ], [ -134.399, 58.975 ], [ -134.33, 58.963 ], [ -134.317, 58.904 ], [ -134.222, 58.843 ], [ -133.831, 58.718 ], [ -133.626, 58.546 ], [ -133.392, 58.404 ], [ -133.43, 58.372 ], [ -133.415, 58.331 ], [ -133.166, 58.147 ], [ -133.075, 58.008 ], [ -132.231, 57.197 ], [ -132.341, 57.08 ], [ -132.032, 57.028 ], [ -132.107, 56.859 ], [ -131.872, 56.793 ], [ -131.886, 56.737 ], [ -131.83, 56.665 ], [ -131.826, 56.593 ], [ -131.56, 56.594 ], [ -131.101, 56.408 ], [ -130.76, 56.345 ], [ -130.646, 56.262 ], [ -130.472, 56.225 ], [ -130.404, 56.122 ], [ -130.072, 56.084 ], [ -130.019, 56.002 ], [ -130.02, 55.908 ], [ -130.174, 55.749 ], [ -130.126, 55.654 ], [ -130.147, 55.547 ], [ -130.058, 55.435 ], [ -130.05, 55.345 ], [ -129.989, 55.284 ], [ -130.1, 55.23 ], [ -130.365, 54.907 ], [ -130.605, 54.802 ], [ -130.561, 54.851 ], [ -130.585, 54.852 ], [ -130.691, 54.763 ], [ -130.729, 54.784 ], [ -130.678, 54.815 ], [ -130.753, 54.969 ], [ -130.745, 54.822 ], [ -130.777, 54.832 ], [ -130.832, 54.765 ], [ -130.934, 54.824 ], [ -130.962, 54.928 ], [ -130.94, 54.959 ], [ -131.009, 54.998 ], [ -130.971, 55.061 ], [ -130.832, 55.105 ], [ -130.811, 55.079 ], [ -130.72, 55.081 ], [ -130.462, 55.332 ], [ -130.553, 55.288 ], [ -130.615, 55.2 ], [ -130.76, 55.097 ], [ -130.791, 55.099 ], [ -130.811, 55.147 ], [ -130.971, 55.085 ], [ -131.057, 55.126 ], [ -131.058, 55.199 ], [ -130.925, 55.294 ], [ -130.612, 55.297 ], [ -130.669, 55.329 ], [ -130.656, 55.352 ], [ -130.726, 55.315 ], [ -130.862, 55.312 ], [ -130.873, 55.623 ], [ -130.907, 55.682 ], [ -130.887, 55.709 ], [ -130.962, 55.783 ], [ -130.92, 55.81 ], [ -131.013, 55.818 ], [ -131.196, 55.971 ], [ -131.044, 56.058 ], [ -131.079, 56.058 ], [ -131.01, 56.113 ], [ -131.342, 55.961 ], [ -131.414, 56.01 ], [ -131.736, 55.887 ], [ -131.915, 55.859 ], [ -131.778, 55.825 ], [ -131.764, 55.797 ], [ -131.808, 55.729 ], [ -131.867, 55.729 ], [ -131.828, 55.668 ], [ -131.881, 55.599 ], [ -132.004, 55.668 ], [ -131.929, 55.589 ], [ -131.949, 55.592 ], [ -131.928, 55.53 ], [ -131.961, 55.501 ], [ -132.172, 55.589 ], [ -132.266, 55.756 ], [ -132.168, 55.723 ], [ -132.169, 55.802 ], [ -132.046, 55.817 ], [ -132.086, 55.846 ], [ -132.036, 55.894 ], [ -132.057, 55.945 ], [ -131.95, 55.972 ], [ -131.963, 56.157 ], [ -131.814, 56.196 ], [ -131.579, 56.179 ], [ -131.489, 56.222 ], [ -131.614, 56.205 ], [ -131.908, 56.233 ], [ -131.98, 56.366 ], [ -132.161, 56.38 ], [ -132.203, 56.471 ], [ -132.345, 56.529 ], [ -132.35, 56.579 ], [ -132.305, 56.64 ], [ -132.477, 56.604 ], [ -132.54, 56.631 ], [ -132.522, 56.675 ], [ -132.457, 56.675 ], [ -132.531, 56.709 ], [ -132.412, 56.809 ], [ -132.36, 56.818 ], [ -132.399, 56.825 ], [ -132.515, 56.755 ], [ -132.761, 56.846 ], [ -132.922, 56.983 ], [ -132.768, 56.97 ], [ -132.81, 57.056 ], [ -132.795, 57.093 ], [ -132.878, 57.021 ], [ -133.165, 57.086 ], [ -133.121, 57.144 ], [ -133.168, 57.17 ], [ -133.175, 57.141 ], [ -133.211, 57.142 ], [ -133.236, 57.174 ], [ -133.266, 57.113 ], [ -133.317, 57.102 ], [ -133.552, 57.181 ], [ -133.489, 57.221 ], [ -133.505, 57.251 ], [ -133.472, 57.282 ], [ -133.255, 57.281 ], [ -133.058, 57.332 ], [ -133.038, 57.367 ], [ -133.224, 57.319 ], [ -133.42, 57.344 ], [ -133.456, 57.381 ], [ -133.345, 57.405 ], [ -133.336, 57.438 ], [ -133.454, 57.432 ], [ -133.5, 57.476 ], [ -133.497, 57.532 ], [ -133.313, 57.593 ], [ -133.591, 57.575 ], [ -133.659, 57.621 ], [ -133.648, 57.703 ], [ -133.566, 57.716 ], [ -133.168, 57.579 ], [ -133.046, 57.504 ], [ -133.004, 57.518 ], [ -133.082, 57.537 ], [ -133.162, 57.627 ], [ -133.529, 57.751 ], [ -133.552, 57.915 ], [ -133.124, 57.857 ], [ -133.206, 57.895 ], [ -133.554, 57.929 ], [ -133.593, 57.858 ], [ -133.635, 57.888 ], [ -133.635, 57.805 ], [ -133.686, 57.791 ], [ -133.861, 57.957 ], [ -133.775, 57.989 ], [ -133.691, 57.942 ], [ -133.669, 58.018 ], [ -133.755, 58.03 ], [ -133.765, 58.062 ], [ -133.682, 58.155 ], [ -133.758, 58.135 ], [ -133.749, 58.106 ], [ -133.81, 58.045 ], [ -133.799, 58.011 ], [ -133.864, 57.987 ], [ -133.929, 57.99 ], [ -134.06, 58.072 ], [ -134.073, 58.113 ], [ -134.045, 58.127 ], [ -134.086, 58.196 ], [ -134.067, 58.285 ], [ -133.982, 58.316 ], [ -134.005, 58.409 ], [ -133.952, 58.433 ], [ -133.92, 58.498 ], [ -133.772, 58.525 ], [ -133.977, 58.505 ], [ -133.975, 58.45 ], [ -134.073, 58.422 ], [ -134.053, 58.367 ], [ -134.142, 58.306 ], [ -134.101, 58.248 ], [ -134.158, 58.204 ], [ -134.242, 58.214 ], [ -134.498, 58.354 ], [ -134.756, 58.382 ], [ -134.783, 58.493 ], [ -134.991, 58.683 ], [ -134.916, 58.656 ], [ -134.95, 58.82 ], [ -135.026, 58.793 ], [ -135.026, 58.738 ], [ -135.149, 58.844 ], [ -135.129, 58.895 ], [ -135.23, 59.126 ], [ -135.362, 59.271 ], [ -135.348, 59.471 ], [ -135.414, 59.301 ], [ -135.554, 59.32 ], [ -135.36, 59.214 ], [ -135.307, 59.087 ], [ -135.378, 59.124 ], [ -135.423, 59.205 ], [ -135.554, 59.23 ], [ -135.375, 59.087 ], [ -135.386, 58.954 ], [ -135.321, 58.916 ], [ -135.331, 58.878 ], [ -135.231, 58.772 ], [ -135.241, 58.73 ], [ -135.163, 58.635 ], [ -135.226, 58.612 ], [ -135.057, 58.352 ], [ -135.094, 58.237 ], [ -135.173, 58.219 ], [ -135.35, 58.277 ], [ -135.485, 58.484 ], [ -135.514, 58.466 ], [ -135.464, 58.412 ], [ -135.478, 58.374 ], [ -135.628, 58.426 ], [ -135.909, 58.381 ], [ -135.876, 58.463 ], [ -135.95, 58.456 ], [ -135.95, 58.463 ], [ -135.848, 58.47 ], [ -135.845, 58.547 ], [ -135.89, 58.58 ], [ -135.821, 58.6 ], [ -135.887, 58.613 ], [ -136.074, 58.813 ], [ -135.93, 58.882 ], [ -135.759, 58.888 ], [ -135.773, 58.905 ], [ -135.964, 58.923 ], [ -135.93, 58.902 ], [ -136.047, 58.861 ], [ -136.033, 58.923 ], [ -136.115, 59.026 ], [ -136.157, 59.038 ], [ -136.141, 58.955 ], [ -136.225, 58.923 ], [ -136.118, 58.933 ], [ -136.1, 58.854 ], [ -136.14, 58.782 ], [ -136.21, 58.751 ], [ -136.382, 58.806 ], [ -136.26, 58.826 ], [ -136.475, 58.837 ], [ -136.508, 58.904 ], [ -136.492, 58.971 ], [ -136.574, 58.916 ], [ -136.712, 59.026 ], [ -136.608, 58.908 ], [ -136.633, 58.892 ], [ -137.059, 59.064 ], [ -136.841, 59.148 ] ] ], [ [ [ -141.653, 69.762 ], [ -141.898, 69.825 ], [ -141.529, 69.76 ], [ -141.385, 69.695 ], [ -141.653, 69.762 ] ] ], [ [ [ -149.236, 70.553 ], [ -148.995, 70.493 ], [ -148.923, 70.501 ], [ -148.82, 70.47 ], [ -149.016, 70.485 ], [ -149.313, 70.545 ], [ -149.236, 70.553 ] ] ], [ [ [ -133.545, 54.832 ], [ -133.538, 54.835 ], [ -133.522, 54.767 ], [ -133.545, 54.832 ] ] ], [ [ [ -132.772, 54.862 ], [ -132.778, 54.935 ], [ -132.71, 54.941 ], [ -132.736, 54.92 ], [ -132.62, 54.893 ], [ -132.629, 54.848 ], [ -132.689, 54.845 ], [ -132.613, 54.784 ], [ -132.616, 54.76 ], [ -132.772, 54.862 ] ] ], [ [ [ -131.369, 54.866 ], [ -131.468, 54.912 ], [ -131.478, 54.945 ], [ -131.236, 54.995 ], [ -131.244, 54.935 ], [ -131.195, 54.907 ], [ -131.369, 54.866 ] ] ], [ [ [ -132.864, 54.742 ], [ -132.839, 54.742 ], [ -132.956, 54.804 ], [ -132.908, 54.838 ], [ -132.999, 54.838 ], [ -133.049, 54.889 ], [ -133.038, 54.914 ], [ -133.101, 54.92 ], [ -133.065, 54.947 ], [ -133.148, 54.954 ], [ -133.135, 54.998 ], [ -133.217, 55.099 ], [ -133.121, 55.099 ], [ -133.217, 55.154 ], [ -133.168, 55.154 ], [ -133.217, 55.174 ], [ -133.155, 55.195 ], [ -133.182, 55.236 ], [ -133.107, 55.249 ], [ -133.065, 55.15 ], [ -132.997, 55.126 ], [ -132.956, 55.064 ], [ -133.055, 55.109 ], [ -133.087, 55.092 ], [ -132.997, 55.064 ], [ -133.046, 55.044 ], [ -132.958, 55.023 ], [ -132.942, 54.948 ], [ -132.894, 54.948 ], [ -132.902, 54.914 ], [ -132.763, 54.824 ], [ -132.722, 54.777 ], [ -132.758, 54.742 ], [ -132.688, 54.718 ], [ -132.671, 54.677 ], [ -132.843, 54.694 ], [ -132.864, 54.742 ] ] ], [ [ [ -131.19, 55.048 ], [ -131.255, 55.069 ], [ -131.204, 55.11 ], [ -131.19, 55.048 ] ] ], [ [ [ -132.867, 55.161 ], [ -132.812, 55.188 ], [ -132.723, 55.133 ], [ -132.668, 55.051 ], [ -132.751, 54.995 ], [ -132.792, 55.036 ], [ -132.792, 55.014 ], [ -132.874, 55.036 ], [ -132.799, 55.085 ], [ -132.862, 55.105 ], [ -132.867, 55.161 ] ] ], [ [ [ -131.539, 55.023 ], [ -131.583, 54.995 ], [ -131.625, 55.017 ], [ -131.583, 55.126 ], [ -131.517, 55.134 ], [ -131.587, 55.219 ], [ -131.552, 55.277 ], [ -131.373, 55.201 ], [ -131.357, 55.033 ], [ -131.48, 55.006 ], [ -131.534, 55.087 ], [ -131.539, 55.023 ] ] ], [ [ [ -133.422, 55.201 ], [ -133.45, 55.27 ], [ -133.401, 55.27 ], [ -133.443, 55.298 ], [ -133.299, 55.332 ], [ -133.319, 55.27 ], [ -133.209, 55.27 ], [ -133.249, 55.216 ], [ -133.422, 55.201 ] ] ], [ [ [ -131.686, 55.23 ], [ -131.764, 55.249 ], [ -131.702, 55.195 ], [ -131.723, 55.14 ], [ -131.805, 55.181 ], [ -131.853, 55.3 ], [ -131.85, 55.416 ], [ -131.697, 55.343 ], [ -131.636, 55.299 ], [ -131.633, 55.263 ], [ -131.675, 55.291 ], [ -131.686, 55.23 ] ] ], [ [ [ -133.58, 55.345 ], [ -133.565, 55.32 ], [ -133.607, 55.236 ], [ -133.689, 55.311 ], [ -133.641, 55.328 ], [ -133.623, 55.361 ], [ -133.656, 55.373 ], [ -133.581, 55.426 ], [ -133.45, 55.407 ], [ -133.442, 55.38 ], [ -133.58, 55.345 ] ] ], [ [ [ -133.236, 55.44 ], [ -133.238, 55.414 ], [ -133.315, 55.405 ], [ -133.236, 55.44 ] ] ], [ [ [ -133.511, 55.427 ], [ -133.6, 55.448 ], [ -133.506, 55.523 ], [ -133.432, 55.497 ], [ -133.421, 55.46 ], [ -133.511, 55.427 ] ] ], [ [ [ -133.287, 55.545 ], [ -133.273, 55.5 ], [ -133.347, 55.448 ], [ -133.433, 55.528 ], [ -133.391, 55.557 ], [ -133.287, 55.545 ] ] ], [ [ [ -133.799, 55.455 ], [ -133.701, 55.507 ], [ -133.719, 55.552 ], [ -133.587, 55.544 ], [ -133.585, 55.495 ], [ -133.633, 55.454 ], [ -133.799, 55.455 ] ] ], [ [ [ -132.004, 54.694 ], [ -132.15, 54.699 ], [ -132.247, 54.743 ], [ -132.278, 54.715 ], [ -132.294, 54.762 ], [ -132.216, 54.804 ], [ -132.36, 54.804 ], [ -132.265, 54.845 ], [ -132.326, 54.866 ], [ -132.278, 54.879 ], [ -132.394, 54.935 ], [ -132.36, 54.941 ], [ -132.394, 54.976 ], [ -132.38, 55.023 ], [ -132.436, 54.917 ], [ -132.501, 54.914 ], [ -132.444, 54.963 ], [ -132.49, 55.003 ], [ -132.519, 54.944 ], [ -132.593, 54.968 ], [ -132.531, 55.017 ], [ -132.572, 55.044 ], [ -132.465, 55.051 ], [ -132.531, 55.058 ], [ -132.511, 55.113 ], [ -132.56, 55.124 ], [ -132.613, 55.064 ], [ -132.627, 55.086 ], [ -132.558, 55.168 ], [ -132.641, 55.256 ], [ -132.656, 55.219 ], [ -132.62, 55.153 ], [ -132.696, 55.147 ], [ -132.799, 55.205 ], [ -132.799, 55.27 ], [ -132.949, 55.208 ], [ -133.035, 55.226 ], [ -132.91, 55.285 ], [ -133.213, 55.279 ], [ -133.265, 55.345 ], [ -133.207, 55.384 ], [ -132.846, 55.352 ], [ -133.008, 55.388 ], [ -133.065, 55.427 ], [ -132.977, 55.448 ], [ -133.126, 55.484 ], [ -133.073, 55.578 ], [ -132.908, 55.633 ], [ -133.251, 55.585 ], [ -133.379, 55.63 ], [ -133.382, 55.67 ], [ -133.341, 55.678 ], [ -133.382, 55.723 ], [ -133.324, 55.709 ], [ -133.306, 55.764 ], [ -133.237, 55.745 ], [ -133.148, 55.818 ], [ -133.14, 55.877 ], [ -133.218, 55.884 ], [ -133.26, 55.945 ], [ -133.23, 55.959 ], [ -133.279, 56.076 ], [ -133.265, 56.147 ], [ -133.573, 56.185 ], [ -133.634, 56.27 ], [ -133.566, 56.304 ], [ -133.615, 56.353 ], [ -133.342, 56.333 ], [ -133.313, 56.326 ], [ -133.312, 56.277 ], [ -133.258, 56.327 ], [ -133.167, 56.325 ], [ -133.141, 56.266 ], [ -133.059, 56.243 ], [ -133.059, 56.195 ], [ -133.025, 56.172 ], [ -133.073, 56.113 ], [ -133.14, 56.119 ], [ -133.093, 56.069 ], [ -132.956, 56.044 ], [ -132.936, 56.072 ], [ -132.896, 56.025 ], [ -132.842, 56.039 ], [ -132.736, 55.997 ], [ -132.463, 55.777 ], [ -132.435, 55.627 ], [ -132.371, 55.668 ], [ -132.288, 55.537 ], [ -132.158, 55.497 ], [ -132.151, 55.449 ], [ -132.435, 55.55 ], [ -132.524, 55.625 ], [ -132.566, 55.572 ], [ -132.515, 55.547 ], [ -132.682, 55.455 ], [ -132.655, 55.421 ], [ -132.519, 55.507 ], [ -132.401, 55.517 ], [ -132.362, 55.473 ], [ -132.277, 55.453 ], [ -132.484, 55.407 ], [ -132.401, 55.412 ], [ -132.37, 55.381 ], [ -132.25, 55.414 ], [ -132.155, 55.366 ], [ -132.095, 55.267 ], [ -132.243, 55.256 ], [ -132.24, 55.197 ], [ -132.203, 55.229 ], [ -132.083, 55.21 ], [ -132.051, 55.259 ], [ -131.994, 55.268 ], [ -131.969, 55.205 ], [ -132.024, 55.12 ], [ -132.001, 55.104 ], [ -132.058, 55.079 ], [ -132.093, 55.105 ], [ -132.079, 55.079 ], [ -132.12, 55.064 ], [ -132.075, 55.04 ], [ -132.223, 54.989 ], [ -132.092, 54.976 ], [ -132.035, 55.023 ], [ -131.963, 55.03 ], [ -132.01, 54.968 ], [ -131.962, 54.958 ], [ -131.976, 54.908 ], [ -132.047, 54.899 ], [ -131.956, 54.838 ], [ -131.977, 54.832 ], [ -131.949, 54.79 ], [ -131.997, 54.777 ], [ -132.004, 54.694 ] ] ], [ [ [ -130.972, 55.385 ], [ -131.027, 55.41 ], [ -131.056, 55.274 ], [ -131.192, 55.186 ], [ -131.311, 55.236 ], [ -131.216, 55.318 ], [ -131.21, 55.406 ], [ -131.283, 55.371 ], [ -131.264, 55.309 ], [ -131.298, 55.277 ], [ -131.404, 55.263 ], [ -131.463, 55.293 ], [ -131.382, 55.329 ], [ -131.271, 55.447 ], [ -131.351, 55.646 ], [ -131.372, 55.619 ], [ -131.325, 55.447 ], [ -131.462, 55.332 ], [ -131.421, 55.377 ], [ -131.469, 55.459 ], [ -131.421, 55.53 ], [ -131.506, 55.499 ], [ -131.516, 55.46 ], [ -131.466, 55.372 ], [ -131.526, 55.299 ], [ -131.685, 55.354 ], [ -131.82, 55.464 ], [ -131.651, 55.55 ], [ -131.62, 55.595 ], [ -131.699, 55.616 ], [ -131.687, 55.684 ], [ -131.517, 55.729 ], [ -131.629, 55.734 ], [ -131.692, 55.705 ], [ -131.709, 55.74 ], [ -131.483, 55.783 ], [ -131.531, 55.826 ], [ -131.627, 55.783 ], [ -131.688, 55.832 ], [ -131.47, 55.832 ], [ -131.435, 55.846 ], [ -131.534, 55.852 ], [ -131.579, 55.907 ], [ -131.28, 55.965 ], [ -131.18, 55.924 ], [ -130.969, 55.701 ], [ -130.935, 55.643 ], [ -130.983, 55.503 ], [ -130.972, 55.385 ] ] ], [ [ [ -133.487, 55.707 ], [ -133.542, 55.695 ], [ -133.682, 55.79 ], [ -133.641, 55.79 ], [ -133.615, 55.833 ], [ -133.573, 55.805 ], [ -133.565, 55.83 ], [ -133.495, 55.82 ], [ -133.467, 55.79 ], [ -133.306, 55.797 ], [ -133.418, 55.738 ], [ -133.491, 55.79 ], [ -133.487, 55.707 ] ] ], [ [ [ -133.251, 55.776 ], [ -133.341, 55.837 ], [ -133.291, 55.852 ], [ -133.333, 55.88 ], [ -133.267, 55.902 ], [ -133.265, 55.866 ], [ -133.217, 55.866 ], [ -133.251, 55.776 ] ] ], [ [ [ -133.285, 56.147 ], [ -133.313, 56.092 ], [ -133.3, 56.012 ], [ -133.47, 56.017 ], [ -133.703, 55.903 ], [ -133.795, 55.944 ], [ -133.681, 56.069 ], [ -133.483, 56.092 ], [ -133.597, 56.101 ], [ -133.617, 56.132 ], [ -133.285, 56.147 ] ] ], [ [ [ -132.39, 56.236 ], [ -132.484, 56.195 ], [ -132.359, 56.218 ], [ -132.192, 56.177 ], [ -132.092, 56.106 ], [ -132.151, 56.072 ], [ -132.202, 56.092 ], [ -132.133, 55.929 ], [ -132.185, 55.969 ], [ -132.223, 55.935 ], [ -132.336, 55.918 ], [ -132.429, 55.969 ], [ -132.382, 56.023 ], [ -132.462, 56.037 ], [ -132.449, 56.065 ], [ -132.594, 56.087 ], [ -132.627, 56.051 ], [ -132.705, 56.117 ], [ -132.703, 56.222 ], [ -132.603, 56.236 ], [ -132.521, 56.343 ], [ -132.394, 56.339 ], [ -132.39, 56.236 ] ] ], [ [ [ -132.013, 56.141 ], [ -132.072, 56.119 ], [ -132.099, 56.163 ], [ -132.338, 56.258 ], [ -132.333, 56.408 ], [ -132.375, 56.488 ], [ -132.261, 56.459 ], [ -132.152, 56.352 ], [ -132.004, 56.339 ], [ -131.928, 56.211 ], [ -131.996, 56.189 ], [ -132.013, 56.141 ] ] ], [ [ [ -132.869, 56.243 ], [ -133.055, 56.345 ], [ -132.947, 56.446 ], [ -132.703, 56.462 ], [ -132.613, 56.401 ], [ -132.668, 56.353 ], [ -132.635, 56.304 ], [ -132.668, 56.275 ], [ -132.869, 56.243 ] ] ], [ [ [ -132.533, 56.58 ], [ -132.684, 56.527 ], [ -132.747, 56.56 ], [ -132.764, 56.545 ], [ -132.723, 56.51 ], [ -132.774, 56.499 ], [ -132.937, 56.518 ], [ -132.952, 56.602 ], [ -132.881, 56.64 ], [ -132.963, 56.8 ], [ -132.922, 56.826 ], [ -132.752, 56.759 ], [ -132.533, 56.58 ] ] ], [ [ [ -133.316, 56.991 ], [ -133.263, 56.925 ], [ -133.237, 56.935 ], [ -133.299, 57.01 ], [ -133.109, 56.999 ], [ -132.98, 56.935 ], [ -132.936, 56.867 ], [ -132.991, 56.808 ], [ -132.953, 56.747 ], [ -132.941, 56.627 ], [ -133.025, 56.613 ], [ -133.186, 56.722 ], [ -133.234, 56.802 ], [ -133.346, 56.838 ], [ -133.305, 56.735 ], [ -133.222, 56.732 ], [ -133.242, 56.634 ], [ -133.107, 56.621 ], [ -133.107, 56.599 ], [ -133.168, 56.606 ], [ -133.101, 56.586 ], [ -133.079, 56.53 ], [ -133.134, 56.53 ], [ -133.132, 56.475 ], [ -133.173, 56.456 ], [ -133.385, 56.504 ], [ -133.436, 56.504 ], [ -133.409, 56.476 ], [ -133.441, 56.454 ], [ -133.527, 56.439 ], [ -133.659, 56.464 ], [ -133.654, 56.557 ], [ -133.689, 56.572 ], [ -133.635, 56.606 ], [ -133.703, 56.675 ], [ -133.693, 56.793 ], [ -133.662, 56.791 ], [ -133.679, 56.854 ], [ -133.753, 56.807 ], [ -133.82, 56.873 ], [ -133.863, 56.868 ], [ -133.888, 56.901 ], [ -133.738, 56.894 ], [ -134.018, 57.018 ], [ -134.011, 57.055 ], [ -133.887, 57.09 ], [ -133.316, 56.991 ] ] ] ] } },
{ "type": "Feature", "properties": { "code": "US-AL" }, "geometry": { "type": "MultiPolygon", "coordinates": [ [ [ [ -88.109, 30.276 ], [ -88.091, 30.245 ], [ -88.311, 30.237 ], [ -88.109, 30.276 ] ] ], [ [ [ -87.446, 30.298 ], [ -87.488, 30.285 ], [ -87.529, 30.278 ], [ -87.484, 30.309 ], [ -87.446, 30.298 ] ] ], [ [ [ -87.441, 30.545 ], [ -87.392, 30.45 ], [ -87.474, 30.359 ], [ -87.557, 30.319 ], [ -87.612, 30.36 ], [ -87.606, 30.306 ], [ -87.565, 30.313 ], [ -87.59, 30.275 ], [ -87.655, 30.252 ], [ -88.03, 30.224 ], [ -87.936, 30.265 ], [ -87.875, 30.242 ], [ -87.764, 30.28 ], [ -87.831, 30.364 ], [ -87.821, 30.405 ], [ -87.866, 30.388 ], [ -87.911, 30.414 ], [ -87.941, 30.483 ], [ -87.912, 30.584 ], [ -87.943, 30.66 ], [ -88.006, 30.688 ], [ -88.01, 30.727 ], [ -88.03, 30.738 ], [ -88.126, 30.326 ], [ -88.304, 30.401 ], [ -88.402, 30.388 ], [ -88.486, 31.89 ], [ -88.089, 34.892 ], [ -88.186, 35.01 ], [ -85.606, 34.985 ], [ -85.201, 32.935 ], [ -85.103, 32.653 ], [ -84.968, 32.434 ], [ -84.992, 32.337 ], [ -84.898, 32.269 ], [ -85.031, 32.17 ], [ -85.06, 32.004 ], [ -85.144, 31.824 ], [ -85.043, 31.535 ], [ -85.11, 31.272 ], [ -85.101, 31.183 ], [ -85.042, 31.129 ], [ -84.997, 31.011 ], [ -87.594, 31.0 ], [ -87.621, 30.857 ], [ -87.511, 30.732 ], [ -87.405, 30.67 ], [ -87.441, 30.545 ] ] ] ] } },
{ "type": "Feature", "properties": { "code": "US-AR" }, "geometry": { "type": "MultiPolygon", "coordinates": [ [ [ [ -90.304, 35.0 ], [ -90.272, 34.923 ], [ -90.464, 34.828 ], [ -90.478, 34.738 ], [ -90.568, 34.72 ], [ -90.594, 34.425 ], [ -90.686, 34.372 ], [ -90.759, 34.381 ], [ -90.771, 34.284 ], [ -90.821, 34.286 ], [ -90.864, 34.206 ], [ -90.956, 34.157 ], [ -90.955, 34.129 ], [ -90.882, 34.099 ], [ -90.88, 34.061 ], [ -91.093, 33.99 ], [ -91.036, 33.93 ], [ -91.069, 33.884 ], [ -91.045, 33.815 ], [ -91.226, 33.69 ], [ -91.152, 33.633 ], [ -91.156, 33.588 ], [ -91.235, 33.567 ], [ -91.127, 33.478 ], [ -91.134, 33.383 ], [ -91.182, 33.32 ], [ -91.113, 33.28 ], [ -91.093, 33.167 ], [ -91.161, 33.119 ], [ -91.166, 33.014 ], [ -94.041, 33.011 ], [ -94.047, 33.554 ], [ -94.193, 33.594 ], [ -94.387, 33.562 ], [ -94.382, 33.588 ], [ -94.431, 33.591 ], [ -94.484, 33.647 ], [ -94.439, 35.386 ], [ -94.618, 36.5 ], [ -90.162, 36.5 ], [ -90.064, 36.374 ], [ -90.067, 36.287 ], [ -90.298, 36.113 ], [ -90.379, 35.988 ], [ -89.724, 36.0 ], [ -89.667, 35.915 ], [ -89.76, 35.909 ], [ -89.784, 35.878 ], [ -89.722, 35.833 ], [ -89.952, 35.723 ], [ -89.91, 35.652 ], [ -89.951, 35.603 ], [ -89.918, 35.548 ], [ -90.012, 35.512 ], [ -90.022, 35.453 ], [ -90.115, 35.37 ], [ -90.085, 35.148 ], [ -90.106, 35.124 ], [ -90.178, 35.13 ], [ -90.207, 35.061 ], [ -90.304, 35.0 ] ] ] ] } },
{ "type": "Feature", "properties": { "code": "US-AZ" }, "geometry": { "type": "MultiPolygon", "coordinates": [ [ [ [ -111.006, 31.327 ], [ -114.822, 32.5 ], [ -114.803, 32.594 ], [ -114.721, 32.725 ], [ -114.683, 32.748 ], [ -114.536, 32.738 ], [ -114.522, 32.807 ], [ -114.461, 32.855 ], [ -114.502, 33.019 ], [ -114.667, 33.054 ], [ -114.697, 33.089 ], [ -114.673, 33.205 ], [ -114.724, 33.321 ], [ -114.698, 33.368 ], [ -114.727, 33.411 ], [ -114.626, 33.437 ], [ -114.533, 33.569 ], [ -114.488, 33.725 ], [ -114.516, 33.964 ], [ -114.429, 34.029 ], [ -114.382, 34.124 ], [ -114.224, 34.198 ], [ -114.119, 34.293 ], [ -114.125, 34.328 ], [ -114.369, 34.472 ], [ -114.421, 34.634 ], [ -114.617, 34.879 ], [ -114.639, 35.048 ], [ -114.612, 35.083 ], [ -114.639, 35.124 ], [ -114.582, 35.151 ], [ -114.572, 35.213 ], [ -114.591, 35.353 ], [ -114.668, 35.517 ], [ -114.645, 35.631 ], [ -114.695, 35.767 ], [ -114.669, 35.885 ], [ -114.741, 36.014 ], [ -114.707, 36.109 ], [ -114.555, 36.161 ], [ -114.443, 36.128 ], [ -114.356, 36.144 ], [ -114.234, 36.024 ], [ -114.124, 36.046 ], [ -114.042, 36.22 ], [ -114.04, 37.003 ], [ -109.047, 37.0 ], [ -109.047, 31.327 ], [ -111.006, 31.327 ] ] ] ] } },
{ "type": "Feature", "properties": { "code": "US-CA" }, "geometry": { "type": "MultiPolygon", "coordinates": [ [ [ [ -118.351, 32.819 ], [ -118.429, 32.803 ], [ -118.499, 32.851 ], [ -118.607, 33.031 ], [ -118.564, 33.024 ], [ -118.351, 32.819 ] ] ], [ [ [ -119.532, 33.286 ], [ -119.439, 33.22 ], [ -119.515, 33.222 ], [ -119.579, 33.276 ], [ -119.532, 33.286 ] ] ], [ [ [ -118.486, 33.416 ], [ -118.604, 33.477 ], [ -118.369, 33.408 ], [ -118.304, 33.309 ], [ -118.464, 33.324 ], [ -118.486, 33.416 ] ] ], [ [ [ -118.227, 33.765 ], [ -118.236, 33.728 ], [ -118.258, 33.717 ], [ -118.268, 33.747 ], [ -118.227, 33.765 ] ] ], [ [ [ -120.047, 34.004 ], [ -119.98, 33.983 ], [ -119.969, 33.941 ], [ -120.11, 33.893 ], [ -120.249, 34.001 ], [ -120.058, 34.038 ], [ -120.047, 34.004 ] ] ], [ [ [ -119.548, 34.004 ], [ -119.817, 33.959 ], [ -119.874, 33.98 ], [ -119.877, 34.032 ], [ -119.933, 34.06 ], [ -119.759, 34.056 ], [ -119.633, 34.014 ], [ -119.565, 34.055 ], [ -119.521, 34.034 ], [ -119.548, 34.004 ] ] ], [ [ [ -120.369, 34.076 ], [ -120.308, 34.018 ], [ -120.449, 34.036 ], [ -120.369, 34.076 ] ] ], [ [ [ -114.724, 32.713 ], [ -117.125, 32.532 ], [ -117.15, 32.646 ], [ -117.226, 32.697 ], [ -117.168, 32.699 ], [ -117.115, 32.6 ], [ -117.133, 32.69 ], [ -117.175, 32.727 ], [ -117.238, 32.707 ], [ -117.237, 32.67 ], [ -117.255, 32.691 ], [ -117.284, 32.838 ], [ -117.254, 32.885 ], [ -117.322, 33.109 ], [ -117.509, 33.335 ], [ -118.117, 33.744 ], [ -118.207, 33.764 ], [ -118.193, 33.732 ], [ -118.222, 33.771 ], [ -118.255, 33.765 ], [ -118.277, 33.757 ], [ -118.291, 33.703 ], [ -118.412, 33.742 ], [ -118.428, 33.774 ], [ -118.391, 33.836 ], [ -118.514, 34.022 ], [ -118.667, 34.039 ], [ -118.807, 33.999 ], [ -119.129, 34.101 ], [ -119.217, 34.146 ], [ -119.281, 34.269 ], [ -119.563, 34.415 ], [ -119.879, 34.407 ], [ -120.133, 34.473 ], [ -120.454, 34.443 ], [ -120.51, 34.521 ], [ -120.637, 34.563 ], [ -120.603, 34.705 ], [ -120.64, 34.759 ], [ -120.616, 34.858 ], [ -120.673, 34.908 ], [ -120.634, 35.035 ], [ -120.645, 35.139 ], [ -120.706, 35.174 ], [ -120.766, 35.16 ], [ -120.877, 35.224 ], [ -120.896, 35.274 ], [ -120.862, 35.362 ], [ -120.856, 35.322 ], [ -120.831, 35.336 ], [ -120.887, 35.433 ], [ -121.005, 35.461 ], [ -121.169, 35.637 ], [ -121.288, 35.665 ], [ -121.337, 35.787 ], [ -121.463, 35.887 ], [ -121.507, 36.003 ], [ -121.567, 36.02 ], [ -121.678, 36.163 ], [ -121.9, 36.304 ], [ -121.957, 36.518 ], [ -121.928, 36.524 ], [ -121.933, 36.555 ], [ -121.981, 36.584 ], [ -121.938, 36.639 ], [ -121.87, 36.607 ], [ -121.805, 36.738 ], [ -121.764, 36.722 ], [ -121.803, 36.75 ], [ -121.804, 36.836 ], [ -121.906, 36.969 ], [ -122.135, 36.966 ], [ -122.339, 37.119 ], [ -122.404, 37.195 ], [ -122.4, 37.36 ], [ -122.449, 37.477 ], [ -122.52, 37.531 ], [ -122.495, 37.665 ], [ -122.515, 37.781 ], [ -122.409, 37.81 ], [ -122.355, 37.73 ], [ -122.392, 37.71 ], [ -122.384, 37.631 ], [ -122.354, 37.614 ], [ -122.374, 37.604 ], [ -122.251, 37.568 ], [ -122.1, 37.455 ], [ -122.032, 37.463 ], [ -122.109, 37.518 ], [ -122.192, 37.7 ], [ -122.252, 37.723 ], [ -122.262, 37.743 ], [ -122.217, 37.758 ], [ -122.332, 37.782 ], [ -122.341, 37.807 ], [ -122.296, 37.831 ], [ -122.314, 37.886 ], [ -122.391, 37.908 ], [ -122.43, 37.964 ], [ -122.398, 37.956 ], [ -122.366, 38.012 ], [ -122.299, 38.011 ], [ -122.227, 38.058 ], [ -122.148, 38.024 ], [ -122.004, 38.056 ], [ -121.69, 38.009 ], [ -121.721, 38.032 ], [ -121.607, 38.099 ], [ -121.577, 38.074 ], [ -121.621, 38.062 ], [ -121.613, 38.021 ], [ -121.569, 38.066 ], [ -121.445, 38.004 ], [ -121.604, 38.106 ], [ -121.779, 38.036 ], [ -121.683, 38.147 ], [ -121.803, 38.063 ], [ -121.898, 38.053 ], [ -121.929, 38.058 ], [ -121.908, 38.079 ], [ -122.015, 38.099 ], [ -121.986, 38.111 ], [ -122.0, 38.137 ], [ -122.055, 38.134 ], [ -122.13, 38.042 ], [ -122.261, 38.069 ], [ -122.397, 38.153 ], [ -122.502, 38.114 ], [ -122.482, 38.077 ], [ -122.506, 38.017 ], [ -122.445, 37.985 ], [ -122.493, 37.97 ], [ -122.503, 37.925 ], [ -122.439, 37.882 ], [ -122.459, 37.862 ], [ -122.499, 37.894 ], [ -122.47, 37.832 ], [ -122.528, 37.816 ], [ -122.645, 37.899 ], [ -122.728, 37.903 ], [ -122.821, 37.998 ], [ -122.921, 38.035 ], [ -122.92, 38.065 ], [ -122.979, 38.015 ], [ -122.963, 37.992 ], [ -123.027, 37.994 ], [ -122.95, 38.144 ], [ -122.996, 38.243 ], [ -122.826, 38.072 ], [ -122.832, 38.096 ], [ -123.002, 38.295 ], [ -123.062, 38.296 ], [ -123.129, 38.449 ], [ -123.337, 38.567 ], [ -123.434, 38.687 ], [ -123.726, 38.919 ], [ -123.743, 38.956 ], [ -123.689, 39.028 ], [ -123.825, 39.347 ], [ -123.769, 39.564 ], [ -123.854, 39.834 ], [ -124.076, 40.027 ], [ -124.116, 40.107 ], [ -124.364, 40.261 ], [ -124.348, 40.319 ], [ -124.409, 40.444 ], [ -124.24, 40.759 ], [ -124.259, 40.698 ], [ -124.226, 40.686 ], [ -124.183, 40.8 ], [ -124.082, 40.844 ], [ -124.155, 40.862 ], [ -124.233, 40.767 ], [ -124.11, 41.015 ], [ -124.164, 41.132 ], [ -124.124, 41.182 ], [ -124.062, 41.436 ], [ -124.068, 41.539 ], [ -124.103, 41.567 ], [ -124.159, 41.737 ], [ -124.263, 41.776 ], [ -124.219, 41.85 ], [ -124.215, 42.0 ], [ -120.001, 42.0 ], [ -120.0, 38.999 ], [ -118.126, 37.691 ], [ -114.628, 35.004 ], [ -114.617, 34.879 ], [ -114.421, 34.634 ], [ -114.369, 34.472 ], [ -114.125, 34.328 ], [ -114.127, 34.28 ], [ -114.382, 34.124 ], [ -114.429, 34.029 ], [ -114.516, 33.964 ], [ -114.488, 33.725 ], [ -114.533, 33.569 ], [ -114.626, 33.437 ], [ -114.727, 33.411 ], [ -114.698, 33.368 ], [ -114.721, 33.306 ], [ -114.673, 33.205 ], [ -114.697, 33.089 ], [ -114.667, 33.054 ], [ -114.502, 33.019 ], [ -114.461, 32.855 ], [ -114.522, 32.807 ], [ -114.536, 32.738 ], [ -114.683, 32.748 ], [ -114.724, 32.713 ] ] ] ] } },
{ "type": "Feature", "properties": { "code": "US-CO" }, "geometry": { "type": "MultiPolygon", "coordinates": [ [ [ [ -109.046, 41.0 ], [ -102.052, 41.0 ], [ -102.04, 37.0 ], [ -109.047, 37.0 ], [ -109.046, 41.0 ] ] ] ] } },
{ "type": "Feature", "properties": { "code": "US-CT" }, "geometry": { "type": "MultiPolygon", "coordinates": [ [ [ [ -73.642, 41.002 ], [ -73.723, 41.103 ], [ -73.484, 41.218 ], [ -73.545, 41.295 ], [ -73.481, 42.055 ], [ -72.808, 42.033 ], [ -72.806, 42.007 ], [ -72.758, 42.033 ], [ -71.802, 42.022 ], [ -71.796, 41.519 ], [ -71.845, 41.322 ], [ -71.963, 41.345 ], [ -72.036, 41.318 ], [ -72.083, 41.352 ], [ -72.111, 41.311 ], [ -72.194, 41.324 ], [ -72.2, 41.297 ], [ -72.288, 41.283 ], [ -72.392, 41.366 ], [ -72.354, 41.321 ], [ -72.37, 41.277 ], [ -72.453, 41.288 ], [ -72.508, 41.256 ], [ -72.605, 41.284 ], [ -72.856, 41.245 ], [ -72.892, 41.245 ], [ -72.91, 41.305 ], [ -73.014, 41.207 ], [ -73.094, 41.191 ], [ -73.108, 41.149 ], [ -73.221, 41.167 ], [ -73.262, 41.12 ], [ -73.286, 41.134 ], [ -73.523, 41.021 ], [ -73.642, 41.002 ] ] ] ] } },
{ "type": "Feature", "properties": { "code": "US-DC" }, "geometry": { "type": "MultiPolygon", "coordinates": [ [ [ [ -77.023, 38.803 ], [ -77.026, 38.873 ], [ -77.12, 38.934 ], [ -77.042, 38.996 ], [ -76.909, 38.893 ], [ -77.023, 38.803 ] ] ] ] } },
{ "type": "Feature", "properties": { "code": "US-DE" }, "geometry": { "type": "MultiPolygon", "coordinates": [ [ [ [ -75.058, 38.454 ], [ -75.694, 38.46 ], [ -75.789, 39.721 ], [ -75.678, 39.815 ], [ -75.529, 39.838 ], [ -75.424, 39.807 ], [ -75.592, 39.649 ], [ -75.603, 39.608 ], [ -75.555, 39.541 ], [ -75.588, 39.463 ], [ -75.408, 39.27 ], [ -75.401, 39.078 ], [ -75.315, 38.984 ], [ -75.31, 38.928 ], [ -75.166, 38.794 ], [ -75.084, 38.796 ], [ -75.065, 38.633 ], [ -75.086, 38.693 ], [ -75.139, 38.688 ], [ -75.12, 38.659 ], [ -75.153, 38.659 ], [ -75.099, 38.638 ], [ -75.19, 38.607 ], [ -75.208, 38.57 ], [ -75.126, 38.59 ], [ -75.096, 38.566 ], [ -75.06, 38.613 ], [ -75.058, 38.454 ] ] ] ] } },
{ "type": "Feature", "properties": { "code": "US-FL" }, "geometry": { "type": "MultiPolygon", "coordinates": [ [ [ [ -82.128, 24.554 ], [ -82.114, 24.557 ], [ -82.129, 24.551 ], [ -82.128, 24.554 ] ] ], [ [ [ -82.143, 24.596 ], [ -82.11, 24.586 ], [ -82.11, 24.565 ], [ -82.12, 24.585 ], [ -82.143, 24.596 ] ] ], [ [ [ -82.164, 26.701 ], [ -82.114, 26.654 ], [ -82.082, 26.492 ], [ -82.137, 26.585 ], [ -82.164, 26.701 ] ] ], [ [ [ -82.225, 26.611 ], [ -82.248, 26.654 ], [ -82.26, 26.701 ], [ -82.246, 26.695 ], [ -82.225, 26.611 ] ] ], [ [ [ -82.275, 26.736 ], [ -82.278, 26.81 ], [ -82.266, 26.715 ], [ -82.275, 26.736 ] ] ], [ [ [ -82.681, 27.434 ], [ -82.593, 27.34 ], [ -82.589, 27.324 ], [ -82.681, 27.434 ] ] ], [ [ [ -87.433, 30.332 ], [ -87.427, 30.375 ], [ -87.345, 30.44 ], [ -87.42, 30.48 ], [ -87.439, 30.529 ], [ -87.405, 30.67 ], [ -87.511, 30.732 ], [ -87.625, 30.865 ], [ -87.594, 31.0 ], [ -85.007, 31.0 ], [ -84.944, 30.892 ], [ -84.92, 30.76 ], [ -84.876, 30.719 ], [ -82.24, 30.565 ], [ -82.213, 30.42 ], [ -82.166, 30.365 ], [ -82.049, 30.375 ], [ -82.011, 30.578 ], [ -82.047, 30.65 ], [ -82.041, 30.737 ], [ -81.962, 30.818 ], [ -81.66, 30.728 ], [ -81.44, 30.701 ], [ -81.438, 30.524 ], [ -81.489, 30.621 ], [ -81.5, 30.551 ], [ -81.41, 30.456 ], [ -81.395, 30.299 ], [ -81.239, 29.737 ], [ -80.922, 29.068 ], [ -80.627, 28.651 ], [ -80.528, 28.473 ], [ -80.594, 28.402 ], [ -80.592, 28.208 ], [ -80.451, 27.866 ], [ -80.62, 28.207 ], [ -80.6, 28.6 ], [ -80.766, 28.612 ], [ -80.784, 28.661 ], [ -80.752, 28.742 ], [ -80.848, 28.791 ], [ -80.738, 28.373 ], [ -80.381, 27.666 ], [ -80.345, 27.515 ], [ -80.198, 27.196 ], [ -80.197, 27.18 ], [ -80.217, 27.209 ], [ -80.314, 27.243 ], [ -80.149, 27.138 ], [ -80.076, 26.973 ], [ -80.115, 26.935 ], [ -80.071, 26.917 ], [ -80.038, 26.811 ], [ -80.032, 26.587 ], [ -80.129, 26.099 ], [ -80.113, 26.069 ], [ -80.129, 25.775 ], [ -80.141, 25.901 ], [ -80.196, 25.754 ], [ -80.252, 25.721 ], [ -80.307, 25.618 ], [ -80.344, 25.475 ], [ -80.314, 25.371 ], [ -80.423, 25.252 ], [ -80.402, 25.186 ], [ -80.451, 25.243 ], [ -80.499, 25.22 ], [ -80.459, 25.209 ], [ -80.443, 25.173 ], [ -80.526, 25.22 ], [ -80.512, 25.248 ], [ -80.566, 25.246 ], [ -80.607, 25.189 ], [ -80.651, 25.193 ], [ -80.657, 25.159 ], [ -80.711, 25.145 ], [ -80.805, 25.149 ], [ -80.855, 25.186 ], [ -80.91, 25.145 ], [ -81.102, 25.125 ], [ -81.177, 25.228 ], [ -81.165, 25.298 ], [ -81.13, 25.344 ], [ -81.078, 25.273 ], [ -80.985, 25.235 ], [ -81.006, 25.214 ], [ -80.945, 25.212 ], [ -80.917, 25.246 ], [ -80.981, 25.318 ], [ -81.141, 25.385 ], [ -81.215, 25.528 ], [ -81.188, 25.56 ], [ -81.232, 25.564 ], [ -81.28, 25.704 ], [ -81.357, 25.753 ], [ -81.322, 25.783 ], [ -81.348, 25.817 ], [ -81.486, 25.899 ], [ -81.588, 25.907 ], [ -81.623, 25.947 ], [ -81.732, 25.92 ], [ -81.743, 25.957 ], [ -81.694, 25.94 ], [ -81.664, 25.981 ], [ -81.732, 26.001 ], [ -81.787, 26.14 ], [ -81.801, 26.099 ], [ -81.856, 26.449 ], [ -81.883, 26.496 ], [ -81.887, 26.445 ], [ -82.009, 26.485 ], [ -82.0, 26.523 ], [ -81.974, 26.51 ], [ -81.912, 26.559 ], [ -81.897, 26.611 ], [ -81.78, 26.715 ], [ -81.907, 26.643 ], [ -81.952, 26.544 ], [ -82.039, 26.528 ], [ -82.082, 26.68 ], [ -82.057, 26.866 ], [ -82.097, 26.909 ], [ -81.978, 26.996 ], [ -82.155, 26.928 ], [ -82.181, 26.972 ], [ -82.222, 26.965 ], [ -82.274, 27.016 ], [ -82.201, 26.944 ], [ -82.15, 26.803 ], [ -82.166, 26.786 ], [ -82.178, 26.825 ], [ -82.198, 26.803 ], [ -82.314, 26.849 ], [ -82.467, 27.102 ], [ -82.496, 27.211 ], [ -82.562, 27.276 ], [ -82.542, 27.309 ], [ -82.574, 27.395 ], [ -82.698, 27.455 ], [ -82.729, 27.515 ], [ -82.657, 27.462 ], [ -82.661, 27.52 ], [ -82.589, 27.503 ], [ -82.637, 27.524 ], [ -82.579, 27.547 ], [ -82.623, 27.544 ], [ -82.39, 27.811 ], [ -82.422, 27.917 ], [ -82.472, 27.92 ], [ -82.483, 27.821 ], [ -82.527, 27.825 ], [ -82.541, 27.943 ], [ -82.616, 27.961 ], [ -82.596, 27.983 ], [ -82.691, 28.038 ], [ -82.69, 27.971 ], [ -82.644, 27.969 ], [ -82.719, 27.928 ], [ -82.562, 27.886 ], [ -82.603, 27.863 ], [ -82.627, 27.716 ], [ -82.654, 27.695 ], [ -82.815, 27.832 ], [ -82.739, 27.729 ], [ -82.719, 27.66 ], [ -82.842, 27.829 ], [ -82.852, 27.908 ], [ -82.822, 27.948 ], [ -82.836, 27.886 ], [ -82.767, 28.106 ], [ -82.787, 28.194 ], [ -82.664, 28.448 ], [ -82.632, 28.695 ], [ -82.685, 28.805 ], [ -82.63, 28.784 ], [ -82.634, 28.888 ], [ -82.727, 28.959 ], [ -82.801, 29.175 ], [ -83.041, 29.18 ], [ -83.085, 29.272 ], [ -83.158, 29.305 ], [ -83.216, 29.411 ], [ -83.405, 29.532 ], [ -83.397, 29.655 ], [ -83.544, 29.728 ], [ -83.681, 29.921 ], [ -84.024, 30.107 ], [ -84.178, 30.073 ], [ -84.209, 30.107 ], [ -84.384, 30.032 ], [ -84.384, 29.99 ], [ -84.346, 29.97 ], [ -84.454, 30.005 ], [ -84.466, 29.99 ], [ -84.343, 29.947 ], [ -84.349, 29.902 ], [ -84.377, 29.887 ], [ -84.364, 29.908 ], [ -84.508, 29.922 ], [ -84.875, 29.733 ], [ -84.873, 29.805 ], [ -85.004, 29.716 ], [ -85.346, 29.678 ], [ -85.392, 29.716 ], [ -85.413, 29.851 ], [ -85.398, 29.874 ], [ -85.378, 29.728 ], [ -85.321, 29.693 ], [ -85.302, 29.798 ], [ -85.357, 29.889 ], [ -85.549, 30.004 ], [ -85.563, 30.032 ], [ -85.48, 29.984 ], [ -85.68, 30.134 ], [ -85.611, 30.127 ], [ -85.611, 30.108 ], [ -85.442, 30.02 ], [ -85.395, 30.056 ], [ -85.431, 30.071 ], [ -85.462, 30.035 ], [ -85.513, 30.108 ], [ -85.495, 30.141 ], [ -85.57, 30.114 ], [ -85.721, 30.196 ], [ -85.555, 30.285 ], [ -85.587, 30.326 ], [ -85.709, 30.247 ], [ -85.755, 30.319 ], [ -85.854, 30.265 ], [ -85.832, 30.236 ], [ -85.756, 30.232 ], [ -85.706, 30.155 ], [ -85.734, 30.15 ], [ -85.721, 30.134 ], [ -86.066, 30.306 ], [ -86.511, 30.408 ], [ -86.347, 30.395 ], [ -86.312, 30.436 ], [ -86.242, 30.395 ], [ -86.248, 30.436 ], [ -86.108, 30.387 ], [ -86.151, 30.457 ], [ -86.138, 30.483 ], [ -86.182, 30.469 ], [ -86.207, 30.505 ], [ -86.408, 30.461 ], [ -86.44, 30.476 ], [ -86.413, 30.518 ], [ -86.46, 30.5 ], [ -86.488, 30.524 ], [ -86.485, 30.48 ], [ -86.602, 30.418 ], [ -86.783, 30.422 ], [ -87.194, 30.36 ], [ -87.005, 30.41 ], [ -86.94, 30.456 ], [ -86.894, 30.439 ], [ -87.014, 30.511 ], [ -86.961, 30.56 ], [ -87.03, 30.607 ], [ -87.077, 30.45 ], [ -87.125, 30.56 ], [ -87.181, 30.585 ], [ -87.153, 30.487 ], [ -87.18, 30.436 ], [ -87.263, 30.401 ], [ -87.266, 30.357 ], [ -87.307, 30.329 ], [ -87.446, 30.298 ], [ -87.482, 30.326 ], [ -87.433, 30.332 ] ] ], [ [ [ -82.672, 28.715 ], [ -82.696, 28.729 ], [ -82.666, 28.734 ], [ -82.672, 28.715 ] ] ], [ [ [ -82.697, 28.761 ], [ -82.673, 28.777 ], [ -82.682, 28.76 ], [ -82.697, 28.761 ] ] ], [ [ [ -83.05, 29.132 ], [ -83.05, 29.156 ], [ -83.03, 29.14 ], [ -83.05, 29.132 ] ] ], [ [ [ -85.109, 29.634 ], [ -85.213, 29.689 ], [ -85.084, 29.675 ], [ -85.109, 29.634 ] ] ], [ [ [ -84.698, 29.755 ], [ -84.788, 29.696 ], [ -84.969, 29.612 ], [ -85.049, 29.606 ], [ -85.097, 29.627 ], [ -84.987, 29.62 ], [ -84.698, 29.755 ] ] ], [ [ [ -84.609, 29.789 ], [ -84.665, 29.779 ], [ -84.576, 29.82 ], [ -84.609, 29.789 ] ] ], [ [ [ -86.522, 30.401 ], [ -87.241, 30.326 ], [ -87.296, 30.332 ], [ -86.701, 30.415 ], [ -86.522, 30.401 ] ] ], [ [ [ -81.753, 24.576 ], [ -81.753, 24.57 ], [ -81.769, 24.55 ], [ -81.815, 24.543 ], [ -81.753, 24.576 ] ] ], [ [ [ -81.65, 24.576 ], [ -81.726, 24.556 ], [ -81.711, 24.598 ], [ -81.65, 24.576 ] ] ], [ [ [ -81.636, 24.59 ], [ -81.562, 24.623 ], [ -81.581, 24.652 ], [ -81.527, 24.624 ], [ -81.561, 24.693 ], [ -81.506, 24.639 ], [ -81.531, 24.615 ], [ -81.565, 24.602 ], [ -81.636, 24.59 ] ] ], [ [ [ -81.415, 24.648 ], [ -81.418, 24.659 ], [ -81.411, 24.655 ], [ -81.415, 24.648 ] ] ], [ [ [ -81.277, 24.658 ], [ -81.258, 24.668 ], [ -81.276, 24.656 ], [ -81.277, 24.658 ] ] ], [ [ [ -81.447, 24.651 ], [ -81.448, 24.681 ], [ -81.441, 24.651 ], [ -81.447, 24.651 ] ] ], [ [ [ -81.482, 24.683 ], [ -81.516, 24.665 ], [ -81.515, 24.698 ], [ -81.482, 24.683 ] ] ], [ [ [ -81.326, 24.684 ], [ -81.329, 24.703 ], [ -81.318, 24.675 ], [ -81.326, 24.684 ] ] ], [ [ [ -81.355, 24.686 ], [ -81.363, 24.631 ], [ -81.43, 24.755 ], [ -81.388, 24.727 ], [ -81.355, 24.686 ] ] ], [ [ [ -81.373, 25.816 ], [ -81.44, 25.804 ], [ -81.441, 25.842 ], [ -81.373, 25.816 ] ] ], [ [ [ -81.453, 25.826 ], [ -81.52, 25.849 ], [ -81.474, 25.872 ], [ -81.453, 25.826 ] ] ], [ [ [ -81.548, 25.857 ], [ -81.548, 25.882 ], [ -81.558, 25.903 ], [ -81.534, 25.879 ], [ -81.548, 25.857 ] ] ], [ [ [ -81.672, 25.867 ], [ -81.708, 25.899 ], [ -81.663, 25.897 ], [ -81.672, 25.867 ] ] ], [ [ [ -82.046, 26.444 ], [ -82.088, 26.42 ], [ -82.164, 26.454 ], [ -82.205, 26.55 ], [ -82.149, 26.469 ], [ -82.046, 26.444 ] ] ], [ [ [ -81.04, 24.734 ], [ -81.088, 24.686 ], [ -81.136, 24.707 ], [ -81.061, 24.731 ], [ -81.04, 24.734 ] ] ], [ [ [ -80.956, 24.769 ], [ -80.924, 24.775 ], [ -81.033, 24.721 ], [ -80.956, 24.769 ] ] ], [ [ [ -80.8, 24.844 ], [ -80.802, 24.81 ], [ -80.855, 24.803 ], [ -80.8, 24.844 ] ] ], [ [ [ -80.711, 24.864 ], [ -80.73, 24.863 ], [ -80.701, 24.881 ], [ -80.711, 24.864 ] ] ], [ [ [ -80.626, 24.924 ], [ -80.657, 24.901 ], [ -80.619, 24.942 ], [ -80.626, 24.924 ] ] ], [ [ [ -80.361, 25.159 ], [ -80.579, 24.95 ], [ -80.598, 24.95 ], [ -80.437, 25.119 ], [ -80.459, 25.156 ], [ -80.413, 25.147 ], [ -80.357, 25.227 ], [ -80.369, 25.286 ], [ -80.252, 25.344 ], [ -80.361, 25.159 ] ] ], [ [ [ -81.052, 25.278 ], [ -81.073, 25.31 ], [ -81.043, 25.307 ], [ -81.052, 25.278 ] ] ], [ [ [ -81.089, 25.339 ], [ -81.122, 25.337 ], [ -81.117, 25.342 ], [ -81.089, 25.339 ] ] ], [ [ [ -80.235, 25.405 ], [ -80.2, 25.49 ], [ -80.188, 25.498 ], [ -80.203, 25.437 ], [ -80.235, 25.405 ] ] ], [ [ [ -80.163, 25.673 ], [ -80.183, 25.714 ], [ -80.156, 25.735 ], [ -80.163, 25.673 ] ] ], [ [ [ -80.447, 27.856 ], [ -80.361, 27.701 ], [ -80.163, 27.174 ], [ -80.293, 27.417 ], [ -80.447, 27.856 ] ] ], [ [ [ -80.629, 28.181 ], [ -80.641, 28.204 ], [ -80.649, 28.223 ], [ -80.629, 28.181 ] ] ], [ [ [ -80.612, 28.569 ], [ -80.67, 28.288 ], [ -80.65, 28.225 ], [ -80.715, 28.37 ], [ -80.74, 28.517 ], [ -80.629, 28.599 ], [ -80.612, 28.569 ] ] ] ] } },
{ "type": "Feature", "properties": { "code": "US-GA" }, "geometry": { "type": "MultiPolygon", "coordinates": [ [ [ [ -81.462, 30.726 ], [ -81.482, 30.904 ], [ -81.417, 30.97 ], [ -81.462, 30.726 ] ] ], [ [ [ -81.221, 31.528 ], [ -81.175, 31.521 ], [ -81.28, 31.385 ], [ -81.289, 31.44 ], [ -81.221, 31.528 ] ] ], [ [ [ -81.136, 31.698 ], [ -81.128, 31.629 ], [ -81.175, 31.571 ], [ -81.179, 31.636 ], [ -81.136, 31.698 ] ] ], [ [ [ -80.998, 32.087 ], [ -80.836, 32.003 ], [ -80.903, 31.951 ], [ -80.937, 31.976 ], [ -80.963, 31.931 ], [ -80.924, 31.909 ], [ -80.98, 31.865 ], [ -81.118, 31.908 ], [ -81.09, 31.876 ], [ -81.143, 31.855 ], [ -81.04, 31.827 ], [ -81.106, 31.743 ], [ -81.273, 31.766 ], [ -81.196, 31.718 ], [ -81.331, 31.552 ], [ -81.331, 31.467 ], [ -81.365, 31.438 ], [ -81.326, 31.349 ], [ -81.492, 31.368 ], [ -81.328, 31.315 ], [ -81.268, 31.259 ], [ -81.386, 31.142 ], [ -81.418, 31.149 ], [ -81.423, 31.22 ], [ -81.455, 31.206 ], [ -81.452, 31.117 ], [ -81.496, 31.126 ], [ -81.43, 31.073 ], [ -81.404, 31.121 ], [ -81.424, 31.025 ], [ -81.514, 31.093 ], [ -81.451, 31.022 ], [ -81.52, 30.984 ], [ -81.451, 30.964 ], [ -81.499, 30.906 ], [ -81.492, 30.847 ], [ -81.533, 30.854 ], [ -81.492, 30.772 ], [ -81.5, 30.712 ], [ -81.66, 30.728 ], [ -81.962, 30.818 ], [ -82.041, 30.737 ], [ -82.047, 30.65 ], [ -82.011, 30.566 ], [ -82.058, 30.369 ], [ -82.192, 30.374 ], [ -82.24, 30.565 ], [ -84.876, 30.719 ], [ -84.92, 30.76 ], [ -84.944, 30.892 ], [ -85.008, 30.984 ], [ -85.018, 31.087 ], [ -85.101, 31.183 ], [ -85.11, 31.272 ], [ -85.043, 31.535 ], [ -85.144, 31.824 ], [ -85.06, 32.004 ], [ -85.031, 32.17 ], [ -84.898, 32.269 ], [ -84.992, 32.337 ], [ -84.968, 32.434 ], [ -85.103, 32.653 ], [ -85.201, 32.935 ], [ -85.606, 34.985 ], [ -83.115, 35.0 ], [ -83.134, 34.942 ], [ -83.308, 34.82 ], [ -83.355, 34.708 ], [ -83.233, 34.623 ], [ -83.168, 34.613 ], [ -83.047, 34.497 ], [ -82.857, 34.461 ], [ -82.729, 34.171 ], [ -82.608, 34.056 ], [ -82.571, 33.968 ], [ -82.273, 33.778 ], [ -82.174, 33.616 ], [ -82.062, 33.575 ], [ -81.938, 33.476 ], [ -81.931, 33.361 ], [ -81.842, 33.314 ], [ -81.848, 33.26 ], [ -81.777, 33.218 ], [ -81.76, 33.156 ], [ -81.518, 33.04 ], [ -81.5, 32.932 ], [ -81.403, 32.745 ], [ -81.406, 32.624 ], [ -81.201, 32.485 ], [ -81.132, 32.321 ], [ -81.156, 32.194 ], [ -81.136, 32.136 ], [ -81.078, 32.087 ], [ -80.998, 32.087 ] ] ] ] } },
{ "type": "Feature", "properties": { "code": "US-HI" }, "geometry": { "type": "MultiPolygon", "coordinates": [ [ [ [ -160.06, 22.001 ], [ -160.085, 21.894 ], [ -160.172, 21.849 ], [ -160.198, 21.784 ], [ -160.235, 21.793 ], [ -160.234, 21.874 ], [ -160.124, 21.956 ], [ -160.114, 22.0 ], [ -160.06, 22.001 ] ] ], [ [ [ -161.945, 23.046 ], [ -161.941, 23.042 ], [ -161.948, 23.038 ], [ -161.945, 23.046 ] ] ], [ [ [ -164.707, 23.573 ], [ -164.704, 23.579 ], [ -164.699, 23.571 ], [ -164.707, 23.573 ] ] ], [ [ [ -168.0, 25.016 ], [ -167.997, 25.001 ], [ -168.003, 25.015 ], [ -168.0, 25.016 ] ] ], [ [ [ -171.741, 25.769 ], [ -171.729, 25.752 ], [ -171.739, 25.756 ], [ -171.741, 25.769 ] ] ], [ [ [ -173.959, 26.06 ], [ -173.966, 26.059 ], [ -173.965, 26.071 ], [ -173.959, 26.06 ] ] ], [ [ [ -178.288, 28.393 ], [ -178.304, 28.388 ], [ -178.29, 28.402 ], [ -178.288, 28.393 ] ] ], [ [ [ -154.814, 19.507 ], [ -154.875, 19.413 ], [ -154.982, 19.339 ], [ -155.203, 19.256 ], [ -155.291, 19.26 ], [ -155.503, 19.138 ], [ -155.675, 18.906 ], [ -155.704, 18.949 ], [ -155.878, 19.029 ], [ -155.92, 19.139 ], [ -155.887, 19.36 ], [ -156.06, 19.731 ], [ -155.835, 19.976 ], [ -155.824, 20.02 ], [ -155.897, 20.149 ], [ -155.88, 20.252 ], [ -155.738, 20.244 ], [ -155.712, 20.196 ], [ -155.586, 20.123 ], [ -155.421, 20.09 ], [ -155.168, 19.947 ], [ -155.087, 19.86 ], [ -155.085, 19.727 ], [ -154.99, 19.727 ], [ -154.95, 19.611 ], [ -154.814, 19.507 ] ] ], [ [ [ -156.545, 20.513 ], [ -156.679, 20.505 ], [ -156.701, 20.525 ], [ -156.583, 20.6 ], [ -156.537, 20.571 ], [ -156.545, 20.513 ] ] ], [ [ [ -155.985, 20.718 ], [ -156.303, 20.581 ], [ -156.408, 20.587 ], [ -156.452, 20.636 ], [ -156.464, 20.781 ], [ -156.62, 20.807 ], [ -156.685, 20.882 ], [ -156.677, 20.988 ], [ -156.598, 21.033 ], [ -156.526, 20.987 ], [ -156.482, 20.904 ], [ -156.331, 20.951 ], [ -156.243, 20.942 ], [ -156.119, 20.836 ], [ -156.002, 20.8 ], [ -155.985, 20.718 ] ] ], [ [ [ -156.804, 20.813 ], [ -156.831, 20.764 ], [ -156.962, 20.732 ], [ -156.992, 20.846 ], [ -157.063, 20.89 ], [ -157.032, 20.923 ], [ -156.893, 20.914 ], [ -156.804, 20.813 ] ] ], [ [ [ -156.925, 21.171 ], [ -156.706, 21.157 ], [ -156.756, 21.096 ], [ -156.87, 21.053 ], [ -157.304, 21.11 ], [ -157.251, 21.18 ], [ -157.26, 21.222 ], [ -156.99, 21.183 ], [ -156.966, 21.213 ], [ -156.925, 21.171 ] ] ], [ [ [ -157.647, 21.306 ], [ -157.693, 21.263 ], [ -157.715, 21.282 ], [ -157.811, 21.254 ], [ -157.895, 21.332 ], [ -157.947, 21.303 ], [ -157.968, 21.348 ], [ -157.932, 21.372 ], [ -157.991, 21.391 ], [ -157.99, 21.359 ], [ -158.02, 21.383 ], [ -157.981, 21.319 ], [ -158.099, 21.295 ], [ -158.279, 21.575 ], [ -158.121, 21.586 ], [ -158.014, 21.701 ], [ -157.97, 21.709 ], [ -157.836, 21.534 ], [ -157.842, 21.461 ], [ -157.776, 21.413 ], [ -157.774, 21.454 ], [ -157.726, 21.459 ], [ -157.739, 21.405 ], [ -157.647, 21.306 ] ] ], [ [ [ -159.293, 22.146 ], [ -159.334, 21.958 ], [ -159.437, 21.869 ], [ -159.605, 21.892 ], [ -159.787, 22.019 ], [ -159.787, 22.066 ], [ -159.717, 22.158 ], [ -159.559, 22.233 ], [ -159.508, 22.208 ], [ -159.4, 22.235 ], [ -159.339, 22.213 ], [ -159.293, 22.146 ] ] ] ] } },
{ "type": "Feature", "properties": { "code": "US-IA" }, "geometry": { "type": "MultiPolygon", "coordinates": [ [ [ [ -96.58, 43.285 ], [ -96.533, 43.375 ], [ -96.593, 43.442 ], [ -96.595, 43.499 ], [ -91.25, 43.501 ], [ -91.209, 43.373 ], [ -91.086, 43.317 ], [ -91.168, 43.16 ], [ -91.141, 42.928 ], [ -91.045, 42.742 ], [ -90.703, 42.655 ], [ -90.626, 42.544 ], [ -90.642, 42.476 ], [ -90.432, 42.353 ], [ -90.403, 42.245 ], [ -90.17, 42.116 ], [ -90.149, 41.976 ], [ -90.201, 41.814 ], [ -90.305, 41.749 ], [ -90.346, 41.605 ], [ -90.422, 41.554 ], [ -90.603, 41.51 ], [ -90.705, 41.451 ], [ -91.031, 41.414 ], [ -91.099, 41.236 ], [ -91.082, 41.19 ], [ -90.969, 41.116 ], [ -90.949, 40.982 ], [ -91.083, 40.839 ], [ -91.153, 40.672 ], [ -91.401, 40.581 ], [ -91.383, 40.393 ], [ -91.494, 40.403 ], [ -91.731, 40.619 ], [ -94.131, 40.575 ], [ -95.768, 40.6 ], [ -95.773, 40.661 ], [ -95.869, 40.729 ], [ -95.828, 40.794 ], [ -95.825, 40.889 ], [ -95.882, 41.065 ], [ -95.876, 41.167 ], [ -95.853, 41.176 ], [ -95.924, 41.208 ], [ -95.917, 41.266 ], [ -95.87, 41.309 ], [ -95.958, 41.338 ], [ -95.924, 41.455 ], [ -96.0, 41.48 ], [ -95.996, 41.541 ], [ -96.082, 41.55 ], [ -96.101, 41.69 ], [ -96.074, 41.819 ], [ -96.153, 41.898 ], [ -96.154, 41.988 ], [ -96.232, 42.029 ], [ -96.277, 42.137 ], [ -96.342, 42.181 ], [ -96.336, 42.283 ], [ -96.402, 42.369 ], [ -96.397, 42.497 ], [ -96.483, 42.518 ], [ -96.542, 42.63 ], [ -96.524, 42.653 ], [ -96.638, 42.751 ], [ -96.561, 42.848 ], [ -96.509, 43.041 ], [ -96.455, 43.122 ], [ -96.481, 43.217 ], [ -96.571, 43.229 ], [ -96.58, 43.285 ] ] ] ] } },
{ "type": "Feature", "properties": { "code": "US-ID" }, "geometry": { "type": "MultiPolygon", "coordinates": [ [ [ [ -117.038, 48.993 ], [ -116.048, 48.993 ], [ -116.049, 48.004 ], [ -115.719, 47.7 ], [ -115.677, 47.604 ], [ -115.733, 47.556 ], [ -115.639, 47.479 ], [ -115.724, 47.442 ], [ -115.586, 47.388 ], [ -115.497, 47.304 ], [ -115.333, 47.264 ], [ -115.052, 46.997 ], [ -114.918, 46.923 ], [ -114.905, 46.842 ], [ -114.766, 46.774 ], [ -114.761, 46.716 ], [ -114.663, 46.748 ], [ -114.623, 46.72 ], [ -114.636, 46.674 ], [ -114.567, 46.644 ], [ -114.329, 46.672 ], [ -114.339, 46.536 ], [ -114.4, 46.501 ], [ -114.371, 46.454 ], [ -114.454, 46.27 ], [ -114.433, 46.191 ], [ -114.503, 46.16 ], [ -114.451, 46.109 ], [ -114.474, 46.013 ], [ -114.404, 45.985 ], [ -114.415, 45.929 ], [ -114.388, 45.888 ], [ -114.495, 45.845 ], [ -114.55, 45.784 ], [ -114.494, 45.705 ], [ -114.54, 45.632 ], [ -114.541, 45.569 ], [ -114.451, 45.559 ], [ -114.298, 45.484 ], [ -114.222, 45.543 ], [ -114.109, 45.573 ], [ -113.998, 45.655 ], [ -113.99, 45.703 ], [ -113.803, 45.608 ], [ -113.811, 45.535 ], [ -113.757, 45.508 ], [ -113.764, 45.438 ], [ -113.715, 45.38 ], [ -113.715, 45.309 ], [ -113.436, 45.022 ], [ -113.44, 44.964 ], [ -113.481, 44.934 ], [ -113.434, 44.863 ], [ -113.334, 44.794 ], [ -113.233, 44.819 ], [ -113.141, 44.776 ], [ -113.045, 44.652 ], [ -113.069, 44.609 ], [ -112.993, 44.532 ], [ -112.996, 44.465 ], [ -112.838, 44.377 ], [ -112.809, 44.388 ], [ -112.823, 44.436 ], [ -112.751, 44.489 ], [ -112.68, 44.505 ], [ -112.39, 44.458 ], [ -112.328, 44.537 ], [ -112.242, 44.569 ], [ -112.082, 44.539 ], [ -111.87, 44.562 ], [ -111.809, 44.528 ], [ -111.667, 44.567 ], [ -111.461, 44.549 ], [ -111.503, 44.584 ], [ -111.494, 44.644 ], [ -111.451, 44.666 ], [ -111.461, 44.715 ], [ -111.375, 44.755 ], [ -111.308, 44.732 ], [ -111.21, 44.594 ], [ -111.051, 44.498 ], [ -111.05, 42.0 ], [ -117.017, 42.0 ], [ -117.031, 43.829 ], [ -116.971, 43.893 ], [ -116.936, 44.017 ], [ -116.969, 44.1 ], [ -116.921, 44.114 ], [ -116.892, 44.177 ], [ -116.961, 44.224 ], [ -116.973, 44.268 ], [ -117.044, 44.26 ], [ -117.099, 44.292 ], [ -117.14, 44.264 ], [ -117.195, 44.298 ], [ -117.204, 44.482 ], [ -117.122, 44.554 ], [ -117.029, 44.734 ], [ -116.864, 44.866 ], [ -116.822, 44.967 ], [ -116.831, 45.025 ], [ -116.717, 45.151 ], [ -116.649, 45.348 ], [ -116.455, 45.601 ], [ -116.543, 45.762 ], [ -116.759, 45.838 ], [ -116.839, 45.91 ], [ -116.961, 46.105 ], [ -116.909, 46.162 ], [ -116.942, 46.26 ], [ -117.044, 46.378 ], [ -117.038, 48.993 ] ] ] ] } },
{ "type": "Feature", "properties": { "code": "US-IL" }, "geometry": { "type": "MultiPolygon", "coordinates": [ [ [ [ -90.585, 38.878 ], [ -90.658, 38.921 ], [ -90.703, 38.995 ], [ -90.703, 39.101 ], [ -90.774, 39.279 ], [ -91.051, 39.452 ], [ -91.104, 39.533 ], [ -91.375, 39.736 ], [ -91.449, 39.866 ], [ -91.443, 39.94 ], [ -91.493, 40.01 ], [ -91.519, 40.175 ], [ -91.473, 40.358 ], [ -91.374, 40.403 ], [ -91.401, 40.581 ], [ -91.153, 40.672 ], [ -91.083, 40.839 ], [ -90.949, 40.982 ], [ -90.969, 41.116 ], [ -91.082, 41.19 ], [ -91.099, 41.236 ], [ -91.031, 41.414 ], [ -90.705, 41.451 ], [ -90.603, 41.51 ], [ -90.441, 41.543 ], [ -90.346, 41.605 ], [ -90.305, 41.749 ], [ -90.189, 41.835 ], [ -90.14, 42.031 ], [ -90.17, 42.116 ], [ -90.403, 42.245 ], [ -90.432, 42.353 ], [ -90.642, 42.476 ], [ -90.641, 42.512 ], [ -87.019, 42.496 ], [ -87.208, 41.76 ], [ -87.521, 41.76 ], [ -87.533, 39.362 ], [ -87.615, 39.32 ], [ -87.599, 39.206 ], [ -87.663, 39.157 ], [ -87.667, 39.118 ], [ -87.536, 38.958 ], [ -87.557, 38.878 ], [ -87.511, 38.763 ], [ -87.548, 38.683 ], [ -87.6, 38.669 ], [ -87.662, 38.572 ], [ -87.653, 38.497 ], [ -87.762, 38.461 ], [ -87.752, 38.422 ], [ -87.818, 38.372 ], [ -87.849, 38.294 ], [ -87.875, 38.317 ], [ -87.905, 38.28 ], [ -87.946, 38.299 ], [ -87.992, 38.233 ], [ -87.934, 38.16 ], [ -88.03, 38.098 ], [ -87.968, 38.084 ], [ -88.045, 38.052 ], [ -88.038, 37.906 ], [ -88.112, 37.899 ], [ -88.04, 37.833 ], [ -88.099, 37.828 ], [ -88.045, 37.807 ], [ -88.05, 37.774 ], [ -88.163, 37.64 ], [ -88.091, 37.491 ], [ -88.489, 37.385 ], [ -88.512, 37.303 ], [ -88.434, 37.169 ], [ -88.454, 37.096 ], [ -88.561, 37.077 ], [ -88.955, 37.228 ], [ -89.078, 37.185 ], [ -89.179, 37.062 ], [ -89.124, 36.98 ], [ -89.188, 36.981 ], [ -89.26, 37.083 ], [ -89.309, 37.071 ], [ -89.275, 37.0 ], [ -89.377, 37.047 ], [ -89.474, 37.244 ], [ -89.523, 37.268 ], [ -89.523, 37.307 ], [ -89.441, 37.398 ], [ -89.523, 37.542 ], [ -89.523, 37.679 ], [ -89.647, 37.734 ], [ -89.722, 37.837 ], [ -89.923, 37.953 ], [ -90.111, 38.017 ], [ -90.368, 38.239 ], [ -90.378, 38.338 ], [ -90.196, 38.638 ], [ -90.198, 38.744 ], [ -90.135, 38.813 ], [ -90.144, 38.857 ], [ -90.428, 38.967 ], [ -90.585, 38.878 ] ] ] ] } },
{ "type": "Feature", "properties": { "code": "US-IN" }, "geometry": { "type": "MultiPolygon", "coordinates": [ [ [ [ -84.806, 41.758 ], [ -84.824, 39.097 ], [ -84.873, 39.062 ], [ -84.823, 38.974 ], [ -84.877, 38.92 ], [ -84.784, 38.893 ], [ -84.82, 38.828 ], [ -84.806, 38.795 ], [ -84.936, 38.792 ], [ -85.186, 38.694 ], [ -85.257, 38.741 ], [ -85.455, 38.726 ], [ -85.415, 38.553 ], [ -85.527, 38.469 ], [ -85.59, 38.461 ], [ -85.665, 38.31 ], [ -85.758, 38.27 ], [ -85.829, 38.277 ], [ -85.901, 38.18 ], [ -85.931, 38.029 ], [ -86.051, 37.97 ], [ -86.259, 38.059 ], [ -86.292, 38.154 ], [ -86.383, 38.195 ], [ -86.333, 38.147 ], [ -86.416, 38.115 ], [ -86.462, 38.137 ], [ -86.444, 38.069 ], [ -86.519, 38.04 ], [ -86.523, 37.938 ], [ -86.59, 37.919 ], [ -86.624, 37.854 ], [ -86.663, 37.864 ], [ -86.644, 37.901 ], [ -86.773, 37.924 ], [ -86.819, 37.995 ], [ -87.02, 37.919 ], [ -87.118, 37.789 ], [ -87.165, 37.847 ], [ -87.405, 37.942 ], [ -87.549, 37.913 ], [ -87.599, 37.976 ], [ -87.618, 37.956 ], [ -87.591, 37.884 ], [ -87.627, 37.835 ], [ -87.68, 37.837 ], [ -87.687, 37.907 ], [ -87.797, 37.878 ], [ -87.909, 37.932 ], [ -87.934, 37.902 ], [ -87.9, 37.83 ], [ -87.951, 37.782 ], [ -88.095, 37.818 ], [ -88.04, 37.833 ], [ -88.112, 37.899 ], [ -88.038, 37.906 ], [ -88.045, 38.052 ], [ -87.968, 38.084 ], [ -88.03, 38.098 ], [ -87.934, 38.16 ], [ -87.992, 38.233 ], [ -87.946, 38.299 ], [ -87.905, 38.28 ], [ -87.875, 38.317 ], [ -87.849, 38.294 ], [ -87.818, 38.372 ], [ -87.752, 38.422 ], [ -87.762, 38.461 ], [ -87.653, 38.497 ], [ -87.662, 38.572 ], [ -87.6, 38.669 ], [ -87.548, 38.683 ], [ -87.511, 38.763 ], [ -87.557, 38.878 ], [ -87.536, 38.958 ], [ -87.667, 39.118 ], [ -87.663, 39.157 ], [ -87.599, 39.206 ], [ -87.615, 39.32 ], [ -87.533, 39.362 ], [ -87.521, 41.76 ], [ -84.806, 41.758 ] ] ] ] } },
{ "type": "Feature", "properties": { "code": "US-KS" }, "geometry": { "type": "MultiPolygon", "coordinates": [ [ [ [ -102.04, 37.0 ], [ -102.051, 40.0 ], [ -95.317, 40.0 ], [ -95.091, 39.861 ], [ -94.948, 39.901 ], [ -94.951, 39.866 ], [ -94.882, 39.821 ], [ -94.875, 39.742 ], [ -94.969, 39.739 ], [ -95.111, 39.55 ], [ -95.026, 39.454 ], [ -94.9, 39.385 ], [ -94.901, 39.327 ], [ -94.83, 39.217 ], [ -94.613, 39.153 ], [ -94.618, 37.0 ], [ -102.04, 37.0 ] ] ] ] } },
{ "type": "Feature", "properties": { "code": "US-KY" }, "geometry": { "type": "MultiPolygon", "coordinates": [ [ [ [ -89.56, 36.5 ], [ -89.57, 36.556 ], [ -89.503, 36.554 ], [ -89.494, 36.501 ], [ -89.56, 36.5 ] ] ], [ [ [ -89.226, 36.581 ], [ -89.133, 36.761 ], [ -89.153, 36.839 ], [ -89.119, 36.962 ], [ -89.179, 37.062 ], [ -89.078, 37.185 ], [ -89.002, 37.223 ], [ -88.907, 37.22 ], [ -88.561, 37.077 ], [ -88.484, 37.072 ], [ -88.433, 37.137 ], [ -88.512, 37.303 ], [ -88.489, 37.385 ], [ -88.091, 37.491 ], [ -88.157, 37.664 ], [ -88.06, 37.751 ], [ -88.045, 37.807 ], [ -87.951, 37.782 ], [ -87.9, 37.83 ], [ -87.927, 37.923 ], [ -87.797, 37.878 ], [ -87.687, 37.907 ], [ -87.657, 37.825 ], [ -87.601, 37.857 ], [ -87.599, 37.976 ], [ -87.549, 37.913 ], [ -87.405, 37.942 ], [ -87.165, 37.847 ], [ -87.118, 37.789 ], [ -87.02, 37.919 ], [ -86.819, 37.995 ], [ -86.773, 37.924 ], [ -86.644, 37.901 ], [ -86.663, 37.864 ], [ -86.624, 37.854 ], [ -86.59, 37.919 ], [ -86.523, 37.938 ], [ -86.519, 38.04 ], [ -86.444, 38.069 ], [ -86.462, 38.137 ], [ -86.416, 38.115 ], [ -86.333, 38.147 ], [ -86.383, 38.195 ], [ -86.292, 38.154 ], [ -86.259, 38.059 ], [ -86.051, 37.97 ], [ -85.931, 38.029 ], [ -85.901, 38.18 ], [ -85.829, 38.277 ], [ -85.758, 38.27 ], [ -85.665, 38.31 ], [ -85.59, 38.461 ], [ -85.527, 38.469 ], [ -85.415, 38.553 ], [ -85.455, 38.726 ], [ -85.257, 38.741 ], [ -85.186, 38.694 ], [ -84.936, 38.792 ], [ -84.806, 38.795 ], [ -84.82, 38.828 ], [ -84.784, 38.893 ], [ -84.877, 38.92 ], [ -84.823, 38.974 ], [ -84.873, 39.062 ], [ -84.73, 39.146 ], [ -84.637, 39.077 ], [ -84.444, 39.102 ], [ -84.307, 39.017 ], [ -84.218, 38.823 ], [ -84.084, 38.778 ], [ -83.866, 38.762 ], [ -83.714, 38.639 ], [ -83.651, 38.636 ], [ -83.616, 38.683 ], [ -83.534, 38.707 ], [ -83.369, 38.66 ], [ -83.305, 38.601 ], [ -83.152, 38.619 ], [ -83.031, 38.716 ], [ -82.886, 38.745 ], [ -82.827, 38.586 ], [ -82.698, 38.535 ], [ -82.589, 38.419 ], [ -82.572, 38.248 ], [ -82.637, 38.162 ], [ -82.47, 37.981 ], [ -82.482, 37.937 ], [ -82.425, 37.898 ], [ -82.296, 37.688 ], [ -82.116, 37.563 ], [ -81.965, 37.539 ], [ -82.351, 37.278 ], [ -82.682, 37.137 ], [ -82.712, 37.047 ], [ -82.849, 36.98 ], [ -82.869, 36.901 ], [ -83.062, 36.852 ], [ -83.129, 36.753 ], [ -83.509, 36.669 ], [ -83.73, 36.586 ], [ -86.508, 36.664 ], [ -87.839, 36.643 ], [ -87.869, 36.674 ], [ -88.067, 36.69 ], [ -88.043, 36.499 ], [ -89.424, 36.499 ], [ -89.359, 36.638 ], [ -89.285, 36.578 ], [ -89.226, 36.581 ] ] ] ] } },
{ "type": "Feature", "properties": { "code": "US-LA" }, "geometry": { "type": "MultiPolygon", "coordinates": [ [ [ [ -90.944, 29.061 ], [ -90.903, 29.057 ], [ -90.88, 29.051 ], [ -90.915, 29.051 ], [ -90.944, 29.061 ] ] ], [ [ [ -90.642, 29.073 ], [ -90.749, 29.041 ], [ -90.767, 29.047 ], [ -90.642, 29.073 ] ] ], [ [ [ -90.42, 29.049 ], [ -90.511, 29.08 ], [ -90.413, 29.049 ], [ -90.42, 29.049 ] ] ], [ [ [ -90.311, 29.082 ], [ -90.284, 29.079 ], [ -90.347, 29.058 ], [ -90.311, 29.082 ] ] ], [ [ [ -89.955, 29.257 ], [ -90.031, 29.216 ], [ -89.955, 29.271 ], [ -89.955, 29.257 ] ] ], [ [ [ -90.446, 29.26 ], [ -90.434, 29.255 ], [ -90.453, 29.224 ], [ -90.446, 29.26 ] ] ], [ [ [ -89.914, 29.285 ], [ -89.939, 29.277 ], [ -89.913, 29.29 ], [ -89.914, 29.285 ] ] ], [ [ [ -89.996, 29.445 ], [ -90.102, 29.478 ], [ -90.12, 29.506 ], [ -90.02, 29.487 ], [ -89.996, 29.445 ] ] ], [ [ [ -91.84, 29.484 ], [ -92.035, 29.596 ], [ -91.917, 29.648 ], [ -91.714, 29.574 ], [ -91.781, 29.493 ], [ -91.84, 29.484 ] ] ], [ [ [ -89.44, 29.748 ], [ -89.459, 29.771 ], [ -89.49, 29.736 ], [ -89.491, 29.794 ], [ -89.441, 29.785 ], [ -89.44, 29.748 ] ] ], [ [ [ -89.613, 30.169 ], [ -89.586, 30.175 ], [ -89.736, 30.185 ], [ -89.751, 30.237 ], [ -89.969, 30.265 ], [ -90.059, 30.36 ], [ -90.189, 30.391 ], [ -90.245, 30.374 ], [ -90.405, 30.22 ], [ -90.433, 30.143 ], [ -90.38, 30.08 ], [ -90.145, 30.024 ], [ -89.996, 30.052 ], [ -89.88, 30.155 ], [ -89.789, 30.099 ], [ -89.736, 30.175 ], [ -89.743, 30.1 ], [ -89.683, 30.14 ], [ -89.708, 30.162 ], [ -89.667, 30.164 ], [ -89.64, 30.141 ], [ -89.718, 30.033 ], [ -89.8, 30.051 ], [ -89.84, 30.011 ], [ -89.811, 29.947 ], [ -89.708, 29.956 ], [ -89.729, 29.922 ], [ -89.665, 29.875 ], [ -89.602, 29.891 ], [ -89.566, 30.001 ], [ -89.503, 30.031 ], [ -89.486, 30.076 ], [ -89.427, 30.038 ], [ -89.373, 30.055 ], [ -89.435, 30.024 ], [ -89.455, 29.976 ], [ -89.37, 29.951 ], [ -89.435, 29.929 ], [ -89.414, 29.902 ], [ -89.37, 29.919 ], [ -89.394, 29.88 ], [ -89.332, 29.88 ], [ -89.38, 29.833 ], [ -89.345, 29.792 ], [ -89.386, 29.798 ], [ -89.414, 29.764 ], [ -89.407, 29.792 ], [ -89.483, 29.833 ], [ -89.533, 29.756 ], [ -89.601, 29.735 ], [ -89.586, 29.689 ], [ -89.522, 29.687 ], [ -89.483, 29.634 ], [ -89.702, 29.71 ], [ -89.62, 29.627 ], [ -89.757, 29.634 ], [ -89.723, 29.623 ], [ -89.678, 29.528 ], [ -89.524, 29.47 ], [ -89.54, 29.398 ], [ -89.337, 29.391 ], [ -89.381, 29.363 ], [ -89.281, 29.358 ], [ -89.244, 29.316 ], [ -89.197, 29.353 ], [ -89.113, 29.264 ], [ -89.147, 29.237 ], [ -89.02, 29.209 ], [ -89.01, 29.175 ], [ -89.051, 29.188 ], [ -89.097, 29.16 ], [ -89.023, 29.147 ], [ -89.065, 29.086 ], [ -89.099, 29.12 ], [ -89.085, 29.079 ], [ -89.106, 29.1 ], [ -89.151, 29.048 ], [ -89.147, 28.99 ], [ -89.248, 29.106 ], [ -89.25, 29.065 ], [ -89.31, 29.05 ], [ -89.414, 28.928 ], [ -89.276, 29.16 ], [ -89.304, 29.127 ], [ -89.322, 29.182 ], [ -89.325, 29.12 ], [ -89.384, 29.088 ], [ -89.483, 29.243 ], [ -89.455, 29.25 ], [ -89.495, 29.26 ], [ -89.496, 29.229 ], [ -89.662, 29.301 ], [ -89.818, 29.316 ], [ -89.744, 29.37 ], [ -89.777, 29.38 ], [ -89.776, 29.421 ], [ -89.82, 29.417 ], [ -89.816, 29.474 ], [ -89.852, 29.48 ], [ -89.86, 29.444 ], [ -89.908, 29.477 ], [ -89.942, 29.464 ], [ -90.099, 29.545 ], [ -90.127, 29.524 ], [ -90.182, 29.579 ], [ -90.21, 29.515 ], [ -90.024, 29.429 ], [ -90.051, 29.407 ], [ -90.037, 29.339 ], [ -90.059, 29.36 ], [ -90.018, 29.298 ], [ -90.067, 29.31 ], [ -90.065, 29.285 ], [ -90.095, 29.284 ], [ -90.084, 29.225 ], [ -90.051, 29.229 ], [ -90.08, 29.175 ], [ -90.229, 29.087 ], [ -90.271, 29.167 ], [ -90.261, 29.269 ], [ -90.287, 29.235 ], [ -90.339, 29.311 ], [ -90.394, 29.243 ], [ -90.434, 29.357 ], [ -90.483, 29.291 ], [ -90.603, 29.308 ], [ -90.586, 29.229 ], [ -90.62, 29.243 ], [ -90.641, 29.141 ], [ -90.675, 29.161 ], [ -90.706, 29.12 ], [ -90.805, 29.127 ], [ -90.777, 29.168 ], [ -90.846, 29.182 ], [ -90.884, 29.134 ], [ -90.955, 29.186 ], [ -91.011, 29.182 ], [ -90.99, 29.209 ], [ -91.015, 29.224 ], [ -91.08, 29.196 ], [ -91.285, 29.261 ], [ -91.328, 29.295 ], [ -91.34, 29.339 ], [ -91.293, 29.323 ], [ -91.223, 29.38 ], [ -91.215, 29.343 ], [ -91.161, 29.339 ], [ -91.154, 29.25 ], [ -91.113, 29.271 ], [ -91.122, 29.338 ], [ -91.263, 29.469 ], [ -91.228, 29.608 ], [ -91.258, 29.614 ], [ -91.299, 29.484 ], [ -91.424, 29.521 ], [ -91.429, 29.566 ], [ -91.559, 29.538 ], [ -91.561, 29.642 ], [ -91.644, 29.645 ], [ -91.638, 29.742 ], [ -91.778, 29.748 ], [ -91.858, 29.719 ], [ -91.874, 29.778 ], [ -91.826, 29.802 ], [ -91.848, 29.831 ], [ -91.984, 29.832 ], [ -92.135, 29.736 ], [ -92.141, 29.767 ], [ -92.202, 29.764 ], [ -92.172, 29.696 ], [ -92.1, 29.71 ], [ -92.142, 29.689 ], [ -92.107, 29.62 ], [ -92.025, 29.627 ], [ -92.067, 29.616 ], [ -92.066, 29.588 ], [ -92.276, 29.534 ], [ -92.683, 29.604 ], [ -93.2, 29.773 ], [ -93.559, 29.763 ], [ -93.831, 29.7 ], [ -93.894, 29.791 ], [ -93.782, 29.857 ], [ -93.76, 29.961 ], [ -93.798, 29.986 ], [ -93.717, 30.08 ], [ -93.704, 30.144 ], [ -93.715, 30.287 ], [ -93.756, 30.373 ], [ -93.704, 30.473 ], [ -93.731, 30.566 ], [ -93.574, 30.82 ], [ -93.574, 30.898 ], [ -93.538, 30.944 ], [ -93.578, 31.008 ], [ -93.515, 31.042 ], [ -93.56, 31.097 ], [ -93.548, 31.193 ], [ -93.6, 31.198 ], [ -93.676, 31.32 ], [ -93.654, 31.374 ], [ -93.743, 31.473 ], [ -93.727, 31.515 ], [ -93.83, 31.594 ], [ -93.813, 31.708 ], [ -93.84, 31.79 ], [ -94.043, 31.998 ], [ -94.041, 33.011 ], [ -91.166, 33.014 ], [ -91.163, 32.972 ], [ -91.072, 32.923 ], [ -91.133, 32.859 ], [ -91.157, 32.771 ], [ -91.07, 32.711 ], [ -91.168, 32.666 ], [ -91.099, 32.567 ], [ -91.105, 32.465 ], [ -91.006, 32.404 ], [ -90.99, 32.357 ], [ -90.917, 32.34 ], [ -90.913, 32.31 ], [ -91.032, 32.148 ], [ -91.095, 32.141 ], [ -91.069, 32.085 ], [ -91.091, 32.014 ], [ -91.351, 31.841 ], [ -91.436, 31.573 ], [ -91.529, 31.501 ], [ -91.496, 31.411 ], [ -91.529, 31.293 ], [ -91.648, 31.272 ], [ -91.605, 31.206 ], [ -91.627, 31.142 ], [ -91.579, 31.056 ], [ -91.657, 31.0 ], [ -89.735, 31.0 ], [ -89.846, 30.682 ], [ -89.799, 30.566 ], [ -89.678, 30.457 ], [ -89.588, 30.212 ], [ -89.526, 30.193 ], [ -89.566, 30.163 ], [ -89.613, 30.169 ] ] ], [ [ [ -89.168, 29.504 ], [ -89.183, 29.473 ], [ -89.222, 29.47 ], [ -89.168, 29.504 ] ] ], [ [ [ -89.054, 29.56 ], [ -89.099, 29.521 ], [ -89.05, 29.565 ], [ -89.054, 29.56 ] ] ], [ [ [ -88.978, 29.632 ], [ -88.97, 29.64 ], [ -88.965, 29.643 ], [ -88.978, 29.632 ] ] ], [ [ [ -88.939, 29.673 ], [ -88.874, 29.747 ], [ -88.925, 29.683 ], [ -88.939, 29.673 ] ] ], [ [ [ -89.277, 29.812 ], [ -89.291, 29.771 ], [ -89.337, 29.807 ], [ -89.277, 29.812 ] ] ], [ [ [ -88.811, 29.915 ], [ -88.821, 29.833 ], [ -88.855, 29.769 ], [ -88.818, 29.935 ], [ -88.872, 30.059 ], [ -88.818, 29.984 ], [ -88.811, 29.915 ] ] ], [ [ [ -89.234, 29.948 ], [ -89.294, 29.92 ], [ -89.295, 29.925 ], [ -89.234, 29.948 ] ] ], [ [ [ -89.296, 29.942 ], [ -89.328, 29.916 ], [ -89.273, 29.982 ], [ -89.296, 29.942 ] ] ], [ [ [ -89.222, 30.034 ], [ -89.26, 30.073 ], [ -89.345, 30.066 ], [ -89.181, 30.169 ], [ -89.25, 30.102 ], [ -89.216, 30.059 ], [ -89.188, 30.08 ], [ -89.222, 30.034 ] ] ], [ [ [ -89.439, 30.137 ], [ -89.425, 30.143 ], [ -89.431, 30.133 ], [ -89.439, 30.137 ] ] ] ] } },
{ "type": "Feature", "properties": { "code": "US-MA" }, "geometry": { "type": "MultiPolygon", "coordinates": [ [ [ [ -70.814, 41.263 ], [ -70.802, 41.248 ], [ -70.832, 41.257 ], [ -70.814, 41.263 ] ] ], [ [ [ -70.029, 41.386 ], [ -69.967, 41.249 ], [ -70.138, 41.247 ], [ -70.278, 41.308 ], [ -70.09, 41.29 ], [ -70.02, 41.331 ], [ -70.076, 41.311 ], [ -70.037, 41.373 ], [ -70.052, 41.397 ], [ -70.029, 41.386 ] ] ], [ [ [ -70.517, 41.414 ], [ -70.507, 41.363 ], [ -70.696, 41.352 ], [ -70.776, 41.304 ], [ -70.846, 41.347 ], [ -70.782, 41.354 ], [ -70.605, 41.474 ], [ -70.604, 41.448 ], [ -70.556, 41.469 ], [ -70.576, 41.428 ], [ -70.517, 41.414 ] ] ], [ [ [ -70.501, 41.394 ], [ -70.446, 41.414 ], [ -70.453, 41.359 ], [ -70.501, 41.394 ] ] ], [ [ [ -70.859, 41.448 ], [ -70.876, 41.422 ], [ -70.949, 41.414 ], [ -70.859, 41.448 ] ] ], [ [ [ -70.679, 41.51 ], [ -70.791, 41.449 ], [ -70.84, 41.451 ], [ -70.711, 41.519 ], [ -70.679, 41.51 ] ] ], [ [ [ -69.973, 41.654 ], [ -70.002, 41.554 ], [ -70.021, 41.551 ], [ -69.973, 41.654 ] ] ], [ [ [ -71.111, 41.797 ], [ -71.176, 41.727 ], [ -71.237, 41.71 ], [ -71.324, 41.778 ], [ -71.338, 41.89 ], [ -71.379, 41.901 ], [ -71.387, 42.016 ], [ -72.758, 42.033 ], [ -72.806, 42.007 ], [ -72.808, 42.033 ], [ -73.481, 42.055 ], [ -73.507, 42.079 ], [ -73.266, 42.746 ], [ -71.306, 42.701 ], [ -71.196, 42.752 ], [ -71.141, 42.816 ], [ -70.916, 42.887 ], [ -70.814, 42.877 ], [ -70.809, 42.826 ], [ -70.864, 42.826 ], [ -70.806, 42.801 ], [ -70.775, 42.716 ], [ -70.824, 42.75 ], [ -70.82, 42.719 ], [ -70.742, 42.682 ], [ -70.775, 42.675 ], [ -70.757, 42.657 ], [ -70.682, 42.632 ], [ -70.68, 42.668 ], [ -70.632, 42.695 ], [ -70.597, 42.634 ], [ -70.878, 42.538 ], [ -70.892, 42.503 ], [ -70.854, 42.524 ], [ -70.838, 42.499 ], [ -70.922, 42.466 ], [ -70.892, 42.428 ], [ -70.963, 42.438 ], [ -70.953, 42.359 ], [ -71.037, 42.372 ], [ -71.015, 42.339 ], [ -71.038, 42.308 ], [ -70.993, 42.311 ], [ -70.95, 42.243 ], [ -70.867, 42.265 ], [ -70.899, 42.318 ], [ -70.742, 42.236 ], [ -70.591, 42.017 ], [ -70.638, 42.011 ], [ -70.617, 42.017 ], [ -70.648, 42.065 ], [ -70.665, 42.011 ], [ -70.715, 42.003 ], [ -70.655, 41.957 ], [ -70.545, 41.941 ], [ -70.533, 41.816 ], [ -70.439, 41.756 ], [ -70.275, 41.736 ], [ -70.34, 41.726 ], [ -70.275, 41.715 ], [ -70.0, 41.816 ], [ -70.021, 41.907 ], [ -69.987, 41.921 ], [ -70.038, 41.942 ], [ -70.069, 41.893 ], [ -70.1, 42.037 ], [ -70.166, 42.064 ], [ -70.189, 42.018 ], [ -70.247, 42.061 ], [ -70.216, 42.085 ], [ -70.051, 42.04 ], [ -69.925, 41.838 ], [ -69.972, 41.839 ], [ -69.98, 41.797 ], [ -69.934, 41.793 ], [ -69.939, 41.674 ], [ -70.185, 41.661 ], [ -70.273, 41.611 ], [ -70.261, 41.646 ], [ -70.392, 41.619 ], [ -70.418, 41.64 ], [ -70.48, 41.574 ], [ -70.659, 41.521 ], [ -70.686, 41.531 ], [ -70.624, 41.729 ], [ -70.71, 41.748 ], [ -70.713, 41.688 ], [ -70.85, 41.63 ], [ -70.845, 41.592 ], [ -70.905, 41.64 ], [ -70.925, 41.551 ], [ -71.04, 41.507 ], [ -71.07, 41.517 ], [ -71.044, 41.537 ], [ -71.062, 41.564 ], [ -71.122, 41.513 ], [ -71.131, 41.661 ], [ -71.194, 41.677 ], [ -71.111, 41.797 ] ] ] ] } },
{ "type": "Feature", "properties": { "code": "US-MD" }, "geometry": { "type": "MultiPolygon", "coordinates": [ [ [ [ -75.994, 37.954 ], [ -76.044, 37.954 ], [ -76.051, 37.994 ], [ -76.003, 38.001 ], [ -76.039, 38.021 ], [ -76.017, 38.039 ], [ -75.981, 37.993 ], [ -75.994, 37.954 ] ] ], [ [ [ -75.251, 38.037 ], [ -75.2, 38.104 ], [ -75.179, 38.168 ], [ -75.092, 38.303 ], [ -75.19, 38.09 ], [ -75.251, 38.037 ] ] ], [ [ [ -76.084, 38.161 ], [ -76.049, 38.2 ], [ -76.024, 38.178 ], [ -76.033, 38.149 ], [ -76.084, 38.161 ] ] ], [ [ [ -75.045, 38.425 ], [ -75.079, 38.337 ], [ -75.044, 38.454 ], [ -75.045, 38.425 ] ] ], [ [ [ -75.763, 37.978 ], [ -75.858, 37.931 ], [ -75.873, 37.96 ], [ -75.845, 37.994 ], [ -75.886, 37.988 ], [ -75.743, 38.111 ], [ -75.853, 38.09 ], [ -75.78, 38.155 ], [ -75.941, 38.135 ], [ -75.928, 38.194 ], [ -75.819, 38.234 ], [ -75.907, 38.271 ], [ -75.843, 38.404 ], [ -75.963, 38.248 ], [ -75.996, 38.313 ], [ -75.955, 38.351 ], [ -75.99, 38.362 ], [ -76.037, 38.309 ], [ -76.017, 38.268 ], [ -76.038, 38.232 ], [ -76.21, 38.392 ], [ -76.216, 38.317 ], [ -76.319, 38.474 ], [ -76.286, 38.5 ], [ -76.264, 38.466 ], [ -76.242, 38.521 ], [ -76.172, 38.566 ], [ -76.286, 38.563 ], [ -76.256, 38.597 ], [ -76.277, 38.625 ], [ -76.161, 38.631 ], [ -76.182, 38.618 ], [ -76.054, 38.568 ], [ -75.97, 38.607 ], [ -75.963, 38.659 ], [ -76.024, 38.593 ], [ -76.105, 38.625 ], [ -76.092, 38.659 ], [ -76.154, 38.653 ], [ -76.106, 38.686 ], [ -76.166, 38.681 ], [ -76.168, 38.728 ], [ -76.199, 38.675 ], [ -76.234, 38.757 ], [ -76.292, 38.721 ], [ -76.288, 38.776 ], [ -76.341, 38.673 ], [ -76.305, 38.823 ], [ -76.253, 38.855 ], [ -76.173, 38.757 ], [ -76.109, 38.801 ], [ -76.177, 38.786 ], [ -76.188, 38.847 ], [ -76.106, 38.878 ], [ -76.161, 38.926 ], [ -76.198, 38.878 ], [ -76.197, 38.936 ], [ -76.247, 38.951 ], [ -76.329, 38.916 ], [ -76.328, 38.865 ], [ -76.375, 38.842 ], [ -76.315, 39.029 ], [ -76.285, 38.989 ], [ -76.198, 38.979 ], [ -76.151, 39.009 ], [ -76.168, 39.057 ], [ -76.065, 39.146 ], [ -76.175, 39.124 ], [ -76.204, 39.015 ], [ -76.243, 39.033 ], [ -76.236, 39.098 ], [ -76.273, 39.168 ], [ -76.175, 39.316 ], [ -76.105, 39.372 ], [ -75.839, 39.371 ], [ -76.034, 39.393 ], [ -75.935, 39.475 ], [ -75.839, 39.461 ], [ -75.894, 39.509 ], [ -75.832, 39.584 ], [ -76.001, 39.453 ], [ -75.935, 39.604 ], [ -76.008, 39.549 ], [ -76.083, 39.558 ], [ -76.12, 39.495 ], [ -76.068, 39.458 ], [ -76.21, 39.365 ], [ -76.232, 39.475 ], [ -76.267, 39.379 ], [ -76.247, 39.344 ], [ -76.284, 39.311 ], [ -76.312, 39.403 ], [ -76.401, 39.393 ], [ -76.333, 39.351 ], [ -76.369, 39.313 ], [ -76.431, 39.318 ], [ -76.401, 39.256 ], [ -76.483, 39.311 ], [ -76.397, 39.238 ], [ -76.449, 39.195 ], [ -76.445, 39.218 ], [ -76.497, 39.209 ], [ -76.571, 39.274 ], [ -76.623, 39.26 ], [ -76.433, 39.131 ], [ -76.433, 39.067 ], [ -76.456, 39.091 ], [ -76.516, 39.076 ], [ -76.394, 39.025 ], [ -76.456, 38.989 ], [ -76.569, 39.066 ], [ -76.571, 39.039 ], [ -76.452, 38.944 ], [ -76.46, 38.912 ], [ -76.569, 38.953 ], [ -76.493, 38.899 ], [ -76.537, 38.892 ], [ -76.532, 38.839 ], [ -76.494, 38.826 ], [ -76.552, 38.776 ], [ -76.522, 38.725 ], [ -76.512, 38.528 ], [ -76.382, 38.385 ], [ -76.393, 38.354 ], [ -76.454, 38.324 ], [ -76.483, 38.392 ], [ -76.636, 38.474 ], [ -76.681, 38.679 ], [ -76.674, 38.486 ], [ -76.451, 38.293 ], [ -76.373, 38.299 ], [ -76.393, 38.246 ], [ -76.321, 38.139 ], [ -76.324, 38.044 ], [ -76.415, 38.108 ], [ -76.456, 38.207 ], [ -76.469, 38.139 ], [ -76.504, 38.166 ], [ -76.517, 38.132 ], [ -76.617, 38.223 ], [ -76.804, 38.254 ], [ -76.828, 38.363 ], [ -76.881, 38.399 ], [ -76.839, 38.257 ], [ -76.922, 38.292 ], [ -77.032, 38.481 ], [ -77.095, 38.409 ], [ -77.1, 38.461 ], [ -77.134, 38.453 ], [ -77.113, 38.433 ], [ -77.134, 38.399 ], [ -77.204, 38.364 ], [ -77.255, 38.394 ], [ -77.267, 38.494 ], [ -77.228, 38.557 ], [ -77.186, 38.557 ], [ -77.184, 38.605 ], [ -77.126, 38.618 ], [ -77.089, 38.689 ], [ -77.012, 38.697 ], [ -77.035, 38.708 ], [ -77.023, 38.803 ], [ -76.909, 38.893 ], [ -77.042, 38.996 ], [ -77.12, 38.934 ], [ -77.233, 38.987 ], [ -77.272, 39.048 ], [ -77.445, 39.085 ], [ -77.515, 39.153 ], [ -77.46, 39.208 ], [ -77.467, 39.244 ], [ -77.751, 39.351 ], [ -77.748, 39.423 ], [ -77.806, 39.448 ], [ -77.771, 39.502 ], [ -77.821, 39.497 ], [ -77.839, 39.543 ], [ -77.86, 39.516 ], [ -77.88, 39.564 ], [ -77.837, 39.581 ], [ -77.847, 39.612 ], [ -77.969, 39.602 ], [ -78.184, 39.704 ], [ -78.28, 39.635 ], [ -78.434, 39.624 ], [ -78.406, 39.594 ], [ -78.455, 39.586 ], [ -78.433, 39.562 ], [ -78.469, 39.534 ], [ -78.577, 39.529 ], [ -78.749, 39.577 ], [ -78.738, 39.611 ], [ -78.775, 39.638 ], [ -78.808, 39.568 ], [ -78.958, 39.454 ], [ -79.048, 39.483 ], [ -79.103, 39.467 ], [ -79.29, 39.306 ], [ -79.486, 39.207 ], [ -79.477, 39.722 ], [ -75.789, 39.721 ], [ -75.694, 38.46 ], [ -75.083, 38.447 ], [ -75.118, 38.437 ], [ -75.104, 38.395 ], [ -75.18, 38.408 ], [ -75.094, 38.335 ], [ -75.164, 38.234 ], [ -75.197, 38.233 ], [ -75.187, 38.262 ], [ -75.233, 38.239 ], [ -75.29, 38.111 ], [ -75.356, 38.09 ], [ -75.377, 38.015 ], [ -75.616, 37.996 ], [ -75.648, 37.966 ], [ -75.763, 37.978 ] ] ] ] } },
{ "type": "Feature", "properties": { "code": "US-ME" }, "geometry": { "type": "MultiPolygon", "coordinates": [ [ [ [ -69.673, 43.853 ], [ -69.647, 43.837 ], [ -69.652, 43.79 ], [ -69.685, 43.811 ], [ -69.673, 43.853 ] ] ], [ [ [ -69.678, 43.968 ], [ -69.715, 43.859 ], [ -69.73, 43.891 ], [ -69.678, 43.968 ] ] ], [ [ [ -68.775, 44.062 ], [ -68.835, 44.035 ], [ -68.91, 44.096 ], [ -68.884, 44.114 ], [ -68.775, 44.062 ] ] ], [ [ [ -68.863, 44.12 ], [ -68.901, 44.134 ], [ -68.943, 44.117 ], [ -68.82, 44.178 ], [ -68.811, 44.149 ], [ -68.863, 44.12 ] ] ], [ [ [ -68.609, 44.213 ], [ -68.656, 44.199 ], [ -68.623, 44.171 ], [ -68.662, 44.156 ], [ -68.72, 44.172 ], [ -68.725, 44.219 ], [ -68.69, 44.219 ], [ -68.679, 44.27 ], [ -68.609, 44.213 ] ] ], [ [ [ -68.934, 44.236 ], [ -68.924, 44.307 ], [ -68.885, 44.3 ], [ -68.934, 44.236 ] ] ], [ [ [ -68.904, 44.319 ], [ -68.911, 44.366 ], [ -68.884, 44.392 ], [ -68.859, 44.358 ], [ -68.904, 44.319 ] ] ], [ [ [ -71.085, 45.304 ], [ -70.968, 45.345 ], [ -70.892, 45.235 ], [ -70.835, 45.31 ], [ -70.813, 45.423 ], [ -70.697, 45.389 ], [ -70.641, 45.408 ], [ -70.73, 45.508 ], [ -70.59, 45.652 ], [ -70.419, 45.717 ], [ -70.415, 45.804 ], [ -70.263, 45.923 ], [ -70.256, 45.949 ], [ -70.316, 45.983 ], [ -70.292, 46.049 ], [ -70.313, 46.08 ], [ -70.244, 46.141 ], [ -70.281, 46.212 ], [ -70.188, 46.358 ], [ -70.074, 46.42 ], [ -70.008, 46.704 ], [ -69.251, 47.453 ], [ -69.07, 47.432 ], [ -69.057, 47.269 ], [ -68.906, 47.19 ], [ -68.644, 47.245 ], [ -68.518, 47.305 ], [ -68.386, 47.302 ], [ -68.348, 47.359 ], [ -68.3, 47.368 ], [ -67.993, 47.223 ], [ -67.809, 47.075 ], [ -67.785, 45.96 ], [ -67.758, 45.919 ], [ -67.799, 45.876 ], [ -67.773, 45.828 ], [ -67.807, 45.713 ], [ -67.608, 45.62 ], [ -67.431, 45.598 ], [ -67.426, 45.533 ], [ -67.493, 45.493 ], [ -67.429, 45.387 ], [ -67.471, 45.266 ], [ -67.319, 45.154 ], [ -67.255, 45.205 ], [ -67.176, 45.179 ], [ -67.21, 45.171 ], [ -67.04, 44.973 ], [ -67.063, 44.931 ], [ -67.117, 44.948 ], [ -67.122, 44.895 ], [ -67.203, 44.905 ], [ -67.149, 44.816 ], [ -67.142, 44.863 ], [ -67.1, 44.85 ], [ -67.088, 44.888 ], [ -67.066, 44.822 ], [ -67.044, 44.834 ], [ -67.059, 44.897 ], [ -66.977, 44.816 ], [ -67.074, 44.767 ], [ -67.196, 44.644 ], [ -67.262, 44.658 ], [ -67.281, 44.631 ], [ -67.327, 44.657 ], [ -67.332, 44.709 ], [ -67.396, 44.699 ], [ -67.367, 44.627 ], [ -67.409, 44.596 ], [ -67.435, 44.659 ], [ -67.457, 44.665 ], [ -67.454, 44.605 ], [ -67.554, 44.644 ], [ -67.594, 44.616 ], [ -67.566, 44.61 ], [ -67.569, 44.539 ], [ -67.603, 44.528 ], [ -67.659, 44.567 ], [ -67.728, 44.503 ], [ -67.745, 44.596 ], [ -67.786, 44.528 ], [ -67.783, 44.602 ], [ -67.828, 44.584 ], [ -67.875, 44.542 ], [ -67.848, 44.497 ], [ -67.889, 44.487 ], [ -67.902, 44.397 ], [ -67.923, 44.438 ], [ -67.902, 44.487 ], [ -67.937, 44.409 ], [ -67.978, 44.499 ], [ -67.989, 44.466 ], [ -68.029, 44.469 ], [ -67.985, 44.446 ], [ -67.975, 44.395 ], [ -68.015, 44.394 ], [ -68.061, 44.328 ], [ -68.112, 44.48 ], [ -68.149, 44.501 ], [ -68.182, 44.459 ], [ -68.202, 44.525 ], [ -68.222, 44.466 ], [ -68.258, 44.521 ], [ -68.308, 44.529 ], [ -68.273, 44.452 ], [ -68.355, 44.466 ], [ -68.409, 44.405 ], [ -68.432, 44.487 ], [ -68.478, 44.493 ], [ -68.465, 44.39 ], [ -68.485, 44.432 ], [ -68.574, 44.411 ], [ -68.543, 44.366 ], [ -68.556, 44.306 ], [ -68.521, 44.28 ], [ -68.546, 44.274 ], [ -68.513, 44.246 ], [ -68.541, 44.237 ], [ -68.732, 44.328 ], [ -68.821, 44.315 ], [ -68.804, 44.369 ], [ -68.763, 44.363 ], [ -68.766, 44.397 ], [ -68.699, 44.41 ], [ -68.718, 44.446 ], [ -68.816, 44.402 ], [ -68.743, 44.537 ], [ -68.802, 44.56 ], [ -68.828, 44.479 ], [ -68.807, 44.473 ], [ -68.987, 44.421 ], [ -68.937, 44.332 ], [ -68.999, 44.295 ], [ -69.088, 44.137 ], [ -69.065, 44.068 ], [ -69.142, 43.999 ], [ -69.191, 43.993 ], [ -69.191, 43.952 ], [ -69.263, 43.93 ], [ -69.219, 44.008 ], [ -69.311, 43.942 ], [ -69.303, 43.981 ], [ -69.369, 43.973 ], [ -69.347, 44.008 ], [ -69.364, 44.061 ], [ -69.441, 43.981 ], [ -69.513, 43.835 ], [ -69.54, 43.898 ], [ -69.548, 43.835 ], [ -69.567, 43.942 ], [ -69.534, 44.021 ], [ -69.586, 43.948 ], [ -69.592, 43.808 ], [ -69.595, 43.849 ], [ -69.67, 43.874 ], [ -69.649, 43.924 ], [ -69.623, 43.917 ], [ -69.657, 43.955 ], [ -69.63, 44.027 ], [ -69.759, 43.886 ], [ -69.732, 43.87 ], [ -69.746, 43.814 ], [ -69.705, 43.842 ], [ -69.758, 43.76 ], [ -69.807, 43.983 ], [ -69.783, 44.057 ], [ -69.883, 43.977 ], [ -69.822, 43.961 ], [ -69.791, 43.733 ], [ -69.839, 43.709 ], [ -69.841, 43.818 ], [ -69.879, 43.871 ], [ -69.904, 43.857 ], [ -69.883, 43.801 ], [ -69.985, 43.726 ], [ -69.926, 43.829 ], [ -69.931, 43.849 ], [ -70.027, 43.74 ], [ -69.951, 43.849 ], [ -70.02, 43.829 ], [ -69.986, 43.863 ], [ -70.183, 43.757 ], [ -70.239, 43.7 ], [ -70.232, 43.664 ], [ -70.287, 43.65 ], [ -70.211, 43.635 ], [ -70.205, 43.561 ], [ -70.344, 43.539 ], [ -70.368, 43.467 ], [ -70.322, 43.453 ], [ -70.571, 43.298 ], [ -70.583, 43.189 ], [ -70.672, 43.086 ], [ -70.715, 43.122 ], [ -70.744, 43.084 ], [ -70.825, 43.161 ], [ -70.822, 43.247 ], [ -70.978, 43.402 ], [ -70.958, 43.562 ], [ -71.085, 45.304 ] ] ], [ [ [ -68.599, 44.047 ], [ -68.663, 44.02 ], [ -68.651, 44.065 ], [ -68.607, 44.089 ], [ -68.599, 44.047 ] ] ], [ [ [ -68.404, 44.134 ], [ -68.49, 44.141 ], [ -68.506, 44.16 ], [ -68.46, 44.185 ], [ -68.391, 44.163 ], [ -68.404, 44.134 ] ] ], [ [ [ -68.199, 44.309 ], [ -68.314, 44.308 ], [ -68.296, 44.25 ], [ -68.341, 44.224 ], [ -68.435, 44.3 ], [ -68.355, 44.423 ], [ -68.274, 44.439 ], [ -68.185, 44.357 ], [ -68.199, 44.309 ] ] ], [ [ [ -68.475, 44.324 ], [ -68.53, 44.331 ], [ -68.512, 44.379 ], [ -68.475, 44.324 ] ] ], [ [ [ -67.616, 44.505 ], [ -67.582, 44.514 ], [ -67.585, 44.444 ], [ -67.594, 44.457 ], [ -67.616, 44.505 ] ] ], [ [ [ -67.302, 44.596 ], [ -67.303, 44.625 ], [ -67.271, 44.613 ], [ -67.302, 44.596 ] ] ], [ [ [ -67.038, 44.955 ], [ -66.99, 44.898 ], [ -67.045, 44.944 ], [ -67.038, 44.955 ] ] ] ] } },
{ "type": "Feature", "properties": { "code": "US-MI" }, "geometry": { "type": "MultiPolygon", "coordinates": [ [ [ [ -89.499, 47.995 ], [ -89.34, 47.984 ], [ -88.643, 48.257 ], [ -88.347, 48.299 ], [ -84.879, 46.898 ], [ -84.773, 46.633 ], [ -84.567, 46.461 ], [ -84.492, 46.457 ], [ -84.39, 46.52 ], [ -84.305, 46.502 ], [ -84.197, 46.546 ], [ -84.11, 46.526 ], [ -84.159, 46.433 ], [ -84.105, 46.348 ], [ -84.097, 46.225 ], [ -83.965, 46.063 ], [ -83.839, 46.119 ], [ -83.614, 46.116 ], [ -83.463, 46.008 ], [ -83.637, 45.774 ], [ -83.484, 45.772 ], [ -82.589, 45.372 ], [ -82.532, 45.294 ], [ -82.145, 43.601 ], [ -82.411, 43.051 ], [ -82.526, 42.62 ], [ -82.833, 42.398 ], [ -83.08, 42.305 ], [ -83.129, 42.24 ], [ -83.159, 42.046 ], [ -83.131, 41.938 ], [ -83.414, 41.735 ], [ -84.806, 41.697 ], [ -84.806, 41.758 ], [ -87.208, 41.76 ], [ -87.019, 42.496 ], [ -87.147, 43.38 ], [ -87.114, 43.765 ], [ -87.061, 43.97 ], [ -86.891, 44.466 ], [ -86.715, 44.845 ], [ -86.498, 45.076 ], [ -86.251, 45.236 ], [ -86.764, 45.444 ], [ -87.092, 45.444 ], [ -87.199, 45.323 ], [ -87.403, 45.205 ], [ -87.436, 45.079 ], [ -87.654, 45.121 ], [ -87.735, 45.199 ], [ -87.661, 45.37 ], [ -87.689, 45.389 ], [ -87.849, 45.356 ], [ -87.882, 45.377 ], [ -87.866, 45.446 ], [ -87.804, 45.5 ], [ -87.803, 45.687 ], [ -87.902, 45.759 ], [ -88.11, 45.803 ], [ -88.086, 45.877 ], [ -88.123, 45.931 ], [ -88.529, 46.025 ], [ -88.631, 46.006 ], [ -88.837, 46.036 ], [ -89.119, 46.148 ], [ -90.118, 46.341 ], [ -90.23, 46.509 ], [ -90.341, 46.557 ], [ -90.399, 46.551 ], [ -90.413, 46.584 ], [ -89.499, 47.995 ] ] ] ] } },
{ "type": "Feature", "properties": { "code": "US-MN" }, "geometry": { "type": "MultiPolygon", "coordinates": [ [ [ [ -97.226, 48.993 ], [ -95.177, 48.993 ], [ -95.161, 49.369 ], [ -94.983, 49.356 ], [ -94.827, 49.293 ], [ -94.689, 48.779 ], [ -94.519, 48.704 ], [ -94.293, 48.712 ], [ -94.232, 48.652 ], [ -93.875, 48.636 ], [ -93.779, 48.519 ], [ -93.492, 48.542 ], [ -93.451, 48.597 ], [ -93.386, 48.615 ], [ -92.98, 48.618 ], [ -92.649, 48.536 ], [ -92.627, 48.503 ], [ -92.719, 48.46 ], [ -92.491, 48.433 ], [ -92.462, 48.329 ], [ -92.372, 48.223 ], [ -92.291, 48.25 ], [ -92.282, 48.332 ], [ -92.07, 48.347 ], [ -91.975, 48.237 ], [ -91.744, 48.18 ], [ -91.696, 48.138 ], [ -91.716, 48.112 ], [ -91.59, 48.088 ], [ -91.575, 48.048 ], [ -91.276, 48.065 ], [ -90.874, 48.234 ], [ -90.75, 48.084 ], [ -90.12, 48.115 ], [ -89.92, 47.987 ], [ -89.781, 48.017 ], [ -89.499, 47.995 ], [ -89.958, 47.286 ], [ -90.654, 47.308 ], [ -91.468, 46.924 ], [ -91.965, 46.729 ], [ -92.11, 46.769 ], [ -92.197, 46.711 ], [ -92.215, 46.664 ], [ -92.289, 46.663 ], [ -92.293, 46.083 ], [ -92.363, 46.027 ], [ -92.429, 46.033 ], [ -92.704, 45.913 ], [ -92.768, 45.805 ], [ -92.891, 45.704 ], [ -92.883, 45.576 ], [ -92.751, 45.559 ], [ -92.663, 45.426 ], [ -92.759, 45.283 ], [ -92.75, 45.126 ], [ -92.802, 45.078 ], [ -92.758, 44.926 ], [ -92.82, 44.758 ], [ -92.585, 44.608 ], [ -92.394, 44.58 ], [ -92.286, 44.471 ], [ -92.103, 44.437 ], [ -91.95, 44.336 ], [ -91.817, 44.163 ], [ -91.663, 44.073 ], [ -91.541, 44.066 ], [ -91.408, 44.013 ], [ -91.284, 43.898 ], [ -91.243, 43.74 ], [ -91.25, 43.501 ], [ -96.454, 43.5 ], [ -96.454, 45.297 ], [ -96.566, 45.394 ], [ -96.708, 45.422 ], [ -96.863, 45.601 ], [ -96.839, 45.649 ], [ -96.65, 45.751 ], [ -96.588, 45.839 ], [ -96.556, 45.942 ], [ -96.565, 46.171 ], [ -96.602, 46.324 ], [ -96.715, 46.445 ], [ -96.753, 46.597 ], [ -96.795, 46.642 ], [ -96.802, 46.794 ], [ -96.759, 46.921 ], [ -96.808, 46.944 ], [ -96.828, 47.002 ], [ -96.842, 47.386 ], [ -96.869, 47.417 ], [ -96.856, 47.602 ], [ -96.99, 47.811 ], [ -97.0, 47.924 ], [ -97.122, 48.133 ], [ -97.115, 48.281 ], [ -97.144, 48.376 ], [ -97.123, 48.429 ], [ -97.157, 48.534 ], [ -97.101, 48.651 ], [ -97.226, 48.993 ] ] ] ] } },
{ "type": "Feature", "properties": { "code": "US-MO" }, "geometry": { "type": "MultiPolygon", "coordinates": [ [ [ [ -95.634, 40.309 ], [ -95.696, 40.518 ], [ -95.768, 40.549 ], [ -95.768, 40.6 ], [ -94.131, 40.575 ], [ -91.731, 40.619 ], [ -91.682, 40.551 ], [ -91.442, 40.38 ], [ -91.496, 40.313 ], [ -91.519, 40.175 ], [ -91.493, 40.01 ], [ -91.443, 39.94 ], [ -91.449, 39.866 ], [ -91.375, 39.736 ], [ -91.104, 39.533 ], [ -91.051, 39.452 ], [ -90.774, 39.279 ], [ -90.658, 38.921 ], [ -90.585, 38.878 ], [ -90.428, 38.967 ], [ -90.144, 38.857 ], [ -90.135, 38.813 ], [ -90.198, 38.744 ], [ -90.196, 38.638 ], [ -90.378, 38.338 ], [ -90.368, 38.239 ], [ -90.111, 38.017 ], [ -89.923, 37.953 ], [ -89.722, 37.837 ], [ -89.647, 37.734 ], [ -89.523, 37.679 ], [ -89.523, 37.542 ], [ -89.441, 37.398 ], [ -89.523, 37.307 ], [ -89.523, 37.268 ], [ -89.474, 37.244 ], [ -89.377, 37.047 ], [ -89.275, 37.0 ], [ -89.309, 37.071 ], [ -89.26, 37.083 ], [ -89.188, 36.981 ], [ -89.124, 36.98 ], [ -89.153, 36.839 ], [ -89.133, 36.761 ], [ -89.205, 36.608 ], [ -89.253, 36.569 ], [ -89.37, 36.633 ], [ -89.427, 36.493 ], [ -89.479, 36.452 ], [ -89.505, 36.458 ], [ -89.503, 36.554 ], [ -89.57, 36.556 ], [ -89.531, 36.384 ], [ -89.628, 36.341 ], [ -89.557, 36.275 ], [ -89.695, 36.247 ], [ -89.614, 36.142 ], [ -89.674, 36.102 ], [ -89.724, 36.0 ], [ -90.373, 35.986 ], [ -90.298, 36.113 ], [ -90.067, 36.287 ], [ -90.064, 36.374 ], [ -90.162, 36.5 ], [ -94.618, 36.5 ], [ -94.613, 39.153 ], [ -94.83, 39.217 ], [ -94.901, 39.327 ], [ -94.9, 39.385 ], [ -95.026, 39.454 ], [ -95.111, 39.55 ], [ -94.969, 39.739 ], [ -94.875, 39.742 ], [ -94.882, 39.821 ], [ -94.951, 39.866 ], [ -94.948, 39.901 ], [ -95.091, 39.861 ], [ -95.408, 40.034 ], [ -95.404, 40.114 ], [ -95.485, 40.201 ], [ -95.467, 40.238 ], [ -95.634, 40.309 ] ] ] ] } },
{ "type": "Feature", "properties": { "code": "US-MS" }, "geometry": { "type": "MultiPolygon", "coordinates": [ [ [ [ -88.943, 30.214 ], [ -88.969, 30.211 ], [ -88.928, 30.218 ], [ -88.943, 30.214 ] ] ], [ [ [ -88.427, 30.216 ], [ -88.47, 30.211 ], [ -88.503, 30.224 ], [ -88.427, 30.216 ] ] ], [ [ [ -89.063, 30.25 ], [ -89.085, 30.196 ], [ -89.092, 30.224 ], [ -89.154, 30.23 ], [ -89.063, 30.25 ] ] ], [ [ [ -88.698, 30.258 ], [ -88.556, 30.217 ], [ -88.756, 30.25 ], [ -88.698, 30.258 ] ] ], [ [ [ -88.407, 30.371 ], [ -88.471, 30.324 ], [ -88.568, 30.354 ], [ -88.591, 30.395 ], [ -88.662, 30.355 ], [ -88.742, 30.354 ], [ -88.928, 30.442 ], [ -88.982, 30.422 ], [ -88.859, 30.408 ], [ -89.253, 30.319 ], [ -89.273, 30.331 ], [ -89.25, 30.347 ], [ -89.322, 30.381 ], [ -89.356, 30.35 ], [ -89.319, 30.343 ], [ -89.321, 30.312 ], [ -89.421, 30.258 ], [ -89.443, 30.19 ], [ -89.565, 30.189 ], [ -89.636, 30.302 ], [ -89.678, 30.457 ], [ -89.799, 30.566 ], [ -89.846, 30.682 ], [ -89.735, 31.0 ], [ -91.657, 31.0 ], [ -91.579, 31.056 ], [ -91.627, 31.142 ], [ -91.605, 31.206 ], [ -91.648, 31.272 ], [ -91.529, 31.293 ], [ -91.496, 31.411 ], [ -91.529, 31.501 ], [ -91.436, 31.573 ], [ -91.351, 31.841 ], [ -91.091, 32.014 ], [ -91.069, 32.085 ], [ -91.095, 32.141 ], [ -91.032, 32.148 ], [ -90.91, 32.324 ], [ -90.99, 32.357 ], [ -91.006, 32.404 ], [ -91.105, 32.465 ], [ -91.099, 32.567 ], [ -91.166, 32.644 ], [ -91.157, 32.68 ], [ -91.07, 32.711 ], [ -91.157, 32.771 ], [ -91.133, 32.859 ], [ -91.072, 32.923 ], [ -91.168, 32.982 ], [ -91.161, 33.119 ], [ -91.093, 33.167 ], [ -91.113, 33.28 ], [ -91.182, 33.32 ], [ -91.134, 33.383 ], [ -91.127, 33.478 ], [ -91.235, 33.567 ], [ -91.156, 33.588 ], [ -91.152, 33.633 ], [ -91.226, 33.69 ], [ -91.045, 33.815 ], [ -91.069, 33.884 ], [ -91.036, 33.93 ], [ -91.093, 33.99 ], [ -90.88, 34.061 ], [ -90.882, 34.099 ], [ -90.955, 34.129 ], [ -90.956, 34.157 ], [ -90.864, 34.206 ], [ -90.821, 34.286 ], [ -90.771, 34.284 ], [ -90.759, 34.381 ], [ -90.686, 34.372 ], [ -90.594, 34.425 ], [ -90.568, 34.72 ], [ -90.478, 34.738 ], [ -90.464, 34.828 ], [ -90.272, 34.923 ], [ -90.304, 35.0 ], [ -88.179, 34.998 ], [ -88.088, 34.908 ], [ -88.486, 31.89 ], [ -88.407, 30.371 ] ] ] ] } },
{ "type": "Feature", "properties": { "code": "US-MT" }, "geometry": { "type": "MultiPolygon", "coordinates": [ [ [ [ -116.048, 48.993 ], [ -104.048, 48.993 ], [ -104.039, 45.0 ], [ -111.051, 45.0 ], [ -111.051, 44.498 ], [ -111.21, 44.594 ], [ -111.308, 44.732 ], [ -111.375, 44.755 ], [ -111.461, 44.715 ], [ -111.451, 44.666 ], [ -111.494, 44.644 ], [ -111.503, 44.584 ], [ -111.461, 44.549 ], [ -111.667, 44.567 ], [ -111.809, 44.528 ], [ -111.87, 44.562 ], [ -112.082, 44.539 ], [ -112.242, 44.569 ], [ -112.328, 44.537 ], [ -112.39, 44.458 ], [ -112.68, 44.505 ], [ -112.751, 44.489 ], [ -112.823, 44.436 ], [ -112.809, 44.388 ], [ -112.838, 44.377 ], [ -112.996, 44.465 ], [ -112.993, 44.532 ], [ -113.069, 44.609 ], [ -113.045, 44.652 ], [ -113.141, 44.776 ], [ -113.233, 44.819 ], [ -113.334, 44.794 ], [ -113.434, 44.863 ], [ -113.481, 44.934 ], [ -113.44, 44.964 ], [ -113.436, 45.022 ], [ -113.715, 45.309 ], [ -113.715, 45.38 ], [ -113.764, 45.438 ], [ -113.757, 45.508 ], [ -113.811, 45.535 ], [ -113.803, 45.608 ], [ -113.99, 45.703 ], [ -113.998, 45.655 ], [ -114.109, 45.573 ], [ -114.222, 45.543 ], [ -114.298, 45.484 ], [ -114.545, 45.573 ], [ -114.494, 45.705 ], [ -114.55, 45.784 ], [ -114.495, 45.845 ], [ -114.388, 45.888 ], [ -114.415, 45.929 ], [ -114.404, 45.985 ], [ -114.474, 46.013 ], [ -114.451, 46.109 ], [ -114.503, 46.16 ], [ -114.433, 46.191 ], [ -114.454, 46.27 ], [ -114.371, 46.454 ], [ -114.4, 46.501 ], [ -114.339, 46.536 ], [ -114.325, 46.665 ], [ -114.567, 46.644 ], [ -114.636, 46.674 ], [ -114.623, 46.72 ], [ -114.663, 46.748 ], [ -114.761, 46.716 ], [ -114.766, 46.774 ], [ -114.905, 46.842 ], [ -114.918, 46.923 ], [ -115.052, 46.997 ], [ -115.333, 47.264 ], [ -115.497, 47.304 ], [ -115.586, 47.388 ], [ -115.724, 47.442 ], [ -115.639, 47.479 ], [ -115.733, 47.556 ], [ -115.677, 47.604 ], [ -115.719, 47.7 ], [ -116.049, 48.004 ], [ -116.048, 48.993 ] ] ] ] } },
{ "type": "Feature", "properties": { "code": "US-NC" }, "geometry": { "type": "MultiPolygon", "coordinates": [ [ [ [ -77.962, 33.857 ], [ -78.018, 33.876 ], [ -77.942, 33.917 ], [ -77.962, 33.857 ] ] ], [ [ [ -77.819, 34.177 ], [ -77.86, 34.1 ], [ -77.874, 34.088 ], [ -77.844, 34.167 ], [ -77.819, 34.177 ] ] ], [ [ [ -77.353, 34.522 ], [ -77.515, 34.454 ], [ -77.634, 34.362 ], [ -77.579, 34.425 ], [ -77.45, 34.496 ], [ -77.353, 34.522 ] ] ], [ [ [ -76.565, 34.671 ], [ -76.552, 34.637 ], [ -76.655, 34.691 ], [ -76.565, 34.671 ] ] ], [ [ [ -76.681, 34.698 ], [ -76.828, 34.703 ], [ -77.1, 34.65 ], [ -77.054, 34.675 ], [ -76.734, 34.718 ], [ -76.681, 34.698 ] ] ], [ [ [ -76.202, 34.945 ], [ -76.396, 34.788 ], [ -76.531, 34.589 ], [ -76.525, 34.638 ], [ -76.408, 34.794 ], [ -76.202, 34.945 ] ] ], [ [ [ -76.032, 36.55 ], [ -75.974, 36.401 ], [ -75.928, 36.364 ], [ -75.949, 36.398 ], [ -75.919, 36.429 ], [ -75.922, 36.357 ], [ -75.786, 36.082 ], [ -75.863, 36.127 ], [ -75.868, 36.183 ], [ -75.962, 36.307 ], [ -75.996, 36.315 ], [ -75.963, 36.206 ], [ -75.908, 36.165 ], [ -76.02, 36.191 ], [ -76.199, 36.323 ], [ -76.219, 36.288 ], [ -76.063, 36.162 ], [ -76.168, 36.131 ], [ -76.292, 36.213 ], [ -76.195, 36.11 ], [ -76.22, 36.1 ], [ -76.463, 36.206 ], [ -76.312, 36.096 ], [ -76.577, 36.012 ], [ -76.627, 36.062 ], [ -76.644, 36.038 ], [ -76.687, 36.056 ], [ -76.73, 36.182 ], [ -76.68, 36.288 ], [ -76.73, 36.323 ], [ -76.702, 36.285 ], [ -76.752, 36.214 ], [ -76.757, 36.127 ], [ -76.689, 36.007 ], [ -76.73, 35.945 ], [ -76.558, 35.938 ], [ -76.42, 35.981 ], [ -76.387, 35.973 ], [ -76.38, 35.932 ], [ -76.264, 35.925 ], [ -76.307, 35.958 ], [ -76.195, 35.994 ], [ -76.048, 35.984 ], [ -76.031, 35.953 ], [ -76.053, 35.963 ], [ -76.072, 35.919 ], [ -76.024, 35.932 ], [ -76.086, 35.87 ], [ -76.056, 35.793 ], [ -76.124, 35.795 ], [ -76.058, 35.768 ], [ -76.037, 35.699 ], [ -76.141, 35.699 ], [ -76.031, 35.651 ], [ -75.995, 35.73 ], [ -75.99, 35.887 ], [ -75.935, 35.925 ], [ -75.861, 35.881 ], [ -75.908, 35.938 ], [ -75.825, 35.932 ], [ -75.867, 35.945 ], [ -75.853, 35.98 ], [ -75.722, 35.829 ], [ -75.743, 35.768 ], [ -75.721, 35.705 ], [ -75.773, 35.697 ], [ -75.754, 35.612 ], [ -75.839, 35.569 ], [ -75.823, 35.593 ], [ -75.866, 35.596 ], [ -75.886, 35.637 ], [ -75.897, 35.579 ], [ -75.978, 35.525 ], [ -76.028, 35.419 ], [ -76.056, 35.441 ], [ -76.065, 35.384 ], [ -76.15, 35.347 ], [ -76.253, 35.374 ], [ -76.28, 35.351 ], [ -76.355, 35.413 ], [ -76.374, 35.343 ], [ -76.421, 35.377 ], [ -76.38, 35.377 ], [ -76.418, 35.465 ], [ -76.442, 35.404 ], [ -76.483, 35.398 ], [ -76.463, 35.377 ], [ -76.498, 35.391 ], [ -76.575, 35.497 ], [ -76.495, 35.507 ], [ -76.463, 35.541 ], [ -76.585, 35.55 ], [ -76.647, 35.521 ], [ -76.606, 35.493 ], [ -76.62, 35.466 ], [ -76.579, 35.404 ], [ -76.6, 35.395 ], [ -76.647, 35.438 ], [ -76.758, 35.419 ], [ -77.052, 35.534 ], [ -76.976, 35.438 ], [ -76.904, 35.444 ], [ -76.694, 35.354 ], [ -76.497, 35.312 ], [ -76.47, 35.271 ], [ -76.493, 35.23 ], [ -76.565, 35.239 ], [ -76.53, 35.2 ], [ -76.588, 35.209 ], [ -76.675, 35.171 ], [ -76.587, 35.15 ], [ -76.572, 35.178 ], [ -76.561, 35.124 ], [ -76.764, 34.989 ], [ -76.874, 35.009 ], [ -77.079, 35.157 ], [ -76.94, 34.98 ], [ -76.757, 34.91 ], [ -76.632, 34.987 ], [ -76.54, 34.932 ], [ -76.569, 34.993 ], [ -76.49, 34.973 ], [ -76.454, 35.073 ], [ -76.419, 34.987 ], [ -76.464, 34.968 ], [ -76.462, 34.941 ], [ -76.325, 34.976 ], [ -76.353, 35.027 ], [ -76.27, 34.965 ], [ -76.34, 34.94 ], [ -76.355, 34.877 ], [ -76.408, 34.883 ], [ -76.513, 34.734 ], [ -76.584, 34.751 ], [ -76.572, 34.781 ], [ -76.616, 34.816 ], [ -76.633, 34.709 ], [ -76.685, 34.801 ], [ -76.771, 34.753 ], [ -76.73, 34.767 ], [ -76.702, 34.726 ], [ -76.896, 34.739 ], [ -77.093, 34.677 ], [ -77.132, 34.762 ], [ -77.137, 34.682 ], [ -77.175, 34.691 ], [ -77.167, 34.667 ], [ -77.318, 34.564 ], [ -77.401, 34.589 ], [ -77.333, 34.65 ], [ -77.395, 34.712 ], [ -77.382, 34.732 ], [ -77.436, 34.753 ], [ -77.382, 34.632 ], [ -77.45, 34.609 ], [ -77.379, 34.527 ], [ -77.536, 34.469 ], [ -77.73, 34.316 ], [ -77.833, 34.207 ], [ -77.874, 34.122 ], [ -77.911, 33.958 ], [ -77.942, 33.93 ], [ -77.922, 34.109 ], [ -77.963, 34.191 ], [ -77.949, 34.003 ], [ -78.032, 33.892 ], [ -78.333, 33.91 ], [ -78.375, 33.951 ], [ -78.408, 33.911 ], [ -78.559, 33.869 ], [ -78.545, 33.89 ], [ -78.573, 33.883 ], [ -79.654, 34.796 ], [ -80.784, 34.828 ], [ -80.793, 34.962 ], [ -80.934, 35.113 ], [ -81.045, 35.065 ], [ -81.061, 35.152 ], [ -82.391, 35.218 ], [ -82.435, 35.179 ], [ -82.676, 35.127 ], [ -82.751, 35.073 ], [ -83.097, 35.001 ], [ -84.325, 34.987 ], [ -84.291, 35.23 ], [ -84.232, 35.267 ], [ -84.078, 35.268 ], [ -84.011, 35.425 ], [ -83.889, 35.512 ], [ -83.735, 35.566 ], [ -83.499, 35.57 ], [ -83.171, 35.756 ], [ -82.991, 35.784 ], [ -82.908, 35.883 ], [ -82.907, 35.946 ], [ -82.81, 35.933 ], [ -82.77, 36.0 ], [ -82.63, 36.057 ], [ -82.56, 35.962 ], [ -82.377, 36.107 ], [ -82.213, 36.159 ], [ -82.078, 36.104 ], [ -81.892, 36.317 ], [ -81.81, 36.361 ], [ -81.716, 36.344 ], [ -81.744, 36.4 ], [ -81.699, 36.488 ], [ -81.715, 36.526 ], [ -81.659, 36.61 ], [ -81.227, 36.57 ], [ -80.09, 36.54 ], [ -76.381, 36.553 ], [ -76.032, 36.55 ] ] ], [ [ [ -76.041, 35.058 ], [ -76.126, 35.012 ], [ -76.147, 34.992 ], [ -76.078, 35.072 ], [ -76.041, 35.058 ] ] ], [ [ [ -75.99, 35.123 ], [ -75.77, 35.198 ], [ -76.017, 35.075 ], [ -75.99, 35.123 ] ] ], [ [ [ -75.471, 35.505 ], [ -75.525, 35.244 ], [ -75.736, 35.188 ], [ -75.69, 35.231 ], [ -75.516, 35.291 ], [ -75.469, 35.565 ], [ -75.517, 35.781 ], [ -75.455, 35.623 ], [ -75.471, 35.505 ] ] ], [ [ [ -75.722, 35.945 ], [ -75.661, 35.925 ], [ -75.613, 35.863 ], [ -75.625, 35.83 ], [ -75.659, 35.836 ], [ -75.722, 35.945 ] ] ], [ [ [ -75.853, 36.549 ], [ -75.714, 36.13 ], [ -75.524, 35.794 ], [ -75.675, 36.0 ], [ -75.719, 36.01 ], [ -75.68, 36.037 ], [ -75.724, 36.059 ], [ -75.818, 36.297 ], [ -75.881, 36.549 ], [ -75.853, 36.549 ] ] ], [ [ [ -75.901, 36.503 ], [ -75.973, 36.5 ], [ -76.013, 36.55 ], [ -75.909, 36.549 ], [ -75.901, 36.503 ] ] ] ] } },
{ "type": "Feature", "properties": { "code": "US-ND" }, "geometry": { "type": "MultiPolygon", "coordinates": [ [ [ [ -104.048, 48.993 ], [ -97.226, 48.993 ], [ -97.101, 48.651 ], [ -97.157, 48.534 ], [ -97.123, 48.429 ], [ -97.144, 48.376 ], [ -97.115, 48.281 ], [ -97.122, 48.133 ], [ -97.0, 47.924 ], [ -96.99, 47.811 ], [ -96.856, 47.602 ], [ -96.869, 47.417 ], [ -96.842, 47.386 ], [ -96.828, 47.002 ], [ -96.808, 46.944 ], [ -96.759, 46.921 ], [ -96.802, 46.794 ], [ -96.795, 46.642 ], [ -96.753, 46.597 ], [ -96.715, 46.445 ], [ -96.602, 46.324 ], [ -96.556, 45.942 ], [ -104.045, 45.942 ], [ -104.048, 48.993 ] ] ] ] } },
{ "type": "Feature", "properties": { "code": "US-NE" }, "geometry": { "type": "MultiPolygon", "coordinates": [ [ [ [ -104.054, 41.0 ], [ -104.053, 43.0 ], [ -98.485, 43.0 ], [ -98.243, 42.872 ], [ -97.98, 42.782 ], [ -97.839, 42.872 ], [ -97.685, 42.853 ], [ -97.276, 42.884 ], [ -97.127, 42.79 ], [ -96.857, 42.74 ], [ -96.799, 42.687 ], [ -96.697, 42.672 ], [ -96.705, 42.627 ], [ -96.611, 42.534 ], [ -96.397, 42.497 ], [ -96.402, 42.369 ], [ -96.336, 42.283 ], [ -96.342, 42.181 ], [ -96.277, 42.137 ], [ -96.232, 42.029 ], [ -96.154, 41.988 ], [ -96.153, 41.898 ], [ -96.064, 41.796 ], [ -96.101, 41.69 ], [ -96.082, 41.55 ], [ -95.988, 41.534 ], [ -96.0, 41.48 ], [ -95.924, 41.455 ], [ -95.958, 41.338 ], [ -95.87, 41.309 ], [ -95.925, 41.224 ], [ -95.853, 41.176 ], [ -95.876, 41.167 ], [ -95.882, 41.065 ], [ -95.838, 40.982 ], [ -95.828, 40.794 ], [ -95.869, 40.729 ], [ -95.773, 40.661 ], [ -95.768, 40.549 ], [ -95.696, 40.518 ], [ -95.629, 40.345 ], [ -95.65, 40.311 ], [ -95.478, 40.249 ], [ -95.485, 40.201 ], [ -95.404, 40.114 ], [ -95.42, 40.045 ], [ -95.317, 40.0 ], [ -102.051, 40.0 ], [ -102.052, 41.0 ], [ -104.054, 41.0 ] ] ] ] } },
{ "type": "Feature", "properties": { "code": "US-NH" }, "geometry": { "type": "MultiPolygon", "coordinates": [ [ [ [ -71.535, 44.974 ], [ -71.407, 45.205 ], [ -71.449, 45.227 ], [ -71.312, 45.294 ], [ -71.16, 45.246 ], [ -71.085, 45.304 ], [ -70.958, 43.562 ], [ -70.977, 43.395 ], [ -70.822, 43.247 ], [ -70.825, 43.161 ], [ -70.744, 43.084 ], [ -70.755, 43.059 ], [ -70.708, 43.045 ], [ -70.814, 42.877 ], [ -70.926, 42.887 ], [ -71.141, 42.816 ], [ -71.296, 42.702 ], [ -72.467, 42.729 ], [ -72.555, 42.878 ], [ -72.522, 42.976 ], [ -72.471, 43.006 ], [ -72.438, 43.253 ], [ -72.404, 43.3 ], [ -72.392, 43.558 ], [ -72.333, 43.614 ], [ -72.306, 43.72 ], [ -72.214, 43.785 ], [ -72.181, 43.885 ], [ -72.101, 43.973 ], [ -72.118, 44.001 ], [ -72.055, 44.105 ], [ -72.02, 44.318 ], [ -71.859, 44.348 ], [ -71.678, 44.446 ], [ -71.598, 44.515 ], [ -71.593, 44.57 ], [ -71.549, 44.587 ], [ -71.635, 44.74 ], [ -71.515, 44.895 ], [ -71.535, 44.974 ] ] ] ] } },
{ "type": "Feature", "properties": { "code": "US-NJ" }, "geometry": { "type": "MultiPolygon", "coordinates": [ [ [ [ -74.368, 39.465 ], [ -74.302, 39.465 ], [ -74.393, 39.389 ], [ -74.448, 39.42 ], [ -74.387, 39.406 ], [ -74.368, 39.465 ] ] ], [ [ [ -74.109, 39.749 ], [ -74.106, 39.729 ], [ -74.256, 39.522 ], [ -74.24, 39.575 ], [ -74.109, 39.749 ] ] ], [ [ [ -75.532, 39.498 ], [ -75.51, 39.56 ], [ -75.557, 39.621 ], [ -75.44, 39.777 ], [ -75.311, 39.843 ], [ -75.144, 39.875 ], [ -75.099, 39.906 ], [ -75.116, 39.953 ], [ -74.729, 40.163 ], [ -74.975, 40.415 ], [ -75.036, 40.415 ], [ -75.089, 40.558 ], [ -75.182, 40.57 ], [ -75.196, 40.619 ], [ -75.189, 40.759 ], [ -75.105, 40.796 ], [ -75.058, 40.872 ], [ -75.14, 40.982 ], [ -74.938, 41.128 ], [ -74.845, 41.273 ], [ -74.699, 41.356 ], [ -73.907, 40.991 ], [ -74.032, 40.714 ], [ -74.142, 40.646 ], [ -74.112, 40.718 ], [ -74.21, 40.634 ], [ -74.283, 40.497 ], [ -74.206, 40.443 ], [ -73.993, 40.402 ], [ -74.018, 40.481 ], [ -73.979, 40.449 ], [ -73.98, 40.28 ], [ -74.093, 39.776 ], [ -74.051, 40.035 ], [ -74.061, 40.062 ], [ -74.122, 39.997 ], [ -74.102, 39.971 ], [ -74.133, 39.934 ], [ -74.11, 39.922 ], [ -74.127, 39.848 ], [ -74.187, 39.772 ], [ -74.168, 39.699 ], [ -74.328, 39.576 ], [ -74.297, 39.509 ], [ -74.407, 39.557 ], [ -74.384, 39.471 ], [ -74.448, 39.447 ], [ -74.469, 39.399 ], [ -74.413, 39.357 ], [ -74.53, 39.311 ], [ -74.482, 39.365 ], [ -74.51, 39.379 ], [ -74.551, 39.311 ], [ -74.66, 39.289 ], [ -74.551, 39.283 ], [ -74.701, 39.124 ], [ -74.742, 39.118 ], [ -74.708, 39.098 ], [ -74.788, 39.039 ], [ -74.803, 38.988 ], [ -74.955, 38.926 ], [ -74.953, 39.008 ], [ -74.894, 39.108 ], [ -74.906, 39.18 ], [ -75.04, 39.215 ], [ -75.146, 39.187 ], [ -75.176, 39.242 ], [ -75.367, 39.343 ], [ -75.532, 39.498 ] ] ] ] } },
{ "type": "Feature", "properties": { "code": "US-NM" }, "geometry": { "type": "MultiPolygon", "coordinates": [ [ [ [ -106.506, 31.77 ], [ -108.215, 31.778 ], [ -108.215, 31.327 ], [ -109.047, 31.327 ], [ -109.047, 37.0 ], [ -103.001, 37.0 ], [ -103.0, 36.5 ], [ -103.042, 36.5 ], [ -103.066, 32.002 ], [ -106.662, 32.0 ], [ -106.601, 31.836 ], [ -106.506, 31.77 ] ] ] ] } },
{ "type": "Feature", "properties": { "code": "US-NV" }, "geometry": { "type": "MultiPolygon", "coordinates": [ [ [ [ -114.043, 42.0 ], [ -114.042, 36.22 ], [ -114.124, 36.046 ], [ -114.159, 36.03 ], [ -114.257, 36.032 ], [ -114.366, 36.147 ], [ -114.443, 36.128 ], [ -114.555, 36.161 ], [ -114.721, 36.093 ], [ -114.74, 35.986 ], [ -114.667, 35.874 ], [ -114.695, 35.767 ], [ -114.645, 35.631 ], [ -114.668, 35.517 ], [ -114.591, 35.353 ], [ -114.572, 35.213 ], [ -114.582, 35.151 ], [ -114.636, 35.137 ], [ -114.612, 35.083 ], [ -114.628, 35.004 ], [ -118.126, 37.691 ], [ -120.0, 38.999 ], [ -120.001, 42.0 ], [ -114.043, 42.0 ] ] ] ] } },
{ "type": "Feature", "properties": { "code": "US-NY" }, "geometry": { "type": "MultiPolygon", "coordinates": [ [ [ [ -74.084, 40.65 ], [ -74.054, 40.603 ], [ -74.102, 40.555 ], [ -74.251, 40.501 ], [ -74.182, 40.637 ], [ -74.084, 40.65 ] ] ], [ [ [ -73.574, 40.575 ], [ -73.339, 40.645 ], [ -73.248, 40.648 ], [ -73.256, 40.639 ], [ -73.32, 40.635 ], [ -73.574, 40.575 ] ] ], [ [ [ -72.757, 40.769 ], [ -73.148, 40.644 ], [ -73.246, 40.624 ], [ -73.305, 40.63 ], [ -73.255, 40.63 ], [ -73.04, 40.682 ], [ -72.757, 40.769 ] ] ], [ [ [ -73.933, 40.797 ], [ -74.017, 40.699 ], [ -73.918, 40.875 ], [ -73.939, 40.828 ], [ -73.933, 40.797 ] ] ], [ [ [ -71.875, 41.076 ], [ -71.885, 41.045 ], [ -72.407, 40.862 ], [ -72.461, 40.853 ], [ -72.447, 40.879 ], [ -72.497, 40.884 ], [ -72.502, 40.839 ], [ -72.724, 40.77 ], [ -72.651, 40.797 ], [ -72.727, 40.808 ], [ -72.828, 40.79 ], [ -72.853, 40.749 ], [ -73.012, 40.75 ], [ -73.158, 40.7 ], [ -73.233, 40.715 ], [ -73.372, 40.662 ], [ -73.711, 40.61 ], [ -73.582, 40.584 ], [ -73.768, 40.59 ], [ -73.939, 40.542 ], [ -73.769, 40.619 ], [ -73.869, 40.64 ], [ -73.878, 40.582 ], [ -73.988, 40.569 ], [ -74.04, 40.62 ], [ -73.909, 40.789 ], [ -73.758, 40.771 ], [ -73.756, 40.833 ], [ -73.715, 40.805 ], [ -73.697, 40.822 ], [ -73.733, 40.844 ], [ -73.72, 40.866 ], [ -73.653, 40.824 ], [ -73.633, 40.9 ], [ -73.52, 40.918 ], [ -73.549, 40.891 ], [ -73.48, 40.877 ], [ -73.486, 40.946 ], [ -73.431, 40.933 ], [ -73.42, 40.9 ], [ -73.358, 40.9 ], [ -73.402, 40.954 ], [ -73.235, 40.908 ], [ -73.113, 40.973 ], [ -73.091, 40.948 ], [ -73.076, 40.972 ], [ -72.628, 40.984 ], [ -72.343, 41.141 ], [ -72.247, 41.156 ], [ -72.26, 41.125 ], [ -72.304, 41.132 ], [ -72.412, 41.065 ], [ -72.385, 41.044 ], [ -72.437, 41.026 ], [ -72.438, 40.984 ], [ -72.521, 40.985 ], [ -72.625, 40.908 ], [ -72.481, 40.898 ], [ -72.327, 40.999 ], [ -72.322, 41.036 ], [ -72.27, 41.002 ], [ -72.234, 41.044 ], [ -72.187, 41.009 ], [ -72.155, 41.055 ], [ -72.109, 41.001 ], [ -71.875, 41.076 ] ] ], [ [ [ -72.323, 41.095 ], [ -72.28, 41.079 ], [ -72.276, 41.032 ], [ -72.371, 41.055 ], [ -72.323, 41.095 ] ] ], [ [ [ -72.078, 41.1 ], [ -72.101, 41.054 ], [ -72.142, 41.097 ], [ -72.131, 41.12 ], [ -72.078, 41.1 ] ] ], [ [ [ -72.039, 41.249 ], [ -72.022, 41.277 ], [ -71.921, 41.291 ], [ -72.039, 41.249 ] ] ], [ [ [ -79.763, 42.538 ], [ -78.963, 42.84 ], [ -78.909, 42.93 ], [ -79.032, 43.013 ], [ -79.023, 43.058 ], [ -79.065, 43.106 ], [ -79.058, 43.278 ], [ -79.174, 43.465 ], [ -78.688, 43.632 ], [ -76.842, 43.626 ], [ -76.797, 43.645 ], [ -76.455, 44.084 ], [ -76.328, 44.181 ], [ -76.186, 44.226 ], [ -76.179, 44.279 ], [ -76.067, 44.348 ], [ -75.87, 44.409 ], [ -75.7, 44.582 ], [ -75.13, 44.925 ], [ -74.887, 45.009 ], [ -73.351, 45.005 ], [ -73.337, 44.941 ], [ -73.378, 44.857 ], [ -73.336, 44.789 ], [ -73.377, 44.619 ], [ -73.293, 44.454 ], [ -73.333, 44.364 ], [ -73.325, 44.242 ], [ -73.381, 44.201 ], [ -73.439, 44.06 ], [ -73.363, 43.779 ], [ -73.425, 43.607 ], [ -73.407, 43.57 ], [ -73.352, 43.625 ], [ -73.309, 43.626 ], [ -73.247, 43.552 ], [ -73.288, 42.797 ], [ -73.266, 42.746 ], [ -73.507, 42.079 ], [ -73.481, 42.055 ], [ -73.545, 41.295 ], [ -73.484, 41.218 ], [ -73.723, 41.103 ], [ -73.643, 41.001 ], [ -73.812, 40.871 ], [ -73.798, 40.813 ], [ -73.932, 40.818 ], [ -73.875, 41.013 ], [ -73.872, 41.116 ], [ -73.886, 41.188 ], [ -73.957, 41.258 ], [ -73.947, 41.311 ], [ -73.985, 41.27 ], [ -73.918, 41.164 ], [ -73.907, 40.991 ], [ -74.699, 41.356 ], [ -74.742, 41.431 ], [ -74.886, 41.448 ], [ -74.984, 41.498 ], [ -75.061, 41.605 ], [ -75.056, 41.775 ], [ -75.106, 41.797 ], [ -75.079, 41.828 ], [ -75.165, 41.877 ], [ -75.249, 41.882 ], [ -75.263, 41.948 ], [ -75.339, 41.997 ], [ -79.763, 42.0 ], [ -79.763, 42.538 ] ] ] ] } },
{ "type": "Feature", "properties": { "code": "US-OH" }, "geometry": { "type": "MultiPolygon", "coordinates": [ [ [ [ -83.131, 41.938 ], [ -83.068, 41.848 ], [ -82.711, 41.68 ], [ -82.451, 41.672 ], [ -81.277, 42.209 ], [ -80.52, 42.324 ], [ -80.52, 40.647 ], [ -80.677, 40.589 ], [ -80.605, 40.486 ], [ -80.629, 40.386 ], [ -80.601, 40.323 ], [ -80.735, 40.08 ], [ -80.759, 39.929 ], [ -80.802, 39.925 ], [ -80.797, 39.869 ], [ -80.871, 39.771 ], [ -80.841, 39.701 ], [ -80.875, 39.629 ], [ -81.212, 39.406 ], [ -81.369, 39.351 ], [ -81.421, 39.406 ], [ -81.463, 39.407 ], [ -81.554, 39.344 ], [ -81.581, 39.275 ], [ -81.682, 39.271 ], [ -81.754, 39.178 ], [ -81.755, 39.105 ], [ -81.818, 39.08 ], [ -81.777, 39.035 ], [ -81.764, 38.937 ], [ -81.824, 38.954 ], [ -81.902, 38.874 ], [ -81.937, 38.991 ], [ -82.003, 39.022 ], [ -82.058, 39.003 ], [ -82.209, 38.786 ], [ -82.177, 38.612 ], [ -82.277, 38.588 ], [ -82.35, 38.438 ], [ -82.589, 38.419 ], [ -82.698, 38.535 ], [ -82.827, 38.586 ], [ -82.898, 38.752 ], [ -83.031, 38.716 ], [ -83.152, 38.619 ], [ -83.305, 38.601 ], [ -83.369, 38.66 ], [ -83.534, 38.707 ], [ -83.616, 38.683 ], [ -83.651, 38.636 ], [ -83.714, 38.639 ], [ -83.866, 38.762 ], [ -84.084, 38.778 ], [ -84.218, 38.823 ], [ -84.307, 39.017 ], [ -84.466, 39.111 ], [ -84.637, 39.077 ], [ -84.73, 39.146 ], [ -84.824, 39.097 ], [ -84.806, 41.697 ], [ -83.414, 41.735 ], [ -83.131, 41.938 ] ] ] ] } },
{ "type": "Feature", "properties": { "code": "US-OK" }, "geometry": { "type": "MultiPolygon", "coordinates": [ [ [ [ -103.0, 36.5 ], [ -103.001, 37.0 ], [ -94.618, 37.0 ], [ -94.618, 36.5 ], [ -94.439, 35.386 ], [ -94.484, 33.647 ], [ -94.873, 33.756 ], [ -94.967, 33.855 ], [ -95.22, 33.963 ], [ -95.269, 33.905 ], [ -95.357, 33.868 ], [ -95.497, 33.875 ], [ -95.598, 33.952 ], [ -95.77, 33.896 ], [ -95.783, 33.855 ], [ -95.86, 33.854 ], [ -95.938, 33.896 ], [ -96.147, 33.828 ], [ -96.203, 33.764 ], [ -96.29, 33.763 ], [ -96.329, 33.702 ], [ -96.41, 33.787 ], [ -96.496, 33.787 ], [ -96.582, 33.839 ], [ -96.601, 33.905 ], [ -96.649, 33.916 ], [ -96.692, 33.855 ], [ -96.748, 33.849 ], [ -96.851, 33.872 ], [ -96.889, 33.941 ], [ -96.933, 33.957 ], [ -96.985, 33.94 ], [ -97.018, 33.859 ], [ -97.075, 33.862 ], [ -97.055, 33.824 ], [ -97.094, 33.742 ], [ -97.144, 33.725 ], [ -97.201, 33.787 ], [ -97.178, 33.869 ], [ -97.212, 33.91 ], [ -97.267, 33.855 ], [ -97.306, 33.878 ], [ -97.36, 33.834 ], [ -97.436, 33.827 ], [ -97.469, 33.892 ], [ -97.586, 33.906 ], [ -97.603, 33.979 ], [ -97.641, 33.995 ], [ -97.84, 33.868 ], [ -97.927, 33.873 ], [ -97.959, 33.893 ], [ -97.956, 33.995 ], [ -98.088, 34.028 ], [ -98.107, 34.15 ], [ -98.343, 34.143 ], [ -98.417, 34.079 ], [ -98.491, 34.075 ], [ -98.586, 34.157 ], [ -98.72, 34.137 ], [ -98.975, 34.216 ], [ -99.176, 34.221 ], [ -99.192, 34.322 ], [ -99.265, 34.412 ], [ -99.362, 34.462 ], [ -99.416, 34.38 ], [ -99.547, 34.412 ], [ -99.681, 34.395 ], [ -99.882, 34.565 ], [ -99.999, 34.575 ], [ -100.002, 36.5 ], [ -103.0, 36.5 ] ] ] ] } },
{ "type": "Feature", "properties": { "code": "US-OR" }, "geometry": { "type": "MultiPolygon", "coordinates": [ [ [ [ -124.464, 42.993 ], [ -124.385, 43.33 ], [ -124.329, 43.349 ], [ -124.317, 43.3 ], [ -124.309, 43.355 ], [ -124.233, 43.424 ], [ -124.213, 43.375 ], [ -124.14, 43.375 ], [ -124.187, 43.391 ], [ -124.209, 43.452 ], [ -124.335, 43.365 ], [ -124.21, 43.657 ], [ -124.175, 43.673 ], [ -124.14, 43.733 ], [ -124.109, 43.706 ], [ -124.07, 43.712 ], [ -124.149, 43.748 ], [ -124.203, 43.681 ], [ -124.119, 44.006 ], [ -124.114, 44.307 ], [ -124.084, 44.412 ], [ -124.054, 44.433 ], [ -124.018, 44.41 ], [ -124.05, 44.449 ], [ -124.083, 44.428 ], [ -124.084, 44.498 ], [ -124.063, 44.61 ], [ -124.005, 44.616 ], [ -124.068, 44.618 ], [ -124.078, 44.675 ], [ -124.065, 44.823 ], [ -124.018, 44.917 ], [ -124.014, 45.064 ], [ -123.971, 45.154 ], [ -123.96, 45.3 ], [ -124.002, 45.344 ], [ -123.958, 45.415 ], [ -123.961, 45.379 ], [ -123.918, 45.418 ], [ -123.971, 45.452 ], [ -123.949, 45.557 ], [ -123.939, 45.5 ], [ -123.891, 45.475 ], [ -123.896, 45.56 ], [ -123.958, 45.576 ], [ -123.918, 45.69 ], [ -123.887, 45.683 ], [ -123.871, 45.698 ], [ -123.917, 45.704 ], [ -123.938, 45.661 ], [ -123.942, 45.727 ], [ -123.981, 45.76 ], [ -123.957, 45.873 ], [ -123.991, 45.938 ], [ -123.923, 46.014 ], [ -124.017, 46.235 ], [ -123.825, 46.157 ], [ -123.799, 46.102 ], [ -123.801, 46.144 ], [ -123.778, 46.143 ], [ -123.865, 46.186 ], [ -123.767, 46.204 ], [ -123.706, 46.171 ], [ -123.519, 46.235 ], [ -123.386, 46.146 ], [ -123.256, 46.133 ], [ -123.112, 46.186 ], [ -122.967, 46.136 ], [ -122.892, 46.092 ], [ -122.807, 45.978 ], [ -122.722, 45.649 ], [ -122.261, 45.566 ], [ -121.793, 45.721 ], [ -121.272, 45.709 ], [ -121.204, 45.685 ], [ -121.155, 45.622 ], [ -121.039, 45.653 ], [ -120.9, 45.642 ], [ -120.631, 45.729 ], [ -120.47, 45.71 ], [ -120.23, 45.737 ], [ -119.934, 45.838 ], [ -119.662, 45.872 ], [ -119.575, 45.928 ], [ -119.093, 45.949 ], [ -119.002, 46.0 ], [ -116.879, 46.001 ], [ -116.839, 45.91 ], [ -116.759, 45.838 ], [ -116.53, 45.752 ], [ -116.456, 45.622 ], [ -116.649, 45.348 ], [ -116.717, 45.151 ], [ -116.831, 45.025 ], [ -116.841, 44.901 ], [ -116.917, 44.803 ], [ -117.029, 44.734 ], [ -117.122, 44.554 ], [ -117.204, 44.482 ], [ -117.195, 44.298 ], [ -117.14, 44.264 ], [ -117.099, 44.292 ], [ -117.044, 44.26 ], [ -116.973, 44.268 ], [ -116.961, 44.224 ], [ -116.892, 44.177 ], [ -116.921, 44.114 ], [ -116.969, 44.1 ], [ -116.936, 44.017 ], [ -116.971, 43.893 ], [ -117.031, 43.829 ], [ -117.017, 42.0 ], [ -124.215, 42.0 ], [ -124.36, 42.113 ], [ -124.433, 42.329 ], [ -124.4, 42.616 ], [ -124.567, 42.834 ], [ -124.464, 42.993 ] ] ], [ [ [ -123.478, 46.236 ], [ -123.444, 46.236 ], [ -123.441, 46.213 ], [ -123.478, 46.236 ] ] ] ] } },
{ "type": "Feature", "properties": { "code": "US-PA" }, "geometry": { "type": "MultiPolygon", "coordinates": [ [ [ [ -80.52, 42.324 ], [ -80.247, 42.365 ], [ -79.763, 42.538 ], [ -79.763, 42.0 ], [ -75.339, 41.997 ], [ -75.263, 41.948 ], [ -75.249, 41.882 ], [ -75.165, 41.877 ], [ -75.079, 41.828 ], [ -75.106, 41.797 ], [ -75.056, 41.775 ], [ -75.061, 41.605 ], [ -74.984, 41.498 ], [ -74.886, 41.448 ], [ -74.742, 41.431 ], [ -74.704, 41.376 ], [ -74.699, 41.355 ], [ -74.845, 41.273 ], [ -74.886, 41.181 ], [ -75.027, 41.047 ], [ -75.129, 40.998 ], [ -75.058, 40.872 ], [ -75.105, 40.796 ], [ -75.189, 40.759 ], [ -75.198, 40.701 ], [ -75.182, 40.57 ], [ -75.089, 40.558 ], [ -75.054, 40.435 ], [ -75.014, 40.403 ], [ -74.975, 40.415 ], [ -74.729, 40.163 ], [ -75.12, 39.974 ], [ -75.148, 39.903 ], [ -75.376, 39.845 ], [ -75.424, 39.807 ], [ -75.529, 39.838 ], [ -75.652, 39.825 ], [ -75.777, 39.721 ], [ -80.519, 39.721 ], [ -80.52, 42.324 ] ] ] ] } },
{ "type": "Feature", "properties": { "code": "US-PR" }, "geometry": { "type": "MultiPolygon", "coordinates": [ [ [ [ -67.844, 18.098 ], [ -67.883, 18.053 ], [ -67.938, 18.094 ], [ -67.92, 18.114 ], [ -67.844, 18.098 ] ] ], [ [ [ -65.276, 18.137 ], [ -65.484, 18.087 ], [ -65.565, 18.094 ], [ -65.58, 18.122 ], [ -65.399, 18.169 ], [ -65.276, 18.137 ] ] ], [ [ [ -65.626, 18.26 ], [ -65.604, 18.263 ], [ -65.604, 18.215 ], [ -65.633, 18.229 ], [ -65.637, 18.198 ], [ -65.738, 18.183 ], [ -65.84, 18.056 ], [ -65.83, 18.027 ], [ -65.939, 17.971 ], [ -66.204, 17.923 ], [ -66.21, 17.957 ], [ -66.416, 17.95 ], [ -66.469, 17.993 ], [ -66.623, 17.964 ], [ -66.774, 18.002 ], [ -66.818, 17.959 ], [ -66.93, 17.929 ], [ -67.067, 17.973 ], [ -67.112, 17.95 ], [ -67.18, 17.966 ], [ -67.195, 17.936 ], [ -67.214, 17.994 ], [ -67.163, 18.023 ], [ -67.202, 18.054 ], [ -67.152, 18.203 ], [ -67.271, 18.362 ], [ -67.159, 18.421 ], [ -67.17, 18.486 ], [ -67.102, 18.523 ], [ -66.907, 18.485 ], [ -66.382, 18.491 ], [ -66.144, 18.469 ], [ -66.108, 18.421 ], [ -66.06, 18.437 ], [ -66.122, 18.473 ], [ -65.893, 18.454 ], [ -65.698, 18.371 ], [ -65.621, 18.389 ], [ -65.626, 18.26 ] ] ], [ [ [ -65.334, 18.337 ], [ -65.281, 18.335 ], [ -65.245, 18.307 ], [ -65.286, 18.314 ], [ -65.279, 18.279 ], [ -65.334, 18.337 ] ] ] ] } },
{ "type": "Feature", "properties": { "code": "US-RI" }, "geometry": { "type": "MultiPolygon", "coordinates": [ [ [ [ -71.573, 41.229 ], [ -71.549, 41.152 ], [ -71.614, 41.155 ], [ -71.573, 41.229 ] ] ], [ [ [ -71.358, 41.558 ], [ -71.399, 41.462 ], [ -71.378, 41.578 ], [ -71.358, 41.558 ] ] ], [ [ [ -71.268, 41.633 ], [ -71.221, 41.661 ], [ -71.234, 41.489 ], [ -71.355, 41.458 ], [ -71.309, 41.495 ], [ -71.326, 41.52 ], [ -71.268, 41.633 ] ] ], [ [ [ -71.186, 41.469 ], [ -71.211, 41.602 ], [ -71.194, 41.677 ], [ -71.131, 41.661 ], [ -71.122, 41.513 ], [ -71.186, 41.469 ] ] ], [ [ [ -71.315, 41.581 ], [ -71.359, 41.642 ], [ -71.344, 41.671 ], [ -71.303, 41.626 ], [ -71.315, 41.581 ] ] ], [ [ [ -71.24, 41.685 ], [ -71.26, 41.651 ], [ -71.302, 41.66 ], [ -71.283, 41.749 ], [ -71.337, 41.734 ], [ -71.391, 41.819 ], [ -71.364, 41.712 ], [ -71.384, 41.674 ], [ -71.447, 41.677 ], [ -71.41, 41.633 ], [ -71.443, 41.575 ], [ -71.423, 41.486 ], [ -71.488, 41.371 ], [ -71.878, 41.312 ], [ -71.845, 41.322 ], [ -71.804, 41.416 ], [ -71.801, 42.011 ], [ -71.387, 42.016 ], [ -71.379, 41.901 ], [ -71.338, 41.89 ], [ -71.341, 41.797 ], [ -71.268, 41.75 ], [ -71.24, 41.685 ] ] ] ] } },
{ "type": "Feature", "properties": { "code": "US-SC" }, "geometry": { "type": "MultiPolygon", "coordinates": [ [ [ [ -79.338, 33.066 ], [ -79.361, 33.006 ], [ -79.368, 33.006 ], [ -79.338, 33.066 ] ] ], [ [ [ -78.6, 33.876 ], [ -78.573, 33.848 ], [ -78.763, 33.779 ], [ -78.938, 33.642 ], [ -79.133, 33.417 ], [ -79.183, 33.218 ], [ -79.214, 33.301 ], [ -79.272, 33.317 ], [ -79.19, 33.437 ], [ -79.232, 33.412 ], [ -79.299, 33.297 ], [ -79.214, 33.242 ], [ -79.183, 33.184 ], [ -79.231, 33.142 ], [ -79.269, 33.166 ], [ -79.272, 33.122 ], [ -79.34, 33.156 ], [ -79.293, 33.109 ], [ -79.371, 33.064 ], [ -79.387, 33.017 ], [ -79.491, 32.991 ], [ -79.52, 33.041 ], [ -79.585, 33.014 ], [ -79.625, 32.944 ], [ -79.607, 32.916 ], [ -79.574, 32.937 ], [ -79.589, 32.914 ], [ -79.829, 32.763 ], [ -79.906, 32.8 ], [ -79.875, 32.841 ], [ -79.892, 32.855 ], [ -79.944, 32.851 ], [ -79.934, 32.783 ], [ -79.968, 32.785 ], [ -79.868, 32.738 ], [ -79.887, 32.688 ], [ -80.026, 32.649 ], [ -80.005, 32.612 ], [ -80.177, 32.567 ], [ -80.266, 32.621 ], [ -80.204, 32.561 ], [ -80.331, 32.486 ], [ -80.369, 32.533 ], [ -80.393, 32.478 ], [ -80.54, 32.561 ], [ -80.533, 32.519 ], [ -80.67, 32.521 ], [ -80.677, 32.498 ], [ -80.478, 32.478 ], [ -80.587, 32.457 ], [ -80.458, 32.423 ], [ -80.547, 32.347 ], [ -80.43, 32.41 ], [ -80.471, 32.323 ], [ -80.637, 32.267 ], [ -80.629, 32.382 ], [ -80.67, 32.374 ], [ -80.657, 32.463 ], [ -80.684, 32.464 ], [ -80.663, 32.451 ], [ -80.678, 32.303 ], [ -80.759, 32.361 ], [ -80.786, 32.497 ], [ -80.855, 32.539 ], [ -80.787, 32.358 ], [ -80.799, 32.32 ], [ -80.678, 32.215 ], [ -80.821, 32.108 ], [ -80.777, 32.207 ], [ -80.78, 32.245 ], [ -80.911, 32.034 ], [ -80.998, 32.087 ], [ -81.078, 32.087 ], [ -81.136, 32.136 ], [ -81.156, 32.194 ], [ -81.132, 32.321 ], [ -81.201, 32.485 ], [ -81.406, 32.624 ], [ -81.403, 32.745 ], [ -81.5, 32.932 ], [ -81.518, 33.04 ], [ -81.76, 33.156 ], [ -81.777, 33.218 ], [ -81.848, 33.26 ], [ -81.842, 33.314 ], [ -81.931, 33.361 ], [ -81.938, 33.476 ], [ -82.062, 33.575 ], [ -82.174, 33.616 ], [ -82.273, 33.778 ], [ -82.571, 33.968 ], [ -82.608, 34.056 ], [ -82.729, 34.171 ], [ -82.857, 34.461 ], [ -83.047, 34.497 ], [ -83.168, 34.613 ], [ -83.233, 34.623 ], [ -83.355, 34.708 ], [ -83.308, 34.82 ], [ -83.134, 34.942 ], [ -83.115, 35.0 ], [ -82.751, 35.073 ], [ -82.676, 35.127 ], [ -82.435, 35.179 ], [ -82.391, 35.218 ], [ -81.061, 35.152 ], [ -81.045, 35.065 ], [ -80.934, 35.113 ], [ -80.793, 34.962 ], [ -80.784, 34.828 ], [ -79.654, 34.796 ], [ -78.573, 33.883 ], [ -78.6, 33.876 ] ] ] ] } },
{ "type": "Feature", "properties": { "code": "US-SD" }, "geometry": { "type": "MultiPolygon", "coordinates": [ [ [ [ -104.053, 43.0 ], [ -104.045, 45.942 ], [ -96.556, 45.942 ], [ -96.642, 45.759 ], [ -96.839, 45.649 ], [ -96.863, 45.601 ], [ -96.708, 45.422 ], [ -96.566, 45.394 ], [ -96.454, 45.297 ], [ -96.454, 43.5 ], [ -96.599, 43.496 ], [ -96.588, 43.433 ], [ -96.533, 43.375 ], [ -96.537, 43.299 ], [ -96.58, 43.285 ], [ -96.571, 43.229 ], [ -96.481, 43.217 ], [ -96.455, 43.122 ], [ -96.509, 43.041 ], [ -96.561, 42.848 ], [ -96.638, 42.751 ], [ -96.524, 42.653 ], [ -96.542, 42.63 ], [ -96.483, 42.518 ], [ -96.629, 42.543 ], [ -96.705, 42.627 ], [ -96.697, 42.672 ], [ -96.799, 42.687 ], [ -96.857, 42.74 ], [ -97.127, 42.79 ], [ -97.276, 42.884 ], [ -97.685, 42.853 ], [ -97.839, 42.872 ], [ -97.942, 42.788 ], [ -98.007, 42.784 ], [ -98.485, 43.0 ], [ -104.053, 43.0 ] ] ] ] } },
{ "type": "Feature", "properties": { "code": "US-TN" }, "geometry": { "type": "MultiPolygon", "coordinates": [ [ [ [ -89.674, 35.896 ], [ -89.726, 35.993 ], [ -89.716, 36.035 ], [ -89.614, 36.142 ], [ -89.695, 36.247 ], [ -89.561, 36.264 ], [ -89.628, 36.341 ], [ -89.531, 36.384 ], [ -89.56, 36.5 ], [ -89.494, 36.501 ], [ -89.505, 36.458 ], [ -89.479, 36.452 ], [ -89.424, 36.499 ], [ -88.043, 36.499 ], [ -88.072, 36.689 ], [ -87.869, 36.674 ], [ -87.839, 36.643 ], [ -86.508, 36.664 ], [ -83.73, 36.586 ], [ -81.659, 36.61 ], [ -81.715, 36.526 ], [ -81.699, 36.488 ], [ -81.744, 36.4 ], [ -81.716, 36.344 ], [ -81.81, 36.361 ], [ -81.892, 36.317 ], [ -82.078, 36.104 ], [ -82.213, 36.159 ], [ -82.377, 36.107 ], [ -82.56, 35.962 ], [ -82.63, 36.057 ], [ -82.77, 36.0 ], [ -82.81, 35.933 ], [ -82.907, 35.946 ], [ -82.908, 35.883 ], [ -82.991, 35.784 ], [ -83.171, 35.756 ], [ -83.499, 35.57 ], [ -83.735, 35.566 ], [ -83.889, 35.512 ], [ -84.011, 35.425 ], [ -84.078, 35.268 ], [ -84.232, 35.267 ], [ -84.291, 35.23 ], [ -84.325, 34.987 ], [ -90.304, 35.0 ], [ -90.207, 35.061 ], [ -90.178, 35.13 ], [ -90.106, 35.124 ], [ -90.085, 35.148 ], [ -90.115, 35.37 ], [ -90.022, 35.453 ], [ -90.012, 35.512 ], [ -89.918, 35.548 ], [ -89.951, 35.603 ], [ -89.91, 35.652 ], [ -89.952, 35.723 ], [ -89.722, 35.833 ], [ -89.784, 35.878 ], [ -89.76, 35.909 ], [ -89.674, 35.896 ] ] ] ] } },
{ "type": "Feature", "properties": { "code": "US-TX" }, "geometry": { "type": "MultiPolygon", "coordinates": [ [ [ [ -97.177, 26.205 ], [ -97.166, 26.103 ], [ -97.26, 26.468 ], [ -97.398, 26.831 ], [ -97.405, 27.125 ], [ -97.392, 27.193 ], [ -97.377, 27.208 ], [ -97.376, 26.932 ], [ -97.343, 26.757 ], [ -97.177, 26.205 ] ] ], [ [ [ -97.044, 27.835 ], [ -97.259, 27.496 ], [ -97.352, 27.235 ], [ -97.398, 27.229 ], [ -97.245, 27.623 ], [ -97.254, 27.66 ], [ -97.206, 27.633 ], [ -97.151, 27.74 ], [ -97.044, 27.835 ] ] ], [ [ [ -96.868, 28.136 ], [ -96.85, 28.071 ], [ -97.034, 27.852 ], [ -96.914, 28.099 ], [ -96.868, 28.136 ] ] ], [ [ [ -96.408, 28.396 ], [ -96.417, 28.329 ], [ -96.703, 28.186 ], [ -96.836, 28.071 ], [ -96.808, 28.188 ], [ -96.71, 28.213 ], [ -96.515, 28.337 ], [ -96.443, 28.341 ], [ -96.408, 28.396 ] ] ], [ [ [ -96.313, 28.459 ], [ -96.233, 28.489 ], [ -96.37, 28.407 ], [ -96.313, 28.459 ] ] ], [ [ [ -94.724, 29.333 ], [ -95.117, 29.089 ], [ -94.828, 29.318 ], [ -94.834, 29.36 ], [ -94.724, 29.333 ] ] ], [ [ [ -106.506, 31.77 ], [ -106.601, 31.836 ], [ -106.662, 32.0 ], [ -103.066, 32.002 ], [ -103.042, 36.5 ], [ -100.002, 36.5 ], [ -99.999, 34.575 ], [ -99.882, 34.565 ], [ -99.681, 34.395 ], [ -99.547, 34.412 ], [ -99.416, 34.38 ], [ -99.362, 34.462 ], [ -99.265, 34.412 ], [ -99.192, 34.322 ], [ -99.176, 34.221 ], [ -98.975, 34.216 ], [ -98.72, 34.137 ], [ -98.586, 34.157 ], [ -98.491, 34.075 ], [ -98.417, 34.079 ], [ -98.343, 34.143 ], [ -98.107, 34.15 ], [ -98.088, 34.028 ], [ -97.956, 33.995 ], [ -97.959, 33.893 ], [ -97.927, 33.873 ], [ -97.84, 33.868 ], [ -97.641, 33.995 ], [ -97.603, 33.979 ], [ -97.586, 33.906 ], [ -97.469, 33.892 ], [ -97.436, 33.827 ], [ -97.36, 33.834 ], [ -97.306, 33.878 ], [ -97.267, 33.855 ], [ -97.212, 33.91 ], [ -97.178, 33.869 ], [ -97.201, 33.787 ], [ -97.144, 33.725 ], [ -97.094, 33.742 ], [ -97.055, 33.824 ], [ -97.075, 33.862 ], [ -97.018, 33.859 ], [ -96.985, 33.94 ], [ -96.933, 33.957 ], [ -96.889, 33.941 ], [ -96.851, 33.872 ], [ -96.748, 33.849 ], [ -96.692, 33.855 ], [ -96.649, 33.916 ], [ -96.601, 33.905 ], [ -96.582, 33.839 ], [ -96.496, 33.787 ], [ -96.41, 33.787 ], [ -96.329, 33.702 ], [ -96.29, 33.763 ], [ -96.203, 33.764 ], [ -96.147, 33.828 ], [ -95.938, 33.896 ], [ -95.86, 33.854 ], [ -95.783, 33.855 ], [ -95.77, 33.896 ], [ -95.598, 33.952 ], [ -95.497, 33.875 ], [ -95.357, 33.868 ], [ -95.269, 33.905 ], [ -95.22, 33.963 ], [ -94.967, 33.855 ], [ -94.873, 33.756 ], [ -94.467, 33.644 ], [ -94.431, 33.591 ], [ -94.382, 33.588 ], [ -94.387, 33.562 ], [ -94.193, 33.594 ], [ -94.047, 33.554 ], [ -94.043, 31.998 ], [ -93.84, 31.79 ], [ -93.813, 31.708 ], [ -93.83, 31.594 ], [ -93.727, 31.515 ], [ -93.743, 31.473 ], [ -93.654, 31.374 ], [ -93.676, 31.32 ], [ -93.6, 31.198 ], [ -93.548, 31.193 ], [ -93.56, 31.097 ], [ -93.515, 31.042 ], [ -93.578, 31.008 ], [ -93.538, 30.944 ], [ -93.574, 30.898 ], [ -93.574, 30.82 ], [ -93.731, 30.566 ], [ -93.704, 30.473 ], [ -93.756, 30.373 ], [ -93.71, 30.265 ], [ -93.717, 30.08 ], [ -93.798, 29.986 ], [ -93.854, 29.987 ], [ -93.924, 29.866 ], [ -93.933, 29.776 ], [ -93.876, 29.723 ], [ -93.876, 29.675 ], [ -94.102, 29.671 ], [ -94.654, 29.452 ], [ -94.763, 29.367 ], [ -94.791, 29.38 ], [ -94.701, 29.463 ], [ -94.581, 29.524 ], [ -94.504, 29.526 ], [ -94.486, 29.566 ], [ -94.779, 29.53 ], [ -94.693, 29.696 ], [ -94.734, 29.782 ], [ -94.807, 29.782 ], [ -94.876, 29.666 ], [ -94.92, 29.655 ], [ -95.052, 29.75 ], [ -95.064, 29.713 ], [ -94.986, 29.675 ], [ -95.016, 29.645 ], [ -94.985, 29.606 ], [ -95.024, 29.542 ], [ -94.908, 29.496 ], [ -94.965, 29.47 ], [ -94.943, 29.422 ], [ -94.917, 29.442 ], [ -94.821, 29.374 ], [ -94.889, 29.376 ], [ -94.913, 29.316 ], [ -94.951, 29.319 ], [ -95.116, 29.175 ], [ -95.171, 29.209 ], [ -95.159, 29.046 ], [ -95.368, 28.887 ], [ -95.602, 28.764 ], [ -95.952, 28.689 ], [ -95.94, 28.626 ], [ -95.719, 28.715 ], [ -96.219, 28.489 ], [ -95.985, 28.613 ], [ -95.988, 28.645 ], [ -96.226, 28.587 ], [ -96.137, 28.627 ], [ -96.215, 28.629 ], [ -96.188, 28.691 ], [ -96.26, 28.689 ], [ -96.346, 28.635 ], [ -96.39, 28.689 ], [ -96.383, 28.73 ], [ -96.445, 28.764 ], [ -96.424, 28.709 ], [ -96.398, 28.712 ], [ -96.417, 28.644 ], [ -96.37, 28.627 ], [ -96.428, 28.595 ], [ -96.493, 28.579 ], [ -96.445, 28.597 ], [ -96.447, 28.636 ], [ -96.485, 28.613 ], [ -96.497, 28.645 ], [ -96.555, 28.647 ], [ -96.579, 28.712 ], [ -96.651, 28.73 ], [ -96.609, 28.579 ], [ -96.493, 28.511 ], [ -96.548, 28.469 ], [ -96.474, 28.494 ], [ -96.404, 28.435 ], [ -96.654, 28.319 ], [ -96.698, 28.336 ], [ -96.709, 28.4 ], [ -96.793, 28.48 ], [ -96.813, 28.458 ], [ -96.767, 28.411 ], [ -96.844, 28.416 ], [ -96.781, 28.332 ], [ -96.782, 28.242 ], [ -96.88, 28.151 ], [ -96.945, 28.126 ], [ -96.91, 28.264 ], [ -96.959, 28.216 ], [ -96.973, 28.134 ], [ -97.02, 28.14 ], [ -97.014, 28.209 ], [ -97.11, 28.154 ], [ -97.173, 28.159 ], [ -97.157, 28.134 ], [ -97.218, 28.075 ], [ -97.154, 28.045 ], [ -97.149, 28.006 ], [ -97.106, 28.071 ], [ -97.034, 28.12 ], [ -97.021, 28.1 ], [ -97.027, 28.037 ], [ -97.184, 27.837 ], [ -97.232, 27.825 ], [ -97.212, 27.832 ], [ -97.267, 27.879 ], [ -97.521, 27.873 ], [ -97.487, 27.835 ], [ -97.391, 27.846 ], [ -97.372, 27.755 ], [ -97.26, 27.695 ], [ -97.411, 27.335 ], [ -97.542, 27.29 ], [ -97.461, 27.344 ], [ -97.489, 27.351 ], [ -97.487, 27.4 ], [ -97.63, 27.3 ], [ -97.774, 27.468 ], [ -97.692, 27.34 ], [ -97.707, 27.318 ], [ -97.668, 27.311 ], [ -97.701, 27.286 ], [ -97.774, 27.298 ], [ -97.56, 27.235 ], [ -97.426, 27.264 ], [ -97.446, 27.133 ], [ -97.498, 27.101 ], [ -97.481, 27.022 ], [ -97.563, 26.994 ], [ -97.546, 26.919 ], [ -97.481, 26.878 ], [ -97.493, 26.858 ], [ -97.548, 26.9 ], [ -97.562, 26.838 ], [ -97.493, 26.792 ], [ -97.419, 26.502 ], [ -97.432, 26.523 ], [ -97.473, 26.496 ], [ -97.439, 26.485 ], [ -97.448, 26.42 ], [ -97.37, 26.372 ], [ -97.377, 26.338 ], [ -97.34, 26.342 ], [ -97.361, 26.286 ], [ -97.316, 26.265 ], [ -97.311, 26.123 ], [ -97.212, 26.091 ], [ -97.247, 26.071 ], [ -97.256, 25.999 ], [ -97.193, 26.012 ], [ -97.152, 26.075 ], [ -97.138, 25.975 ], [ -97.328, 25.933 ], [ -97.366, 25.844 ], [ -97.52, 25.913 ], [ -97.66, 26.031 ], [ -97.802, 26.064 ], [ -98.065, 26.042 ], [ -98.083, 26.071 ], [ -98.223, 26.075 ], [ -98.429, 26.218 ], [ -98.472, 26.208 ], [ -98.582, 26.262 ], [ -98.654, 26.244 ], [ -98.801, 26.372 ], [ -99.106, 26.423 ], [ -99.091, 26.484 ], [ -99.165, 26.54 ], [ -99.248, 26.827 ], [ -99.462, 27.057 ], [ -99.432, 27.208 ], [ -99.521, 27.311 ], [ -99.473, 27.427 ], [ -99.515, 27.589 ], [ -99.6, 27.646 ], [ -99.7, 27.659 ], [ -99.74, 27.722 ], [ -99.833, 27.777 ], [ -99.888, 27.865 ], [ -99.881, 27.906 ], [ -99.991, 28.008 ], [ -100.056, 28.138 ], [ -100.275, 28.277 ], [ -100.356, 28.478 ], [ -100.323, 28.51 ], [ -100.384, 28.537 ], [ -100.534, 28.83 ], [ -100.624, 28.925 ], [ -100.669, 29.116 ], [ -100.763, 29.174 ], [ -100.796, 29.258 ], [ -101.008, 29.381 ], [ -101.038, 29.46 ], [ -101.213, 29.532 ], [ -101.234, 29.623 ], [ -101.312, 29.598 ], [ -101.301, 29.65 ], [ -101.358, 29.667 ], [ -101.405, 29.778 ], [ -101.543, 29.771 ], [ -101.546, 29.82 ], [ -101.565, 29.786 ], [ -101.632, 29.776 ], [ -101.806, 29.812 ], [ -102.109, 29.802 ], [ -102.321, 29.894 ], [ -102.406, 29.777 ], [ -102.515, 29.785 ], [ -102.691, 29.737 ], [ -102.839, 29.452 ], [ -102.838, 29.366 ], [ -102.883, 29.344 ], [ -102.9, 29.264 ], [ -102.859, 29.229 ], [ -102.988, 29.177 ], [ -103.105, 29.058 ], [ -103.123, 28.996 ], [ -103.387, 29.029 ], [ -103.55, 29.155 ], [ -103.673, 29.174 ], [ -103.771, 29.23 ], [ -103.784, 29.275 ], [ -104.057, 29.339 ], [ -104.267, 29.527 ], [ -104.338, 29.524 ], [ -104.444, 29.589 ], [ -104.531, 29.668 ], [ -104.57, 29.788 ], [ -104.68, 29.942 ], [ -104.702, 30.055 ], [ -104.682, 30.193 ], [ -104.853, 30.412 ], [ -104.859, 30.497 ], [ -104.934, 30.611 ], [ -105.205, 30.802 ], [ -105.364, 30.85 ], [ -105.961, 31.371 ], [ -106.209, 31.477 ], [ -106.392, 31.746 ], [ -106.506, 31.77 ] ] ] ] } },
{ "type": "Feature", "properties": { "code": "US-UT" }, "geometry": { "type": "MultiPolygon", "coordinates": [ [ [ [ -111.05, 42.0 ], [ -111.05, 41.0 ], [ -109.046, 41.0 ], [ -109.047, 37.0 ], [ -114.04, 37.003 ], [ -114.043, 42.0 ], [ -111.05, 42.0 ] ] ] ] } },
{ "type": "Feature", "properties": { "code": "US-VA" }, "geometry": { "type": "MultiPolygon", "coordinates": [ [ [ [ -75.943, 36.55 ], [ -75.914, 36.576 ], [ -75.909, 36.549 ], [ -75.943, 36.55 ] ] ], [ [ [ -75.893, 37.141 ], [ -75.905, 37.234 ], [ -75.874, 37.29 ], [ -75.852, 37.271 ], [ -75.877, 37.206 ], [ -75.811, 37.2 ], [ -75.887, 37.123 ], [ -75.929, 37.112 ], [ -75.893, 37.141 ] ] ], [ [ [ -75.719, 37.368 ], [ -75.676, 37.455 ], [ -75.656, 37.462 ], [ -75.66, 37.443 ], [ -75.719, 37.368 ] ] ], [ [ [ -75.602, 37.562 ], [ -75.671, 37.477 ], [ -75.6, 37.575 ], [ -75.602, 37.562 ] ] ], [ [ [ -75.421, 37.988 ], [ -75.42, 37.92 ], [ -75.448, 37.894 ], [ -75.417, 37.886 ], [ -75.819, 37.454 ], [ -75.796, 37.406 ], [ -75.855, 37.397 ], [ -75.887, 37.357 ], [ -75.936, 37.135 ], [ -75.966, 37.135 ], [ -76.015, 37.282 ], [ -75.983, 37.316 ], [ -76.011, 37.316 ], [ -75.956, 37.416 ], [ -75.966, 37.453 ], [ -75.926, 37.478 ], [ -75.952, 37.516 ], [ -75.894, 37.563 ], [ -75.935, 37.576 ], [ -75.922, 37.611 ], [ -75.819, 37.673 ], [ -75.787, 37.809 ], [ -75.695, 37.802 ], [ -75.702, 37.843 ], [ -75.661, 37.843 ], [ -75.671, 37.893 ], [ -75.743, 37.912 ], [ -75.646, 37.95 ], [ -75.624, 37.994 ], [ -75.377, 38.015 ], [ -75.421, 37.988 ] ] ], [ [ [ -76.033, 37.955 ], [ -76.017, 37.929 ], [ -76.026, 37.914 ], [ -76.033, 37.955 ] ] ], [ [ [ -75.342, 37.876 ], [ -75.379, 37.856 ], [ -75.4, 37.874 ], [ -75.358, 37.874 ], [ -75.368, 37.909 ], [ -75.243, 38.025 ], [ -75.342, 37.876 ] ] ], [ [ [ -76.005, 37.95 ], [ -75.994, 37.954 ], [ -75.996, 37.945 ], [ -76.005, 37.95 ] ] ], [ [ [ -76.044, 37.954 ], [ -76.037, 37.951 ], [ -76.044, 37.949 ], [ -76.044, 37.954 ] ] ], [ [ [ -76.035, 36.56 ], [ -80.09, 36.54 ], [ -81.905, 36.618 ], [ -81.952, 36.597 ], [ -83.667, 36.604 ], [ -83.129, 36.753 ], [ -83.062, 36.852 ], [ -82.869, 36.901 ], [ -82.849, 36.98 ], [ -82.712, 37.047 ], [ -82.682, 37.137 ], [ -82.351, 37.278 ], [ -81.965, 37.539 ], [ -81.951, 37.507 ], [ -81.984, 37.472 ], [ -81.933, 37.436 ], [ -81.927, 37.371 ], [ -81.824, 37.286 ], [ -81.584, 37.205 ], [ -81.417, 37.274 ], [ -81.363, 37.335 ], [ -81.224, 37.244 ], [ -80.882, 37.326 ], [ -80.879, 37.402 ], [ -80.846, 37.425 ], [ -80.744, 37.382 ], [ -80.528, 37.468 ], [ -80.452, 37.429 ], [ -80.294, 37.509 ], [ -80.306, 37.564 ], [ -80.225, 37.622 ], [ -80.285, 37.685 ], [ -80.207, 37.815 ], [ -80.0, 38.002 ], [ -79.917, 38.179 ], [ -79.795, 38.274 ], [ -79.797, 38.315 ], [ -79.695, 38.437 ], [ -79.649, 38.588 ], [ -79.547, 38.564 ], [ -79.507, 38.48 ], [ -79.284, 38.427 ], [ -78.999, 38.842 ], [ -78.868, 38.788 ], [ -78.743, 38.93 ], [ -78.674, 38.926 ], [ -78.581, 38.99 ], [ -78.42, 39.157 ], [ -78.409, 39.269 ], [ -78.322, 39.451 ], [ -77.836, 39.144 ], [ -77.735, 39.331 ], [ -77.558, 39.299 ], [ -77.467, 39.244 ], [ -77.46, 39.208 ], [ -77.515, 39.153 ], [ -77.496, 39.124 ], [ -77.422, 39.074 ], [ -77.272, 39.048 ], [ -77.233, 38.987 ], [ -77.147, 38.965 ], [ -77.033, 38.854 ], [ -77.048, 38.716 ], [ -77.168, 38.689 ], [ -77.135, 38.636 ], [ -77.187, 38.621 ], [ -77.202, 38.665 ], [ -77.23, 38.657 ], [ -77.327, 38.451 ], [ -77.314, 38.406 ], [ -77.359, 38.429 ], [ -77.291, 38.354 ], [ -77.339, 38.343 ], [ -77.249, 38.33 ], [ -77.041, 38.396 ], [ -77.014, 38.331 ], [ -77.053, 38.317 ], [ -76.965, 38.267 ], [ -76.954, 38.21 ], [ -76.739, 38.137 ], [ -76.615, 38.15 ], [ -76.607, 38.113 ], [ -76.534, 38.075 ], [ -76.531, 38.025 ], [ -76.248, 37.903 ], [ -76.25, 37.823 ], [ -76.325, 37.849 ], [ -76.294, 37.781 ], [ -76.325, 37.744 ], [ -76.284, 37.699 ], [ -76.339, 37.669 ], [ -76.305, 37.638 ], [ -76.405, 37.645 ], [ -76.469, 37.709 ], [ -76.505, 37.657 ], [ -76.622, 37.814 ], [ -76.701, 37.837 ], [ -76.88, 37.991 ], [ -76.935, 38.094 ], [ -77.017, 38.117 ], [ -77.063, 38.166 ], [ -77.134, 38.166 ], [ -77.055, 38.15 ], [ -77.032, 38.104 ], [ -76.926, 38.059 ], [ -76.923, 37.981 ], [ -76.795, 37.892 ], [ -76.716, 37.788 ], [ -76.613, 37.74 ], [ -76.552, 37.627 ], [ -76.428, 37.624 ], [ -76.284, 37.57 ], [ -76.393, 37.533 ], [ -76.301, 37.494 ], [ -76.27, 37.517 ], [ -76.277, 37.46 ], [ -76.245, 37.45 ], [ -76.258, 37.336 ], [ -76.281, 37.321 ], [ -76.322, 37.386 ], [ -76.366, 37.385 ], [ -76.415, 37.443 ], [ -76.401, 37.391 ], [ -76.448, 37.38 ], [ -76.401, 37.34 ], [ -76.435, 37.323 ], [ -76.372, 37.288 ], [ -76.496, 37.249 ], [ -76.73, 37.494 ], [ -76.781, 37.535 ], [ -76.798, 37.504 ], [ -76.606, 37.296 ], [ -76.468, 37.214 ], [ -76.386, 37.232 ], [ -76.373, 37.176 ], [ -76.292, 37.13 ], [ -76.339, 37.102 ], [ -76.27, 37.098 ], [ -76.296, 37.014 ], [ -76.429, 36.976 ], [ -76.453, 37.03 ], [ -76.611, 37.119 ], [ -76.634, 37.221 ], [ -76.744, 37.197 ], [ -76.856, 37.262 ], [ -76.86, 37.323 ], [ -76.878, 37.269 ], [ -76.931, 37.245 ], [ -76.991, 37.32 ], [ -77.055, 37.287 ], [ -77.091, 37.328 ], [ -77.251, 37.35 ], [ -77.278, 37.329 ], [ -77.067, 37.267 ], [ -77.017, 37.295 ], [ -76.973, 37.24 ], [ -76.802, 37.206 ], [ -76.718, 37.15 ], [ -76.67, 37.185 ], [ -76.66, 37.043 ], [ -76.572, 37.028 ], [ -76.586, 37.008 ], [ -76.495, 36.954 ], [ -76.476, 36.908 ], [ -76.524, 36.863 ], [ -76.381, 36.901 ], [ -76.292, 36.85 ], [ -76.328, 36.929 ], [ -76.31, 36.96 ], [ -76.078, 36.912 ], [ -76.005, 36.932 ], [ -75.853, 36.549 ], [ -75.881, 36.549 ], [ -75.928, 36.706 ], [ -75.958, 36.719 ], [ -75.967, 36.55 ], [ -76.013, 36.55 ], [ -76.045, 36.59 ], [ -76.035, 36.56 ] ] ] ] } },
{ "type": "Feature", "properties": { "code": "US-VI" }, "geometry": { "type": "MultiPolygon", "coordinates": [ [ [ [ -64.559, 17.758 ], [ -64.671, 17.717 ], [ -64.895, 17.683 ], [ -64.876, 17.776 ], [ -64.772, 17.793 ], [ -64.69, 17.745 ], [ -64.559, 17.758 ] ] ], [ [ [ -64.665, 18.347 ], [ -64.704, 18.303 ], [ -64.801, 18.328 ], [ -64.747, 18.374 ], [ -64.665, 18.347 ] ] ], [ [ [ -64.84, 18.317 ], [ -64.931, 18.34 ], [ -65.041, 18.354 ], [ -64.926, 18.366 ], [ -64.95, 18.387 ], [ -64.84, 18.317 ] ] ] ] } },
{ "type": "Feature", "properties": { "code": "US-VT" }, "geometry": { "type": "MultiPolygon", "coordinates": [ [ [ [ -73.351, 45.005 ], [ -71.506, 45.014 ], [ -71.535, 44.974 ], [ -71.515, 44.895 ], [ -71.635, 44.74 ], [ -71.549, 44.587 ], [ -71.593, 44.57 ], [ -71.598, 44.515 ], [ -71.678, 44.446 ], [ -71.859, 44.348 ], [ -72.02, 44.318 ], [ -72.055, 44.105 ], [ -72.118, 44.001 ], [ -72.101, 43.973 ], [ -72.181, 43.885 ], [ -72.214, 43.785 ], [ -72.306, 43.72 ], [ -72.333, 43.614 ], [ -72.392, 43.558 ], [ -72.404, 43.3 ], [ -72.438, 43.253 ], [ -72.471, 43.006 ], [ -72.522, 42.976 ], [ -72.555, 42.878 ], [ -72.467, 42.729 ], [ -73.276, 42.746 ], [ -73.247, 43.552 ], [ -73.309, 43.626 ], [ -73.352, 43.625 ], [ -73.407, 43.57 ], [ -73.425, 43.607 ], [ -73.363, 43.779 ], [ -73.439, 44.06 ], [ -73.381, 44.201 ], [ -73.325, 44.242 ], [ -73.333, 44.364 ], [ -73.293, 44.454 ], [ -73.377, 44.619 ], [ -73.336, 44.789 ], [ -73.378, 44.857 ], [ -73.337, 44.941 ], [ -73.351, 45.005 ] ] ] ] } },
{ "type": "Feature", "properties": { "code": "US-WA" }, "geometry": { "type": "MultiPolygon", "coordinates": [ [ [ [ -123.423, 46.188 ], [ -123.349, 46.166 ], [ -123.316, 46.149 ], [ -123.423, 46.188 ] ] ], [ [ [ -123.947, 46.449 ], [ -123.964, 46.407 ], [ -123.998, 46.453 ], [ -123.981, 46.497 ], [ -123.947, 46.449 ] ] ], [ [ [ -122.673, 47.155 ], [ -122.701, 47.124 ], [ -122.746, 47.154 ], [ -122.705, 47.182 ], [ -122.673, 47.155 ] ] ], [ [ [ -122.848, 47.22 ], [ -122.874, 47.168 ], [ -122.922, 47.229 ], [ -122.905, 47.278 ], [ -122.847, 47.298 ], [ -122.87, 47.243 ], [ -122.848, 47.22 ] ] ], [ [ [ -122.821, 48.473 ], [ -122.828, 48.417 ], [ -122.89, 48.424 ], [ -122.943, 48.476 ], [ -122.877, 48.566 ], [ -122.858, 48.473 ], [ -122.821, 48.473 ] ] ], [ [ [ -123.02, 48.499 ], [ -122.965, 48.451 ], [ -123.139, 48.496 ], [ -123.178, 48.599 ], [ -123.129, 48.62 ], [ -122.978, 48.531 ], [ -123.02, 48.499 ] ] ], [ [ [ -122.746, 48.664 ], [ -122.841, 48.621 ], [ -122.896, 48.7 ], [ -122.91, 48.658 ], [ -122.874, 48.594 ], [ -122.933, 48.593 ], [ -122.98, 48.639 ], [ -122.997, 48.597 ], [ -123.026, 48.636 ], [ -122.897, 48.712 ], [ -122.746, 48.664 ] ] ], [ [ [ -123.088, 48.972 ], [ -123.091, 48.993 ], [ -123.035, 48.992 ], [ -123.088, 48.972 ] ] ], [ [ [ -122.753, 48.993 ], [ -117.038, 48.993 ], [ -117.044, 46.378 ], [ -116.942, 46.26 ], [ -116.909, 46.162 ], [ -116.961, 46.105 ], [ -116.879, 46.001 ], [ -119.002, 46.0 ], [ -119.093, 45.949 ], [ -119.575, 45.928 ], [ -119.662, 45.872 ], [ -119.934, 45.838 ], [ -120.23, 45.737 ], [ -120.47, 45.71 ], [ -120.631, 45.729 ], [ -120.9, 45.642 ], [ -121.039, 45.653 ], [ -121.155, 45.622 ], [ -121.204, 45.685 ], [ -121.272, 45.709 ], [ -121.793, 45.721 ], [ -122.261, 45.566 ], [ -122.722, 45.649 ], [ -122.807, 45.978 ], [ -122.892, 46.092 ], [ -122.967, 46.136 ], [ -123.112, 46.186 ], [ -123.298, 46.152 ], [ -123.456, 46.267 ], [ -123.603, 46.26 ], [ -123.693, 46.305 ], [ -123.873, 46.24 ], [ -124.009, 46.313 ], [ -124.076, 46.268 ], [ -124.072, 46.643 ], [ -124.036, 46.631 ], [ -124.018, 46.569 ], [ -124.014, 46.385 ], [ -123.958, 46.378 ], [ -123.927, 46.44 ], [ -123.847, 46.397 ], [ -123.841, 46.416 ], [ -123.936, 46.472 ], [ -123.896, 46.544 ], [ -123.956, 46.623 ], [ -123.895, 46.603 ], [ -123.923, 46.658 ], [ -123.877, 46.692 ], [ -123.826, 46.692 ], [ -123.812, 46.663 ], [ -123.764, 46.678 ], [ -123.9, 46.747 ], [ -123.976, 46.741 ], [ -123.973, 46.701 ], [ -124.093, 46.743 ], [ -124.127, 46.899 ], [ -124.091, 46.9 ], [ -124.072, 46.843 ], [ -124.021, 46.832 ], [ -124.032, 46.87 ], [ -124.057, 46.862 ], [ -124.047, 46.891 ], [ -123.813, 46.959 ], [ -124.013, 46.984 ], [ -124.028, 47.028 ], [ -124.117, 47.043 ], [ -124.148, 47.024 ], [ -124.106, 46.933 ], [ -124.178, 46.926 ], [ -124.2, 47.187 ], [ -124.299, 47.348 ], [ -124.272, 47.343 ], [ -124.318, 47.357 ], [ -124.423, 47.742 ], [ -124.483, 47.813 ], [ -124.61, 47.875 ], [ -124.672, 47.991 ], [ -124.735, 48.17 ], [ -124.689, 48.213 ], [ -124.706, 48.246 ], [ -124.661, 48.32 ], [ -124.728, 48.388 ], [ -124.575, 48.37 ], [ -123.971, 48.166 ], [ -123.247, 48.115 ], [ -123.15, 48.177 ], [ -123.108, 48.184 ], [ -123.161, 48.152 ], [ -123.063, 48.118 ], [ -123.008, 48.039 ], [ -122.999, 48.092 ], [ -122.927, 48.095 ], [ -122.857, 48.03 ], [ -122.873, 47.994 ], [ -122.825, 48.035 ], [ -122.878, 48.107 ], [ -122.77, 48.141 ], [ -122.75, 48.117 ], [ -122.792, 48.083 ], [ -122.62, 47.878 ], [ -122.676, 47.862 ], [ -122.8, 47.68 ], [ -122.829, 47.694 ], [ -122.806, 47.843 ], [ -122.839, 47.782 ], [ -122.856, 47.826 ], [ -122.839, 47.747 ], [ -123.119, 47.45 ], [ -123.161, 47.357 ], [ -123.074, 47.345 ], [ -122.839, 47.432 ], [ -123.052, 47.367 ], [ -123.114, 47.391 ], [ -122.949, 47.597 ], [ -122.764, 47.669 ], [ -122.734, 47.743 ], [ -122.624, 47.847 ], [ -122.571, 47.82 ], [ -122.613, 47.946 ], [ -122.528, 47.906 ], [ -122.504, 47.788 ], [ -122.468, 47.757 ], [ -122.558, 47.74 ], [ -122.596, 47.692 ], [ -122.661, 47.73 ], [ -122.592, 47.583 ], [ -122.617, 47.574 ], [ -122.682, 47.652 ], [ -122.697, 47.623 ], [ -122.639, 47.577 ], [ -122.682, 47.528 ], [ -122.553, 47.583 ], [ -122.508, 47.52 ], [ -122.556, 47.392 ], [ -122.538, 47.371 ], [ -122.586, 47.336 ], [ -122.569, 47.264 ], [ -122.686, 47.301 ], [ -122.628, 47.38 ], [ -122.633, 47.405 ], [ -122.726, 47.339 ], [ -122.753, 47.281 ], [ -122.724, 47.233 ], [ -122.773, 47.173 ], [ -122.815, 47.251 ], [ -122.784, 47.315 ], [ -122.806, 47.398 ], [ -122.846, 47.316 ], [ -122.92, 47.278 ], [ -122.965, 47.181 ], [ -123.068, 47.146 ], [ -123.079, 47.13 ], [ -123.018, 47.13 ], [ -123.079, 47.096 ], [ -122.93, 47.174 ], [ -123.01, 47.083 ], [ -122.935, 47.13 ], [ -122.893, 47.047 ], [ -122.901, 47.13 ], [ -122.853, 47.165 ], [ -122.86, 47.13 ], [ -122.817, 47.166 ], [ -122.722, 47.089 ], [ -122.572, 47.209 ], [ -122.538, 47.316 ], [ -122.433, 47.265 ], [ -122.4, 47.281 ], [ -122.422, 47.316 ], [ -122.328, 47.357 ], [ -122.409, 47.575 ], [ -122.378, 47.596 ], [ -122.346, 47.562 ], [ -122.34, 47.599 ], [ -122.429, 47.66 ], [ -122.381, 47.72 ], [ -122.404, 47.798 ], [ -122.32, 47.942 ], [ -122.213, 47.987 ], [ -122.192, 48.026 ], [ -122.34, 48.09 ], [ -122.376, 48.213 ], [ -122.444, 48.232 ], [ -122.469, 48.177 ], [ -122.348, 48.054 ], [ -122.51, 48.147 ], [ -122.534, 48.25 ], [ -122.446, 48.261 ], [ -122.401, 48.235 ], [ -122.382, 48.297 ], [ -122.534, 48.375 ], [ -122.559, 48.434 ], [ -122.662, 48.406 ], [ -122.669, 48.473 ], [ -122.705, 48.486 ], [ -122.633, 48.516 ], [ -122.581, 48.458 ], [ -122.568, 48.489 ], [ -122.489, 48.455 ], [ -122.494, 48.529 ], [ -122.567, 48.585 ], [ -122.468, 48.555 ], [ -122.444, 48.603 ], [ -122.525, 48.692 ], [ -122.509, 48.756 ], [ -122.575, 48.78 ], [ -122.66, 48.723 ], [ -122.658, 48.777 ], [ -122.705, 48.788 ], [ -122.704, 48.827 ], [ -122.768, 48.874 ], [ -122.746, 48.918 ], [ -122.814, 48.952 ], [ -122.732, 48.959 ], [ -122.753, 48.993 ] ] ], [ [ [ -122.367, 47.384 ], [ -122.469, 47.336 ], [ -122.446, 47.401 ], [ -122.503, 47.332 ], [ -122.531, 47.357 ], [ -122.51, 47.456 ], [ -122.456, 47.501 ], [ -122.422, 47.409 ], [ -122.367, 47.384 ] ] ], [ [ [ -122.48, 47.587 ], [ -122.578, 47.602 ], [ -122.558, 47.714 ], [ -122.511, 47.696 ], [ -122.48, 47.587 ] ] ], [ [ [ -122.709, 48.102 ], [ -122.673, 48.024 ], [ -122.7, 48.008 ], [ -122.741, 48.074 ], [ -122.702, 48.049 ], [ -122.729, 48.097 ], [ -122.709, 48.102 ] ] ], [ [ [ -122.355, 47.942 ], [ -122.387, 47.905 ], [ -122.435, 47.91 ], [ -122.461, 47.978 ], [ -122.562, 47.987 ], [ -122.615, 48.075 ], [ -122.607, 48.154 ], [ -122.668, 48.151 ], [ -122.744, 48.206 ], [ -122.751, 48.25 ], [ -122.657, 48.385 ], [ -122.596, 48.402 ], [ -122.518, 48.294 ], [ -122.594, 48.308 ], [ -122.651, 48.25 ], [ -122.724, 48.234 ], [ -122.581, 48.188 ], [ -122.536, 48.006 ], [ -122.514, 48.091 ], [ -122.381, 48.016 ], [ -122.355, 47.942 ] ] ], [ [ [ -122.686, 48.557 ], [ -122.723, 48.548 ], [ -122.727, 48.602 ], [ -122.703, 48.6 ], [ -122.686, 48.557 ] ] ], [ [ [ -122.613, 48.648 ], [ -122.717, 48.715 ], [ -122.715, 48.739 ], [ -122.628, 48.677 ], [ -122.613, 48.648 ] ] ] ] } },
{ "type": "Feature", "properties": { "code": "US-WI" }, "geometry": { "type": "MultiPolygon", "coordinates": [ [ [ [ -86.764, 45.444 ], [ -86.251, 45.236 ], [ -86.498, 45.076 ], [ -86.715, 44.845 ], [ -86.891, 44.466 ], [ -87.061, 43.97 ], [ -87.114, 43.765 ], [ -87.147, 43.38 ], [ -87.019, 42.496 ], [ -90.641, 42.512 ], [ -90.626, 42.544 ], [ -90.703, 42.655 ], [ -91.01, 42.716 ], [ -91.08, 42.792 ], [ -91.092, 42.871 ], [ -91.141, 42.928 ], [ -91.168, 43.16 ], [ -91.086, 43.317 ], [ -91.209, 43.373 ], [ -91.248, 43.463 ], [ -91.243, 43.74 ], [ -91.295, 43.919 ], [ -91.361, 43.945 ], [ -91.414, 44.018 ], [ -91.65, 44.068 ], [ -91.817, 44.163 ], [ -91.95, 44.336 ], [ -92.103, 44.437 ], [ -92.286, 44.471 ], [ -92.394, 44.58 ], [ -92.585, 44.608 ], [ -92.82, 44.758 ], [ -92.758, 44.926 ], [ -92.802, 45.078 ], [ -92.75, 45.126 ], [ -92.759, 45.283 ], [ -92.663, 45.426 ], [ -92.751, 45.559 ], [ -92.883, 45.576 ], [ -92.902, 45.611 ], [ -92.891, 45.704 ], [ -92.768, 45.805 ], [ -92.704, 45.913 ], [ -92.429, 46.033 ], [ -92.363, 46.027 ], [ -92.293, 46.083 ], [ -92.289, 46.663 ], [ -92.215, 46.664 ], [ -92.197, 46.711 ], [ -92.11, 46.769 ], [ -91.965, 46.729 ], [ -91.468, 46.924 ], [ -90.654, 47.308 ], [ -89.958, 47.286 ], [ -90.413, 46.584 ], [ -90.392, 46.548 ], [ -90.341, 46.557 ], [ -90.217, 46.498 ], [ -90.118, 46.341 ], [ -89.119, 46.148 ], [ -88.837, 46.036 ], [ -88.631, 46.006 ], [ -88.529, 46.025 ], [ -88.123, 45.931 ], [ -88.086, 45.877 ], [ -88.11, 45.803 ], [ -87.902, 45.759 ], [ -87.803, 45.687 ], [ -87.804, 45.5 ], [ -87.866, 45.446 ], [ -87.882, 45.377 ], [ -87.849, 45.356 ], [ -87.689, 45.389 ], [ -87.661, 45.37 ], [ -87.735, 45.199 ], [ -87.654, 45.121 ], [ -87.436, 45.079 ], [ -87.403, 45.205 ], [ -87.199, 45.323 ], [ -87.092, 45.444 ], [ -86.764, 45.444 ] ] ] ] } },
{ "type": "Feature", "properties": { "code": "US-WV" }, "geometry": { "type": "MultiPolygon", "coordinates": [ [ [ [ -82.589, 38.419 ], [ -82.332, 38.444 ], [ -82.277, 38.588 ], [ -82.177, 38.612 ], [ -82.209, 38.786 ], [ -82.058, 39.003 ], [ -82.003, 39.022 ], [ -81.937, 38.991 ], [ -81.902, 38.874 ], [ -81.824, 38.954 ], [ -81.764, 38.937 ], [ -81.777, 39.035 ], [ -81.818, 39.08 ], [ -81.755, 39.105 ], [ -81.754, 39.178 ], [ -81.682, 39.271 ], [ -81.581, 39.275 ], [ -81.554, 39.344 ], [ -81.463, 39.407 ], [ -81.421, 39.406 ], [ -81.369, 39.351 ], [ -81.227, 39.398 ], [ -80.875, 39.629 ], [ -80.836, 39.72 ], [ -80.871, 39.771 ], [ -80.797, 39.869 ], [ -80.802, 39.925 ], [ -80.759, 39.929 ], [ -80.735, 40.08 ], [ -80.601, 40.323 ], [ -80.629, 40.386 ], [ -80.605, 40.486 ], [ -80.677, 40.589 ], [ -80.623, 40.626 ], [ -80.52, 40.647 ], [ -80.519, 39.721 ], [ -79.477, 39.722 ], [ -79.486, 39.207 ], [ -79.29, 39.306 ], [ -79.103, 39.467 ], [ -79.048, 39.483 ], [ -78.958, 39.454 ], [ -78.808, 39.568 ], [ -78.775, 39.638 ], [ -78.738, 39.611 ], [ -78.751, 39.579 ], [ -78.683, 39.546 ], [ -78.469, 39.534 ], [ -78.433, 39.562 ], [ -78.455, 39.586 ], [ -78.406, 39.594 ], [ -78.424, 39.629 ], [ -78.28, 39.635 ], [ -78.205, 39.698 ], [ -78.133, 39.701 ], [ -77.992, 39.608 ], [ -77.847, 39.612 ], [ -77.837, 39.581 ], [ -77.88, 39.564 ], [ -77.86, 39.516 ], [ -77.839, 39.543 ], [ -77.821, 39.497 ], [ -77.771, 39.502 ], [ -77.806, 39.448 ], [ -77.739, 39.406 ], [ -77.735, 39.331 ], [ -77.836, 39.144 ], [ -78.336, 39.445 ], [ -78.354, 39.342 ], [ -78.409, 39.269 ], [ -78.42, 39.157 ], [ -78.581, 38.99 ], [ -78.674, 38.926 ], [ -78.743, 38.93 ], [ -78.868, 38.788 ], [ -78.999, 38.842 ], [ -79.196, 38.524 ], [ -79.29, 38.424 ], [ -79.507, 38.48 ], [ -79.547, 38.564 ], [ -79.649, 38.588 ], [ -79.695, 38.437 ], [ -79.797, 38.315 ], [ -79.795, 38.274 ], [ -79.917, 38.179 ], [ -80.0, 38.002 ], [ -80.207, 37.815 ], [ -80.285, 37.685 ], [ -80.225, 37.622 ], [ -80.306, 37.564 ], [ -80.29, 37.514 ], [ -80.458, 37.428 ], [ -80.504, 37.47 ], [ -80.744, 37.382 ], [ -80.86, 37.421 ], [ -80.871, 37.336 ], [ -80.948, 37.295 ], [ -81.224, 37.244 ], [ -81.363, 37.335 ], [ -81.417, 37.274 ], [ -81.584, 37.205 ], [ -81.835, 37.292 ], [ -81.927, 37.371 ], [ -81.933, 37.436 ], [ -81.982, 37.468 ], [ -81.957, 37.531 ], [ -82.116, 37.563 ], [ -82.292, 37.683 ], [ -82.425, 37.898 ], [ -82.482, 37.937 ], [ -82.47, 37.981 ], [ -82.631, 38.153 ], [ -82.572, 38.248 ], [ -82.589, 38.419 ] ] ] ] } },
{ "type": "Feature", "properties": { "code": "US-WY" }, "geometry": { "type": "MultiPolygon", "coordinates": [ [ [ [ -111.05, 41.0 ], [ -111.051, 45.0 ], [ -104.057, 45.0 ], [ -104.054, 41.0 ], [ -111.05, 41.0 ] ] ] ] } }
]
}
